{
	"name": "csv_snowflake",
	"properties": {
		"linkedServiceName": {
			"referenceName": "LS_ADLS",
			"type": "LinkedServiceReference",
			"parameters": {
				"StorageAccountURL": "https://devcdpadlsae1.dfs.core.windows.net",
				"StorageAccountSecret": "adlscdpaccountkey"
			}
		},
		"folder": {
			"name": "CSV"
		},
		"annotations": [],
		"type": "DelimitedText",
		"typeProperties": {
			"location": {
				"type": "AzureBlobFSLocation",
				"fileName": "person2.csv",
				"fileSystem": "test"
			},
			"columnDelimiter": ",",
			"rowDelimiter": "\r\n",
			"escapeChar": "\\",
			"firstRowAsHeader": true,
			"quoteChar": "\""
		},
		"schema": [
			{
				"name": "Name",
				"type": "String"
			},
			{
				"name": "Age",
				"type": "String"
			},
			{
				"name": "Email",
				"type": "String"
			},
			{
				"name": "Phone",
				"type": "String"
			}
		]
	}
}