{
	"name": "DS_AZSQL_TGT_Generic_ACC",
	"properties": {
		"description": "AZ SQL Generic Dataset",
		"linkedServiceName": {
			"referenceName": "LS_AZSQL_MI_ACC",
			"type": "LinkedServiceReference",
			"parameters": {
				"KVConStrSecretName_ACC": {
					"value": "@dataset().KVConStrSecretName_ACC",
					"type": "Expression"
				},
				"DatabaseName_ACC": {
					"value": "@dataset().DatabaseName_ACC",
					"type": "Expression"
				}
			}
		},
		"parameters": {
			"SchemaName_ACC": {
				"type": "string"
			},
			"TableName_ACC": {
				"type": "string"
			},
			"KVConStrSecretName_ACC": {
				"type": "string",
				"defaultValue": "az-sql-mi-admin-password"
			},
			"DatabaseName_ACC": {
				"type": "string",
				"defaultValue": "ADM_CONFIG"
			}
		},
		"folder": {
			"name": "AZSQL CDP"
		},
		"annotations": [],
		"type": "AzureSqlTable",
		"schema": [],
		"typeProperties": {
			"schema": {
				"value": "@dataset().SchemaName_ACC",
				"type": "Expression"
			},
			"table": {
				"value": "@dataset().TableName_ACC",
				"type": "Expression"
			}
		}
	},
	"type": "Microsoft.DataFactory/factories/datasets"
}