{
	"name": "DS_AZSQL_TGT_Generic_Query",
	"properties": {
		"description": "AZ SQL Generic Dataset for Query Source",
		"linkedServiceName": {
			"referenceName": "LS_AZSQL_CDP",
			"type": "LinkedServiceReference",
			"parameters": {
				"KVConStrSecretName": {
					"value": "@dataset().KVConStrSecretName",
					"type": "Expression"
				},
				"DatabaseName": {
					"value": "@dataset().DatabaseName",
					"type": "Expression"
				}
			}
		},
		"parameters": {
			"DatabaseName": {
				"type": "string",
				"defaultValue": "ADM_CONFIG"
			},
			"KVConStrSecretName": {
				"type": "string",
				"defaultValue": "az-sql-mi-admin-password"
			}
		},
		"folder": {
			"name": "AZSQL CDP"
		},
		"annotations": [],
		"type": "AzureSqlTable",
		"schema": []
	},
	"type": "Microsoft.DataFactory/factories/datasets"
}