{
	"name": "DS_ADLS_Parquet_NoFIle",
	"properties": {
		"linkedServiceName": {
			"referenceName": "LS_ADLS",
			"type": "LinkedServiceReference",
			"parameters": {
				"StorageAccountURL": {
					"value": "@dataset().StorageAccountURL",
					"type": "Expression"
				},
				"StorageAccountSecret": {
					"value": "@dataset().PSecretName",
					"type": "Expression"
				}
			}
		},
		"parameters": {
			"FolderName": {
				"type": "string",
				"defaultValue": "trakcare/export/parquet"
			},
			"StorageAccountURL": {
				"type": "string",
				"defaultValue": "https://devcdpadlsae1.dfs.core.windows.net"
			},
			"ContainerName": {
				"type": "string",
				"defaultValue": "silver"
			},
			"PSecretName": {
				"type": "string",
				"defaultValue": "adlscdpaccountkey"
			}
		},
		"folder": {
			"name": "ADLS"
		},
		"annotations": [],
		"type": "Parquet",
		"typeProperties": {
			"location": {
				"type": "AzureBlobFSLocation",
				"folderPath": {
					"value": "@dataset().FolderName",
					"type": "Expression"
				},
				"fileSystem": {
					"value": "@dataset().ContainerName",
					"type": "Expression"
				}
			},
			"compressionCodec": "snappy"
		},
		"schema": []
	},
	"type": "Microsoft.DataFactory/factories/datasets"
}