{
	"name": "DS_AZSQL_TGT_Generic",
	"properties": {
		"description": "AZ SQL Generic Dataset",
		"linkedServiceName": {
			"referenceName": "LS_AZSQL_CDP",
			"type": "LinkedServiceReference",
			"parameters": {
				"KVConStrSecretName": {
					"value": "@dataset().KVConStrSecretName",
					"type": "Expression"
				},
				"DatabaseName": {
					"value": "@dataset().DatabaseName",
					"type": "Expression"
				}
			}
		},
		"parameters": {
			"SchemaName": {
				"type": "string"
			},
			"TableName": {
				"type": "string"
			},
			"KVConStrSecretName": {
				"type": "string",
				"defaultValue": "az-sql-mi-admin-password"
			},
			"DatabaseName": {
				"type": "string",
				"defaultValue": "ADM_CONFIG"
			}
		},
		"folder": {
			"name": "AZSQL CDP"
		},
		"annotations": [],
		"type": "AzureSqlTable",
		"schema": [],
		"typeProperties": {
			"schema": {
				"value": "@dataset().SchemaName",
				"type": "Expression"
			},
			"table": {
				"value": "@dataset().TableName",
				"type": "Expression"
			}
		}
	},
	"type": "Microsoft.DataFactory/factories/datasets"
}