{
	"name": "DS_AZDBR_Delta",
	"properties": {
		"linkedServiceName": {
			"referenceName": "LS_AZDBR_DeltaLake",
			"type": "LinkedServiceReference"
		},
		"parameters": {
			"dsp_database_name": {
				"type": "string",
				"defaultValue": "silver"
			},
			"dsp_table_name": {
				"type": "string",
				"defaultValue": "ta_s_ward"
			}
		},
		"folder": {
			"name": "Delta"
		},
		"annotations": [],
		"type": "AzureDatabricksDeltaLakeDataset",
		"typeProperties": {
			"database": {
				"value": "@dataset().dsp_database_name",
				"type": "Expression"
			},
			"table": {
				"value": "@dataset().dsp_table_name",
				"type": "Expression"
			}
		},
		"schema": []
	}
}