{
	"name": "DS_AZSQLDB_TGT_Generic",
	"properties": {
		"linkedServiceName": {
			"referenceName": "LS_AZSQLDB_CDP",
			"type": "LinkedServiceReference"
		},
		"parameters": {
			"SchemaName": {
				"type": "string"
			},
			"TableName": {
				"type": "string"
			}
		},
		"folder": {
			"name": "AZSQL CDP"
		},
		"annotations": [],
		"type": "AzureSqlTable",
		"schema": [],
		"typeProperties": {
			"schema": {
				"value": "@dataset().SchemaName",
				"type": "Expression"
			},
			"table": {
				"value": "@dataset().TableName",
				"type": "Expression"
			}
		}
	}
}