{
	"name": "DS_ADLS_Excel",
	"properties": {
		"linkedServiceName": {
			"referenceName": "LS_ADLS",
			"type": "LinkedServiceReference",
			"parameters": {
				"StorageAccountURL": {
					"value": "@dataset().PStorageAccountURL",
					"type": "Expression"
				},
				"StorageAccountSecret": {
					"value": "@dataset().PSecretName",
					"type": "Expression"
				}
			}
		},
		"parameters": {
			"PContainerName": {
				"type": "string",
				"defaultValue": "medirota"
			},
			"PFolderPath": {
				"type": "string",
				"defaultValue": "people/2022/03/25/14:33"
			},
			"PFileName": {
				"type": "string",
				"defaultValue": "people_adhbadultcardio"
			},
			"PKeyVaultURL": {
				"type": "string",
				"defaultValue": "https://devcdpkvae1.vault.azure.net/"
			},
			"PStorageAccountURL": {
				"type": "string",
				"defaultValue": "https://devcdpadlsae1.dfs.core.windows.net"
			},
			"PSecretName": {
				"type": "string",
				"defaultValue": "adlscdpaccountkey"
			}
		},
		"folder": {
			"name": "ADLS"
		},
		"annotations": [],
		"type": "Excel",
		"typeProperties": {
			"sheetName": {
				"value": "sheet1",
				"type": "Expression"
			},
			"location": {
				"type": "AzureBlobFSLocation",
				"fileName": {
					"value": "@dataset().PFileName",
					"type": "Expression"
				},
				"folderPath": {
					"value": "@dataset().PFolderPath",
					"type": "Expression"
				},
				"fileSystem": {
					"value": "@dataset().PContainerName",
					"type": "Expression"
				}
			},
			"firstRowAsHeader": true
		},
		"schema": []
	},
	"type": "Microsoft.DataFactory/factories/datasets"
}