{
	"name": "DS_AZSQL_Generic_Query",
	"properties": {
		"linkedServiceName": {
			"referenceName": "LS_AZSQL_CDP",
			"type": "LinkedServiceReference",
			"parameters": {
				"KVConStrSecretName": {
					"value": "@dataset().KVConStrSecretName",
					"type": "Expression"
				},
				"DatabaseName": {
					"value": "@dataset().DatabaseName",
					"type": "Expression"
				}
			}
		},
		"parameters": {
			"DatabaseName": {
				"type": "string",
				"defaultValue": "ADM_CONFIG"
			},
			"KVConStrSecretName": {
				"type": "string",
				"defaultValue": "az-sql-mi-admin-password"
			},
			"ServerName": {
				"type": "string",
				"defaultValue": "dev-cdp-sqlmi-ae-1.792150d6ca9e.database.windows.net"
			}
		},
		"annotations": [],
		"type": "AzureSqlTable",
		"schema": []
	},
	"type": "Microsoft.DataFactory/factories/datasets"
}