{
	"name": "DS_ADLS_JSON_HPD",
	"properties": {
		"linkedServiceName": {
			"referenceName": "LS_ADLS",
			"type": "LinkedServiceReference",
			"parameters": {
				"StorageAccountURL": {
					"value": "@dataset().PStorageAccount",
					"type": "Expression"
				},
				"StorageAccountSecret": {
					"value": "adlscdpaccountkey",
					"type": "Expression"
				}
			}
		},
		"parameters": {
			"PContainerName": {
				"type": "string"
			},
			"PFolderPath": {
				"type": "string"
			},
			"PFileName": {
				"type": "string"
			},
			"PStorageAccount": {
				"type": "string",
				"defaultValue": "https://devcdpadlsae1.dfs.core.windows.net"
			},
			"PStorageAccountSecretName": {
				"type": "string",
				"defaultValue": "adlscdpaccountkey"
			}
		},
		"folder": {
			"name": "ADLS"
		},
		"annotations": [],
		"type": "Json",
		"typeProperties": {
			"location": {
				"type": "AzureBlobFSLocation",
				"fileName": {
					"value": "@dataset().PFileName",
					"type": "Expression"
				},
				"folderPath": {
					"value": "@dataset().PFolderPath",
					"type": "Expression"
				},
				"fileSystem": {
					"value": "@dataset().PContainerName",
					"type": "Expression"
				}
			}
		},
		"schema": {
			"type": "object",
			"properties": {
				"PipelinePurpose": {
					"type": "string"
				},
				"Wait": {
					"type": "string"
				}
			}
		}
	},
	"type": "Microsoft.DataFactory/factories/datasets"
}