{
	"name": "DS_ADLS_CSV_Generic_NoFile",
	"properties": {
		"linkedServiceName": {
			"referenceName": "LS_ADLS",
			"type": "LinkedServiceReference",
			"parameters": {
				"StorageAccountURL": {
					"value": "@dataset().PStorageAccount",
					"type": "Expression"
				},
				"StorageAccountSecret": {
					"value": "@dataset().PSecretName",
					"type": "Expression"
				}
			}
		},
		"parameters": {
			"PContainerName": {
				"type": "string"
			},
			"PFolderPath": {
				"type": "string"
			},
			"PStorageAccount": {
				"type": "string",
				"defaultValue": "https://devcdpadlsae1.dfs.core.windows.net"
			},
			"PSecretName": {
				"type": "string",
				"defaultValue": "adlscdpaccountkey"
			}
		},
		"folder": {
			"name": "ADLS"
		},
		"annotations": [],
		"type": "DelimitedText",
		"typeProperties": {
			"location": {
				"type": "AzureBlobFSLocation",
				"folderPath": {
					"value": "@dataset().PFolderPath",
					"type": "Expression"
				},
				"fileSystem": {
					"value": "@dataset().PContainerName",
					"type": "Expression"
				}
			},
			"columnDelimiter": ",",
			"escapeChar": "\\",
			"firstRowAsHeader": true,
			"quoteChar": "\""
		},
		"schema": []
	},
	"type": "Microsoft.DataFactory/factories/datasets"
}