{
	"name": "DS_CSV_MahieTaea",
	"properties": {
		"linkedServiceName": {
			"referenceName": "LS_HTTP_MahieTaea",
			"type": "LinkedServiceReference"
		},
		"parameters": {
			"PRelativeURL": {
				"type": "string"
			}
		},
		"folder": {
			"name": "Web"
		},
		"annotations": [],
		"type": "DelimitedText",
		"typeProperties": {
			"location": {
				"type": "HttpServerLocation",
				"relativeUrl": {
					"value": "@dataset().PRelativeURL",
					"type": "Expression"
				}
			},
			"columnDelimiter": ",",
			"escapeChar": "\\",
			"firstRowAsHeader": true,
			"quoteChar": "\""
		},
		"schema": []
	},
	"type": "Microsoft.DataFactory/factories/datasets"
}