{
	"name": "DS_DEL_XML_Generic",
	"properties": {
		"description": "Delimited Dataset for reading Raw XML From ADLS",
		"linkedServiceName": {
			"referenceName": "LS_ADLS",
			"type": "LinkedServiceReference",
			"parameters": {
				"StorageAccountURL": {
					"value": "@dataset().PStorageAccountURL",
					"type": "Expression"
				},
				"StorageAccountSecret": {
					"value": "@dataset().PLSSecretName",
					"type": "Expression"
				}
			}
		},
		"parameters": {
			"PContainerName": {
				"type": "string",
				"defaultValue": "medirota"
			},
			"PFolderPath": {
				"type": "string",
				"defaultValue": "people/2022/03/25/14:33"
			},
			"PFileName": {
				"type": "string",
				"defaultValue": "people_adhbadultcardio"
			},
			"PKeyVaultURL": {
				"type": "string",
				"defaultValue": "https://devcdpkvae1.vault.azure.net/"
			},
			"PStorageAccountURL": {
				"type": "string",
				"defaultValue": "https://devcdpadlsae1.dfs.core.windows.net"
			},
			"PLSSecretName": {
				"type": "string",
				"defaultValue": "adlscdpaccountkey"
			}
		},
		"folder": {
			"name": "ADLS"
		},
		"annotations": [],
		"type": "DelimitedText",
		"typeProperties": {
			"location": {
				"type": "AzureBlobFSLocation",
				"fileName": {
					"value": "@dataset().PFileName",
					"type": "Expression"
				},
				"folderPath": {
					"value": "@dataset().PFolderPath",
					"type": "Expression"
				},
				"fileSystem": {
					"value": "@dataset().PContainerName",
					"type": "Expression"
				}
			},
			"columnDelimiter": "\u0001",
			"rowDelimiter": {
				"value": "`",
				"type": "Expression"
			},
			"escapeChar": "\\",
			"quoteChar": ""
		},
		"schema": [
			{
				"type": "String"
			}
		]
	},
	"type": "Microsoft.DataFactory/factories/datasets"
}