{
	"name": "DS_HPD_ABS_CSV_Generic_File",
	"properties": {
		"linkedServiceName": {
			"referenceName": "LS_HPD_ABS",
			"type": "LinkedServiceReference",
			"parameters": {
				"HPD_StorageAccountName": {
					"value": "@dataset().PStorageAccount",
					"type": "Expression"
				},
				"HPD_StorageAccountSecret": {
					"value": "@dataset().PSecretName",
					"type": "Expression"
				}
			}
		},
		"parameters": {
			"PContainerName": {
				"type": "string",
				"defaultValue": "payroll"
			},
			"PStorageAccount": {
				"type": "string",
				"defaultValue": "devhpdimportsaae1"
			},
			"PSecretName": {
				"type": "string",
				"defaultValue": "abshpdaccountkey"
			},
			"PFileName": {
				"type": "string"
			}
		},
		"folder": {
			"name": "ADLS"
		},
		"annotations": [],
		"type": "DelimitedText",
		"typeProperties": {
			"location": {
				"type": "AzureBlobStorageLocation",
				"fileName": {
					"value": "@dataset().PFileName",
					"type": "Expression"
				},
				"container": {
					"value": "@dataset().PContainerName",
					"type": "Expression"
				}
			},
			"columnDelimiter": ",",
			"escapeChar": "\\",
			"firstRowAsHeader": true,
			"quoteChar": "\""
		},
		"schema": []
	},
	"type": "Microsoft.DataFactory/factories/datasets"
}