{
	"name": "DS_HTTP_JSON_MahieTaea",
	"properties": {
		"linkedServiceName": {
			"referenceName": "LS_HTTP_MahieTaea",
			"type": "LinkedServiceReference"
		},
		"parameters": {
			"PRelativeURL": {
				"type": "string",
				"defaultValue": "v1/commons/locations/multi_read"
			}
		},
		"folder": {
			"name": "HTTP"
		},
		"annotations": [],
		"type": "Json",
		"typeProperties": {
			"location": {
				"type": "HttpServerLocation",
				"relativeUrl": {
					"value": "@dataset().PRelativeURL",
					"type": "Expression"
				}
			}
		},
		"schema": {}
	},
	"type": "Microsoft.DataFactory/factories/datasets"
}