{
	"name": "DS_Leader_Payroll",
	"properties": {
		"linkedServiceName": {
			"referenceName": "LS_Networkdrive",
			"type": "LinkedServiceReference",
			"parameters": {
				"NetworkStorageAccount": {
					"value": "@dataset().PNetworkStorageAccount",
					"type": "Expression"
				},
				"NetworkStorageKey": {
					"value": "@dataset().PNetworkStorageKey",
					"type": "Expression"
				},
				"NetworkStorageHost": {
					"value": "@dataset().PNetworkStorageHost",
					"type": "Expression"
				}
			}
		},
		"parameters": {
			"PFolderPath": {
				"type": "string"
			},
			"PFileName": {
				"type": "string"
			},
			"PNetworkStorageAccount": {
				"type": "string"
			},
			"PNetworkStorageKey": {
				"type": "string"
			},
			"PNetworkStorageHost": {
				"type": "string"
			}
		},
		"folder": {
			"name": "SFTP"
		},
		"annotations": [],
		"type": "DelimitedText",
		"typeProperties": {
			"location": {
				"type": "FileServerLocation",
				"fileName": {
					"value": "@dataset().PFileName",
					"type": "Expression"
				},
				"folderPath": {
					"value": "@dataset().PFolderPath",
					"type": "Expression"
				}
			},
			"columnDelimiter": ",",
			"escapeChar": "\\",
			"firstRowAsHeader": true,
			"quoteChar": "\""
		},
		"schema": []
	}
}