{
	"name": "DS_MSSQL_OnPrem_Generic_Query",
	"properties": {
		"linkedServiceName": {
			"referenceName": "LS_MSSQL_OnPrem",
			"type": "LinkedServiceReference",
			"parameters": {
				"ServerName": {
					"value": "@dataset().ServerName",
					"type": "Expression"
				},
				"DatabaseName": {
					"value": "@dataset().DatabaseName",
					"type": "Expression"
				}
			}
		},
		"parameters": {
			"ServerName": {
				"type": "string",
				"defaultValue": "VHAL0CSS021AG01.healthcare.huarahi.health.govt.nz,2773"
			},
			"DatabaseName": {
				"type": "string",
				"defaultValue": "DA_CRDS"
			}
		},
		"folder": {
			"name": "OnPrem"
		},
		"annotations": [],
		"type": "SqlServerTable",
		"schema": []
	},
	"type": "Microsoft.DataFactory/factories/datasets"
}