{
	"name": "DS_MSSQL_OnPrem_Generic",
	"properties": {
		"linkedServiceName": {
			"referenceName": "LS_MSSQL_OnPrem",
			"type": "LinkedServiceReference",
			"parameters": {
				"ServerName": {
					"value": "@dataset().ServerName",
					"type": "Expression"
				},
				"DatabaseName": {
					"value": "@dataset().DatabaseName",
					"type": "Expression"
				},
				"SecretName": {
					"value": "@dataset().SecretName",
					"type": "Expression"
				}
			}
		},
		"parameters": {
			"SchemaName": {
				"type": "string",
				"defaultValue": "trendcare"
			},
			"TableName": {
				"type": "string",
				"defaultValue": "Ward"
			},
			"DatabaseName": {
				"type": "string",
				"defaultValue": "DA_CRDS"
			},
			"ServerName": {
				"type": "string",
				"defaultValue": "VHAL0CSS021AG01.healthcare.huarahi.health.govt.nz,2773"
			},
			"SecretName": {
				"type": "string",
				"defaultValue": "TBC"
			}
		},
		"folder": {
			"name": "OnPrem"
		},
		"annotations": [],
		"type": "SqlServerTable",
		"schema": [],
		"typeProperties": {
			"schema": {
				"value": "@dataset().SchemaName",
				"type": "Expression"
			},
			"table": {
				"value": "@dataset().TableName",
				"type": "Expression"
			}
		}
	},
	"type": "Microsoft.DataFactory/factories/datasets"
}