{
	"name": "DS_OnPremWindowsFolder",
	"properties": {
		"linkedServiceName": {
			"referenceName": "LS_Networkdrive",
			"type": "LinkedServiceReference",
			"parameters": {
				"NetworkStorageAccount": {
					"value": "@dataset().NetworkStorageAccount",
					"type": "Expression"
				},
				"NetworkStorageKey": {
					"value": "@dataset().NetworkStorageKey",
					"type": "Expression"
				},
				"NetworkStorageHost": {
					"value": "@dataset().NetworkStorageHost",
					"type": "Expression"
				}
			}
		},
		"parameters": {
			"NetworkStorageAccount": {
				"type": "string"
			},
			"NetworkStorageHost": {
				"type": "string"
			},
			"NetworkStorageKey": {
				"type": "string"
			},
			"FilePath": {
				"type": "string"
			},
			"FileName": {
				"type": "string"
			}
		},
		"folder": {
			"name": "OnPrem"
		},
		"annotations": [],
		"type": "Parquet",
		"typeProperties": {
			"location": {
				"type": "FileServerLocation",
				"fileName": {
					"value": "@dataset().FileName",
					"type": "Expression"
				},
				"folderPath": {
					"value": "@dataset().FilePath",
					"type": "Expression"
				}
			},
			"compressionCodec": "snappy"
		},
		"schema": []
	}
}