{
	"name": "DS_REST_MSPowerBI",
	"properties": {
		"linkedServiceName": {
			"referenceName": "LS_REST_MSPowerBI",
			"type": "LinkedServiceReference"
		},
		"parameters": {
			"EndpointUrl": {
				"type": "string",
				"defaultValue": "{EndpointName}"
			}
		},
		"folder": {
			"name": "REST"
		},
		"annotations": [],
		"type": "RestResource",
		"typeProperties": {
			"relativeUrl": {
				"value": "@dataset().EndpointUrl",
				"type": "Expression"
			}
		},
		"schema": []
	},
	"type": "Microsoft.DataFactory/factories/datasets"
}