{
	"name": "DS_SFTP_APHG",
	"properties": {
		"linkedServiceName": {
			"referenceName": "HPD_APHG_Lab",
			"type": "LinkedServiceReference"
		},
		"parameters": {
			"PFolderPath": {
				"type": "string"
			},
			"PFileName": {
				"type": "string"
			}
		},
		"folder": {
			"name": "SFTP"
		},
		"annotations": [],
		"type": "DelimitedText",
		"typeProperties": {
			"location": {
				"type": "SftpLocation",
				"fileName": {
					"value": "@dataset().PFileName",
					"type": "Expression"
				},
				"folderPath": {
					"value": "@dataset().PFolderPath",
					"type": "Expression"
				}
			},
			"columnDelimiter": ",",
			"escapeChar": "\\",
			"firstRowAsHeader": true,
			"quoteChar": "\""
		},
		"schema": [
			{
				"name": "facility_id",
				"type": "String"
			},
			{
				"name": "facility_name",
				"type": "String"
			},
			{
				"name": "address1",
				"type": "String"
			},
			{
				"name": "address2",
				"type": "String"
			},
			{
				"name": "address3",
				"type": "String"
			},
			{
				"name": "postcode",
				"type": "String"
			},
			{
				"name": "phone",
				"type": "String"
			},
			{
				"name": "lis_dhb",
				"type": "String"
			},
			{
				"name": "moh_dhb",
				"type": "String"
			},
			{
				"name": "moh_dhb_org_code",
				"type": "String"
			},
			{
				"name": "moh_dhb_name",
				"type": "String"
			},
			{
				"name": "pms_type",
				"type": "String"
			},
			{
				"name": "version",
				"type": "String"
			}
		]
	}
}