{
	"name": "DS_SFTP_PSE",
	"properties": {
		"description": "MoH Data files",
		"linkedServiceName": {
			"referenceName": "HPD_PSE_Payroll",
			"type": "LinkedServiceReference"
		},
		"parameters": {
			"PFolderPath": {
				"type": "string"
			},
			"PFileName": {
				"type": "string"
			}
		},
		"folder": {
			"name": "SFTP"
		},
		"annotations": [],
		"type": "DelimitedText",
		"typeProperties": {
			"location": {
				"type": "SftpLocation",
				"fileName": {
					"value": "@dataset().PFileName",
					"type": "Expression"
				},
				"folderPath": {
					"value": "@dataset().PFolderPath",
					"type": "Expression"
				}
			},
			"columnDelimiter": ",",
			"escapeChar": "\\",
			"firstRowAsHeader": true,
			"quoteChar": "\""
		},
		"schema": []
	}
}