{
  "explorationState": "{\"version\":\"1.8\",\"activeSection\":\"\",\"sections\":{\"ReportSection70107d40b2dba4966415\":{\"visualContainers\":{\"12dab5808683d7132e64\":{\"singleVisual\":{\"visualType\":\"textbox\",\"mobileObjects\":{\"general\":[{\"properties\":{\"paragraphs\":[{\"textRuns\":[{\"value\":\"Roster Planning - Mahi \",\"textStyle\":{\"fontWeight\":\"bold\",\"fontFamily\":\"Arial Black\",\"fontSize\":\"14pt\",\"color\":\"#15284c\"}},{\"value\":\"ē\",\"textStyle\":{\"fontFamily\":\"Arial Black\",\"fontSize\":\"14pt\",\"color\":\"#242424\"}},{\"value\":\" Taea\",\"textStyle\":{\"fontWeight\":\"bold\",\"fontFamily\":\"Arial Black\",\"fontSize\":\"14pt\",\"color\":\"#15284c\"}}],\"horizontalTextAlignment\":\"center\"},{\"textRuns\":[{\"value\":\"\"}]}]}}]}}},\"3e04361e454009c19984\":{\"singleVisual\":{\"visualType\":\"textbox\",\"mobileObjects\":{\"general\":[{\"properties\":{\"paragraphs\":[{\"textRuns\":[{\"value\":\"As at \",\"textStyle\":{\"fontSize\":\"10.6667px\",\"color\":\"#15284c\"}}]},{\"textRuns\":[{\"value\":\"\"}]},{\"textRuns\":[{\"value\":\"Data and Analytics (HIT)\",\"textStyle\":{\"color\":\"#15284c\"}}]}]}}]}}},\"159b7059549e90915ad7\":{\"singleVisual\":{\"visualType\":\"slicer\",\"mobileObjects\":{\"selection\":[{\"properties\":{\"strictSingleSelect\":{\"expr\":{\"Literal\":{\"Value\":\"true\"}}}}}]}}},\"9c3987f06c207bcd0482\":{\"singleVisual\":{\"visualType\":\"ChicletSlicer1448559807354\",\"mobileVcObjects\":{\"general\":[{\"properties\":{\"keepLayerOrder\":{\"expr\":{\"Literal\":{\"Value\":\"false\"}}}}}],\"background\":[{\"properties\":{}}],\"dropShadow\":[{\"properties\":{}}]},\"mobileObjects\":{\"general\":[{\"properties\":{}}],\"rows\":[{\"properties\":{\"transparency\":{\"expr\":{\"Literal\":{\"Value\":\"0D\"}}},\"background\":{\"solid\":{\"color\":{\"expr\":{\"ThemeDataColor\":{\"ColorId\":0,\"Percent\":0}}}}}}}]}}},\"b00d08c74fc2e76aebda\":{\"singleVisual\":{\"visualType\":\"ChicletSlicer1448559807354\",\"mobileObjects\":{\"general\":[{\"properties\":{\"rows\":{\"expr\":{\"Literal\":{\"Value\":\"2D\"}}},\"columns\":{\"expr\":{\"Literal\":{\"Value\":\"1D\"}}}}}],\"rows\":[{\"properties\":{\"textSize\":{\"expr\":{\"Literal\":{\"Value\":\"9D\"}}}}}]}}},\"36b25467c6c30f70529f\":{\"singleVisual\":{\"visualType\":\"ChicletSlicer1448559807354\",\"mobileObjects\":{\"general\":[{\"properties\":{\"columns\":{\"expr\":{\"Literal\":{\"Value\":\"2D\"}}},\"rows\":{\"expr\":{\"Literal\":{\"Value\":\"2D\"}}}}}]}}}}},\"ReportSectione6d7fa4e453057e8e86b\":{\"visualContainers\":{\"afc7e095d1e45b663201\":{\"singleVisual\":{\"visualType\":\"textbox\",\"mobileObjects\":{\"general\":[{\"properties\":{\"paragraphs\":[{\"textRuns\":[{\"value\":\"Roster Planning - Mahi \",\"textStyle\":{\"fontWeight\":\"bold\",\"fontFamily\":\"Arial Black\",\"fontSize\":\"12pt\",\"color\":\"#15284c\"}},{\"value\":\"ē\",\"textStyle\":{\"fontFamily\":\"Arial Black\",\"fontSize\":\"12pt\",\"color\":\"#242424\"}},{\"value\":\" Taea\",\"textStyle\":{\"fontWeight\":\"bold\",\"fontFamily\":\"Arial Black\",\"fontSize\":\"12pt\",\"color\":\"#15284c\"}}],\"horizontalTextAlignment\":\"center\"}]}}]}}},\"29c57a1a4529994062a3\":{\"singleVisual\":{\"visualType\":\"textbox\",\"mobileObjects\":{\"general\":[{\"properties\":{\"paragraphs\":[{\"textRuns\":[{\"value\":\"As at \",\"textStyle\":{\"fontSize\":\"10.6667px\",\"color\":\"#15284c\"}}]},{\"textRuns\":[{\"value\":\"\"}]},{\"textRuns\":[{\"value\":\"Data and Analytics (HIT)\",\"textStyle\":{\"color\":\"#15284c\"}}]}]}}]}}},\"766f4bca7ea393730054\":{\"singleVisual\":{\"visualType\":\"slicer\",\"mobileObjects\":{\"selection\":[{\"properties\":{\"strictSingleSelect\":{\"expr\":{\"Literal\":{\"Value\":\"true\"}}}}}]}}},\"9705c4562a1e91533719\":{\"singleVisual\":{\"visualType\":\"ChicletSlicer1448559807354\",\"mobileVcObjects\":{\"general\":[{\"properties\":{\"keepLayerOrder\":{\"expr\":{\"Literal\":{\"Value\":\"false\"}}}}}],\"background\":[{\"properties\":{}}],\"dropShadow\":[{\"properties\":{}}]},\"mobileObjects\":{\"general\":[{\"properties\":{}}],\"rows\":[{\"properties\":{\"transparency\":{\"expr\":{\"Literal\":{\"Value\":\"0D\"}}},\"background\":{\"solid\":{\"color\":{\"expr\":{\"ThemeDataColor\":{\"ColorId\":0,\"Percent\":0}}}}},\"width\":{\"expr\":{\"Literal\":{\"Value\":\"135D\"}}}}}]}}},\"3100d21f7d20061ab194\":{\"singleVisual\":{\"visualType\":\"ChicletSlicer1448559807354\",\"mobileObjects\":{\"general\":[{\"properties\":{\"rows\":{\"expr\":{\"Literal\":{\"Value\":\"2D\"}}},\"columns\":{\"expr\":{\"Literal\":{\"Value\":\"1D\"}}}}}],\"rows\":[{\"properties\":{\"textSize\":{\"expr\":{\"Literal\":{\"Value\":\"9D\"}}}}}]}}},\"6f38123fb197b93a71e7\":{\"singleVisual\":{\"visualType\":\"ChicletSlicer1448559807354\",\"mobileObjects\":{\"general\":[{\"properties\":{\"columns\":{\"expr\":{\"Literal\":{\"Value\":\"2D\"}}},\"rows\":{\"expr\":{\"Literal\":{\"Value\":\"2D\"}}}}}]}}}}},\"ReportSection8a5bc25554dccd968268\":{\"visualContainers\":{\"6745e39698a31117c635\":{\"singleVisual\":{\"visualType\":\"textbox\",\"mobileObjects\":{\"general\":[{\"properties\":{\"paragraphs\":[{\"textRuns\":[{\"value\":\"Workload Usage\",\"textStyle\":{\"fontWeight\":\"bold\",\"fontFamily\":\"Arial Black\",\"fontSize\":\"16pt\",\"color\":\"#15284c\"}}],\"horizontalTextAlignment\":\"center\"}]}}]}}},\"97321df2014260b52ddc\":{\"singleVisual\":{\"visualType\":\"textbox\",\"mobileObjects\":{\"general\":[{\"properties\":{\"paragraphs\":[{\"textRuns\":[{\"value\":\"The table below provides information about the Workload Planner Status for Mahi \"},{\"value\":\"ē\",\"textStyle\":{\"color\":\"#242424\"}},{\"value\":\" Taea Staff Roster for a Ward within a Directorate. The Wards with Workload Planner Status as 'Not defined' will not show Coverage\"}],\"horizontalTextAlignment\":\"center\"}]}}]}}}}},\"ReportSectionad00b50410b96364e1a5\":{\"visualContainers\":{\"03e9dffebe5768820008\":{\"singleVisual\":{\"visualType\":\"textbox\",\"mobileObjects\":{\"general\":[{\"properties\":{\"paragraphs\":[{\"textRuns\":[{\"value\":\"Report Information\",\"textStyle\":{\"fontWeight\":\"bold\",\"fontFamily\":\"Arial Black\",\"fontSize\":\"16pt\",\"color\":\"#15284c\"}}],\"horizontalTextAlignment\":\"center\"},{\"textRuns\":[{\"value\":\"\"}]}]}}]}}},\"64cff9676124f6acf59b\":{\"singleVisual\":{\"visualType\":\"textbox\",\"mobileObjects\":{\"general\":[{\"properties\":{\"paragraphs\":[{\"textRuns\":[{\"value\":\"Name of the Dashboard/Report\",\"textStyle\":{\"fontWeight\":\"bold\",\"fontSize\":\"10pt\"}},{\"value\":\": Mahi \",\"textStyle\":{\"fontSize\":\"10pt\"}},{\"value\":\"ē\",\"textStyle\":{\"fontSize\":\"10pt\",\"color\":\"#242424\"}},{\"value\":\" Taea Staff Roster Planning Dashboard\",\"textStyle\":{\"fontSize\":\"10pt\"}}],\"horizontalTextAlignment\":\"right\"},{\"textRuns\":[{\"value\":\"\"}]},{\"textRuns\":[{\"value\":\"Description\",\"textStyle\":{\"fontWeight\":\"bold\",\"fontSize\":\"10pt\"}},{\"value\":\": The dashboard provides information sourced from Mahi \",\"textStyle\":{\"fontSize\":\"10pt\"}},{\"value\":\"ē\",\"textStyle\":{\"fontSize\":\"10pt\",\"color\":\"#242424\"}},{\"value\":\" Taea about the number of staff members scheduled, compared to the number of staff members planned for a ward within a time zone on the specified date. The information can be viewed at a Directorate level (Directorate View) as well as down to Ward level (Ward View). The dashboard allows users to filter the data by role groups (Nursing, Allied Health, Medical, Support) and slice it further to a specified role.\",\"textStyle\":{\"fontSize\":\"10pt\"}}],\"horizontalTextAlignment\":\"right\"},{\"textRuns\":[{\"value\":\"\"}]},{\"textRuns\":[{\"value\":\"The tooltip on the dashboard provides information about the number of staff members on leave by leave type (Planned, Unplanned, Covid and Other) within a time zone on a specified date.  \",\"textStyle\":{\"fontSize\":\"10pt\"}}],\"horizontalTextAlignment\":\"right\"},{\"textRuns\":[{\"value\":\"\"}]},{\"textRuns\":[{\"value\":\"Owner\",\"textStyle\":{\"fontWeight\":\"bold\",\"fontSize\":\"10pt\"}},{\"value\":\": Data & Analytics/Health Information & Technology Service. Email: \",\"textStyle\":{\"fontSize\":\"10pt\"}},{\"value\":\"ADHBBI@adhb.govt.nz\",\"textStyle\":{\"fontSize\":\"11pt\"},\"url\":\"mailto:ADHBBI@adhb.govt.nz\"}],\"horizontalTextAlignment\":\"right\"},{\"textRuns\":[{\"value\":\"\"}]},{\"textRuns\":[{\"value\":\"Definition of Measures and KPIs\",\"textStyle\":{\"fontWeight\":\"bold\",\"fontSize\":\"10pt\"}},{\"value\":\":\",\"textStyle\":{\"fontSize\":\"10pt\"}}],\"horizontalTextAlignment\":\"right\"},{\"textRuns\":[{\"value\":\"'Staff Scheduled / Staff Planned' - Count of staff members scheduled compared to staff members planned sourced from Mahi \",\"textStyle\":{\"fontSize\":\"10pt\"}},{\"value\":\"ē\",\"textStyle\":{\"fontSize\":\"10pt\",\"color\":\"#242424\"}},{\"value\":\" Taea\",\"textStyle\":{\"fontSize\":\"10pt\"}}],\"horizontalTextAlignment\":\"right\"},{\"textRuns\":[{\"value\":\"\"}]},{\"textRuns\":[{\"value\":\"The background color indicates the nature of staff allocation, see below:\",\"textStyle\":{\"fontSize\":\"10pt\"}}],\"horizontalTextAlignment\":\"right\"},{\"textRuns\":[{\"value\":\"            Scheduled Staff Count is less than 80% Planned Staff Count\",\"textStyle\":{\"fontSize\":\"10pt\"}}],\"horizontalTextAlignment\":\"right\"},{\"textRuns\":[{\"value\":\"            Scheduled Staff Count is 80% to 100% of the Planned Staff Count\",\"textStyle\":{\"fontSize\":\"10pt\"}}],\"horizontalTextAlignment\":\"right\"},{\"textRuns\":[{\"value\":\"            Scheduled Staff Count equals Planned Staff Count\",\"textStyle\":{\"fontSize\":\"10pt\"}}],\"horizontalTextAlignment\":\"right\"},{\"textRuns\":[{\"value\":\"            Scheduled Staff Count exceeds Planned Staff Count by 20% or less\\t\",\"textStyle\":{\"fontSize\":\"10pt\"}}],\"horizontalTextAlignment\":\"right\"},{\"textRuns\":[{\"value\":\"\\t\\t\\t   \"},{\"value\":\"Scheduled Staff Count exceeds Planned Staff Count by more than 20%\",\"textStyle\":{\"fontSize\":\"13.3333px\"}}],\"horizontalTextAlignment\":\"right\"},{\"textRuns\":[{\"value\":\"\"}]},{\"textRuns\":[{\"value\":\"Definition of Terms/Acronyms\",\"textStyle\":{\"fontWeight\":\"bold\",\"fontSize\":\"10pt\"}},{\"value\":\":\",\"textStyle\":{\"fontSize\":\"10pt\"}}],\"horizontalTextAlignment\":\"right\"},{\"textRuns\":[{\"value\":\"The count of Staff members on Leave is grouped into 4 Leave Groups - Planned Leave, Unplanned Leave, Covid Leave and Other. The mapping of individual Paycode Names (Leave Codes) in Mahi \",\"textStyle\":{\"fontSize\":\"10pt\"}},{\"value\":\"ē\",\"textStyle\":{\"fontSize\":\"10pt\",\"color\":\"#242424\"}},{\"value\":\" Taea to the 4 Leave Groups is as follows:\",\"textStyle\":{\"fontSize\":\"10pt\"}}],\"horizontalTextAlignment\":\"right\"}]}}]}}}}}}}",
  "objectId": "",
  "type": 4
}