{
  "explorationState": "{\"version\":\"1.8\",\"activeSection\":\"\",\"sections\":{\"ReportSection70107d40b2dba4966415\":{\"visualContainers\":{\"53ff71a7cb032a6508ab\":{\"singleVisual\":{\"visualType\":\"textbox\",\"mobileObjects\":{\"general\":[{\"properties\":{\"paragraphs\":[{\"textRuns\":[{\"value\":\"\"}],\"horizontalTextAlignment\":\"center\"},{\"textRuns\":[{\"value\":\"Directorate View\",\"textStyle\":{\"fontSize\":\"11pt\",\"color\":\"#15284c\"}}],\"horizontalTextAlignment\":\"center\"}]}}]}}},\"12dab5808683d7132e64\":{\"singleVisual\":{\"visualType\":\"textbox\",\"mobileObjects\":{\"general\":[{\"properties\":{\"paragraphs\":[{\"textRuns\":[{\"value\":\"Nursing & HCA Roster - TrendCare\",\"textStyle\":{\"fontWeight\":\"bold\",\"fontFamily\":\"Arial Black\",\"fontSize\":\"12pt\",\"color\":\"#15284c\"}}],\"horizontalTextAlignment\":\"center\"},{\"textRuns\":[{\"value\":\"\"}]}]}}]}}},\"3e04361e454009c19984\":{\"singleVisual\":{\"visualType\":\"textbox\",\"mobileObjects\":{\"general\":[{\"properties\":{\"paragraphs\":[{\"textRuns\":[{\"value\":\"As at \",\"textStyle\":{\"fontSize\":\"10.6667px\",\"color\":\"#15284c\"}}]},{\"textRuns\":[{\"value\":\"\"}]},{\"textRuns\":[{\"value\":\"Data and Analytics (HIT)\",\"textStyle\":{\"color\":\"#15284c\"}}]}]}}]}}},\"1cc0032348c7f6ffbfd8\":{\"singleVisual\":{\"visualType\":\"textbox\",\"mobileObjects\":{\"general\":[{\"properties\":{\"paragraphs\":[{\"textRuns\":[{\"value\":\"Legend : \",\"textStyle\":{\"fontFamily\":\"Arial Black\"}}]},{\"textRuns\":[{\"value\":\"Yellow \",\"textStyle\":{\"fontFamily\":\"Arial Black\"}},{\"value\":\"- Variance/FTE < -0:40 mins\"}]},{\"textRuns\":[{\"value\":\"Green \",\"textStyle\":{\"fontFamily\":\"Arial Black\"}},{\"value\":\"- Variance/FTE > -0.40 mins and > 0.40 mins over\"}]},{\"textRuns\":[{\"value\":\"Pink \",\"textStyle\":{\"fontFamily\":\"Arial Black\"}},{\"value\":\"- Variance/FTE > 0:40 mins over\"}]},{\"textRuns\":[{\"value\":\"\"}]},{\"textRuns\":[{\"value\":\"Key : \",\"textStyle\":{\"fontWeight\":\"bold\",\"fontFamily\":\"Arial Black\"}},{\"value\":\"AM Shift - AM | PM Shift\\t- PM | NT Shift\\t- Night\",\"textStyle\":{\"fontSize\":\"9pt\"}},{\"value\":\" \"}]}]}}]}}},\"511f17388f981372615b\":{\"singleVisual\":{\"visualType\":\"ChicletSlicer1448559807354\",\"mobileObjects\":{\"general\":[{\"properties\":{\"columns\":{\"expr\":{\"Literal\":{\"Value\":\"2D\"}}},\"rows\":{\"expr\":{\"Literal\":{\"Value\":\"2D\"}}}}}],\"rows\":[{\"properties\":{\"borderStyle\":{\"expr\":{\"Literal\":{\"Value\":\"'Square'\"}}}}}]}}}}},\"ReportSection614cc8a9a14ad1defa15\":{\"visualContainers\":{\"dc3418e9520cc926d795\":{\"singleVisual\":{\"visualType\":\"textbox\",\"mobileObjects\":{\"general\":[{\"properties\":{\"paragraphs\":[{\"textRuns\":[{\"value\":\"Nursing & HCA Roster - TrendCare\",\"textStyle\":{\"fontWeight\":\"bold\",\"fontFamily\":\"Arial Black\",\"fontSize\":\"12pt\",\"color\":\"#15284c\"}}],\"horizontalTextAlignment\":\"center\"},{\"textRuns\":[{\"value\":\"\"}]}]}}]}}},\"56db134f3dcd6b1fc6b4\":{\"singleVisual\":{\"visualType\":\"textbox\",\"mobileObjects\":{\"general\":[{\"properties\":{\"paragraphs\":[{\"textRuns\":[{\"value\":\"As at \",\"textStyle\":{\"fontSize\":\"10.6667px\",\"color\":\"#15284c\"}}]},{\"textRuns\":[{\"value\":\"\"}]},{\"textRuns\":[{\"value\":\"Data and Analytics (HIT)\",\"textStyle\":{\"color\":\"#15284c\"}}]}]}}]}}},\"dd46a56c7d52c7c73821\":{\"singleVisual\":{\"visualType\":\"textbox\",\"mobileObjects\":{\"general\":[{\"properties\":{\"paragraphs\":[{\"textRuns\":[{\"value\":\"Legend : \",\"textStyle\":{\"fontFamily\":\"Arial Black\"}}]},{\"textRuns\":[{\"value\":\"\"}]},{\"textRuns\":[{\"value\":\"\"}]},{\"textRuns\":[{\"value\":\"\"}]},{\"textRuns\":[{\"value\":\"\"}]},{\"textRuns\":[{\"value\":\"\"}]},{\"textRuns\":[{\"value\":\"\"}]},{\"textRuns\":[{\"value\":\"\"}]},{\"textRuns\":[{\"value\":\"\"}]},{\"textRuns\":[{\"value\":\"\"}]},{\"textRuns\":[{\"value\":\"Key : \",\"textStyle\":{\"fontWeight\":\"bold\",\"fontFamily\":\"Arial Black\"}},{\"value\":\"AM Shift - AM | PM Shift\\t- PM | NT Shift\\t- Night\",\"textStyle\":{\"fontSize\":\"9pt\"}},{\"value\":\" \"}]}]}}]}}},\"bed4e16cc68bda7aa52b\":{\"singleVisual\":{\"visualType\":\"ChicletSlicer1448559807354\",\"mobileObjects\":{\"general\":[{\"properties\":{\"columns\":{\"expr\":{\"Literal\":{\"Value\":\"2D\"}}},\"rows\":{\"expr\":{\"Literal\":{\"Value\":\"2D\"}}}}}],\"rows\":[{\"properties\":{\"borderStyle\":{\"expr\":{\"Literal\":{\"Value\":\"'Square'\"}}}}}]}}}}}}}",
  "objectId": "",
  "type": 4
}