{
	"name": "TRG_Common_Daily",
	"properties": {
		"annotations": [],
		"runtimeState": "Started",
		"pipelines": [
			{
				"pipelineReference": {
					"referenceName": "PL_Common_Tables",
					"type": "PipelineReference"
				},
				"parameters": {
					"PSourceSystem": "Common",
					"PBatchType": "Daily"
				}
			}
		],
		"type": "ScheduleTrigger",
		"typeProperties": {
			"recurrence": {
				"frequency": "Day",
				"interval": 1,
				"startTime": "2022-08-17T02:00:00",
				"timeZone": "New Zealand Standard Time"
			}
		}
	}
}