{
	"name": "TRG_PBIActivities_Hourly",
	"properties": {
		"annotations": [],
		"runtimeState": "Started",
		"pipelines": [
			{
				"pipelineReference": {
					"referenceName": "PL_PBI_Activities_DL",
					"type": "PipelineReference"
				},
				"parameters": {
					"KVSecretName": "AutomationServicePrincipal"
				}
			}
		],
		"type": "ScheduleTrigger",
		"typeProperties": {
			"recurrence": {
				"frequency": "Hour",
				"interval": 1,
				"startTime": "2022-09-01T01:07:00",
				"timeZone": "New Zealand Standard Time"
			}
		}
	}
}