{
	"name": "TRG_MahieTaea_Locations_Batching",
	"properties": {
		"annotations": [],
		"runtimeState": "Stopped",
		"pipelines": [
			{
				"pipelineReference": {
					"referenceName": "PL_MahieTaea_Locations_MultiRead",
					"type": "PipelineReference"
				},
				"parameters": {
					"PSourceSystem": "MahieTaea",
					"PTargetDatabase": "RDS_MAHI_E_TAEA",
					"PKVApiSecretName": "MahieTaeaLogin2",
					"PConfigDatabase": "ADM_CONFIG",
					"PKVMISQLSecretName": "az-sql-mi-admin-password",
					"PKVADLSSecretName": "adlscdpaccountkey"
				}
			}
		],
		"type": "ScheduleTrigger",
		"typeProperties": {
			"recurrence": {
				"frequency": "Day",
				"interval": 1,
				"startTime": "2022-09-20T06:10:00",
				"timeZone": "New Zealand Standard Time",
				"schedule": {
					"minutes": [
						15
					],
					"hours": [
						6
					]
				}
			}
		}
	}
}