{
	"name": "TRG_TuPonoAroha_Data_Load",
	"properties": {
		"annotations": [],
		"runtimeState": "Started",
		"pipelines": [
			{
				"pipelineReference": {
					"referenceName": "PL_TuPonoAroha_Data_Load_Main_Batch",
					"type": "PipelineReference"
				},
				"parameters": {
					"ConfigDatabaseName": "ADM_CONFIG",
					"PLSSecretName": "az-sql-mi-admin-password",
					"BatchType": "Load CT_",
					"EtlControlID": "0",
					"TrakCareSource": "DM",
					"MainBatch": "EDW"
				}
			}
		],
		"type": "ScheduleTrigger",
		"typeProperties": {
			"recurrence": {
				"frequency": "Day",
				"interval": 1,
				"startTime": "2023-05-28T09:26:00",
				"timeZone": "New Zealand Standard Time",
				"schedule": {
					"minutes": [
						1
					],
					"hours": [
						0
					]
				}
			}
		}
	}
}