{
	"name": "TRG_MahieTaea_RDS_Event",
	"properties": {
		"annotations": [],
		"runtimeState": "Stopped",
		"pipelines": [
			{
				"pipelineReference": {
					"referenceName": "PL_MahieTaea_Load_RDS",
					"type": "PipelineReference"
				},
				"parameters": {
					"PConfigDatabaseName": "ADM_CONFIG",
					"PTargetDatabaseName": "RDS_MAHI_E_TAEA",
					"PKVADLSSecretName": "adlscdpaccountkey",
					"PKVMIDBSecretName": "az-sql-mi-admin-password"
				}
			}
		],
		"type": "BlobEventsTrigger",
		"typeProperties": {
			"blobPathBeginsWith": "/bronze/blobs/MahieTaea/Trigger/Load_RDS/",
			"blobPathEndsWith": "MahieTaea_ADLS_to_AZSQL.json",
			"ignoreEmptyBlobs": true,
			"scope": "/subscriptions/785050c2-fb61-4fd3-86fb-6783764452dc/resourceGroups/dev-cdp-rg-ae-1/providers/Microsoft.Storage/storageAccounts/devcdpadlsae1",
			"events": [
				"Microsoft.Storage.BlobCreated"
			]
		}
	}
}