{
	"name": "TRG_StaffVaccination_Daily",
	"properties": {
		"annotations": [],
		"runtimeState": "Stopped",
		"pipelines": [
			{
				"pipelineReference": {
					"referenceName": "PL_Load_Staff_Vaccination",
					"type": "PipelineReference"
				}
			}
		],
		"type": "ScheduleTrigger",
		"typeProperties": {
			"recurrence": {
				"frequency": "Day",
				"interval": 1,
				"startTime": "2022-05-15T19:15:00",
				"timeZone": "New Zealand Standard Time",
				"schedule": {
					"minutes": [
						0
					],
					"hours": [
						11
					]
				}
			}
		}
	}
}