{
	"name": "TRG_EDW_0080_Load_RB_Finished",
	"properties": {
		"description": "EDW Batch Type \"Load RB_\" finished.This should trigger next EDW BatchType \"Load MR_\"",
		"annotations": [],
		"runtimeState": "Started",
		"pipelines": [
			{
				"pipelineReference": {
					"referenceName": "PL_TuPonoAroha_Data_Load_Main_Batch",
					"type": "PipelineReference"
				},
				"parameters": {
					"ConfigDatabaseName": "ADM_CONFIG",
					"PLSSecretName": "az-sql-mi-admin-password",
					"BatchType": "Load MR_",
					"EtlControlID": "0",
					"TrakCareSource": "DM",
					"MainBatch": "EDW"
				}
			}
		],
		"type": "BlobEventsTrigger",
		"typeProperties": {
			"blobPathBeginsWith": "/bronze/blobs/Trigger/Load_RDS/EDW/TrakCare/Load RB_/",
			"blobPathEndsWith": "Trakcare.json",
			"ignoreEmptyBlobs": true,
			"scope": "/subscriptions/785050c2-fb61-4fd3-86fb-6783764452dc/resourceGroups/dev-cdp-rg-ae-1/providers/Microsoft.Storage/storageAccounts/devcdpadlsae1",
			"events": [
				"Microsoft.Storage.BlobCreated"
			]
		}
	}
}