{
	"name": "TRG_Audit_RDS_To_CRDS_Event",
	"properties": {
		"description": "File event trigger to load Audit data from RDS to CRDS",
		"annotations": [],
		"runtimeState": "Started",
		"pipelines": [
			{
				"pipelineReference": {
					"referenceName": "PL_Audit_Load_CRDS",
					"type": "PipelineReference"
				}
			}
		],
		"type": "BlobEventsTrigger",
		"typeProperties": {
			"blobPathBeginsWith": "/silver/blobs/Trigger/Load_RDS/Audit/PBI_AD_RDS/",
			"blobPathEndsWith": "Audit_Load_RDS.json",
			"ignoreEmptyBlobs": true,
			"scope": "/subscriptions/785050c2-fb61-4fd3-86fb-6783764452dc/resourceGroups/dev-cdp-rg-ae-1/providers/Microsoft.Storage/storageAccounts/devcdpadlsae1",
			"events": [
				"Microsoft.Storage.BlobCreated"
			]
		}
	}
}