{
	"name": "TRG_EDW_0110_Load_TC_S_SEQ",
	"properties": {
		"description": "Trigger to execute pipelines for sequential notebook executions.",
		"annotations": [],
		"runtimeState": "Started",
		"pipelines": [
			{
				"pipelineReference": {
					"referenceName": "PL_TrakCare_RDS_to_Onperm_Sequential_Container",
					"type": "PipelineReference"
				}
			}
		],
		"type": "ScheduleTrigger",
		"typeProperties": {
			"recurrence": {
				"frequency": "Day",
				"interval": 1,
				"startTime": "2024-08-23T00:22:00",
				"timeZone": "New Zealand Standard Time",
				"schedule": {
					"minutes": [
						30
					],
					"hours": [
						3
					]
				}
			}
		}
	}
}