{
	"name": "TRG_IOC_HealthCheck",
	"properties": {
		"description": "Runs every 15 mins to verify Trigger file generation by the main IOC dataset refresh pipeline",
		"annotations": [],
		"runtimeState": "Stopped",
		"pipelines": [
			{
				"pipelineReference": {
					"referenceName": "IOC_PBI_DatasetRefresh_Check",
					"type": "PipelineReference"
				}
			}
		],
		"type": "ScheduleTrigger",
		"typeProperties": {
			"recurrence": {
				"frequency": "Minute",
				"interval": 15,
				"startTime": "2024-06-10T02:12:00",
				"timeZone": "New Zealand Standard Time"
			}
		}
	}
}