{
	"name": "TRG_LogToHelios_Hourly",
	"properties": {
		"description": "Checks the refresh status of our Azure SQL MI datasets, such as Medirota and then logs them to Helios Central log table",
		"annotations": [],
		"runtimeState": "Stopped",
		"pipelines": [
			{
				"pipelineReference": {
					"referenceName": "PL_LogToHeliosOnPrem",
					"type": "PipelineReference"
				},
				"parameters": {
					"Override": 1,
					"SourceSystem": "All"
				}
			}
		],
		"type": "ScheduleTrigger",
		"typeProperties": {
			"recurrence": {
				"frequency": "Hour",
				"interval": 1,
				"startTime": "2022-11-16T01:24:00",
				"timeZone": "New Zealand Standard Time"
			}
		}
	}
}