{
	"name": "TRG_Qualtrics_Weekly_Update",
	"properties": {
		"annotations": [],
		"runtimeState": "Started",
		"pipelines": [
			{
				"pipelineReference": {
					"referenceName": "PL_APIExtraction_to_SQL",
					"type": "PipelineReference"
				},
				"parameters": {
					"ContainerMountPoint": "mnt/devcdptfsaae1/",
					"ContainerKey": "kLs1hCfigosd3K2aUd9X5jy7ouAIe2DGe5g03XZvi9iwIMhephJFc6buNNlt3U0jX/FiCc91EslF+ASt/9t/rQ=="
				}
			}
		],
		"type": "ScheduleTrigger",
		"typeProperties": {
			"recurrence": {
				"frequency": "Week",
				"interval": 1,
				"startTime": "2024-03-12T16:00:00",
				"timeZone": "New Zealand Standard Time",
				"schedule": {
					"hours": [
						16
					],
					"weekDays": [
						"Monday"
					]
				}
			}
		}
	}
}