{
	"name": "TRG_DSU_into_Cloud",
	"properties": {
		"annotations": [],
		"runtimeState": "Started",
		"pipelines": [
			{
				"pipelineReference": {
					"referenceName": "PL_DSU_Maintained",
					"type": "PipelineReference"
				}
			}
		],
		"type": "ScheduleTrigger",
		"typeProperties": {
			"recurrence": {
				"frequency": "Day",
				"interval": 1,
				"startTime": "2024-03-03T22:51:00",
				"timeZone": "New Zealand Standard Time",
				"schedule": {
					"minutes": [
						30
					],
					"hours": [
						21
					]
				}
			}
		}
	}
}