{
	"name": "TRG_Trendcare_Event_MI",
	"properties": {
		"annotations": [],
		"runtimeState": "Stopped",
		"pipelines": [
			{
				"pipelineReference": {
					"referenceName": "PL_Trendcare_CRDS_Load",
					"type": "PipelineReference"
				},
				"parameters": {
					"ConfigDatabaseName": "ADM_CONFIG",
					"OnPremDatabaseName": "DA_CRDS",
					"OnPremServerName": "VHAL0CSS021AG01.healthcare.huarahi.health.govt.nz,2773",
					"TargetDatabaseName": "DA_CRDS",
					"TargetDatabaseKVSecret": "az-sql-mi-admin-password",
					"PStorageAccountSecret": "adlscdpaccountkey"
				}
			}
		],
		"type": "BlobEventsTrigger",
		"typeProperties": {
			"blobPathBeginsWith": "/bronze/blobs/Trendcare/Trigger/Load_RDS/",
			"blobPathEndsWith": ".json",
			"ignoreEmptyBlobs": true,
			"scope": "/subscriptions/785050c2-fb61-4fd3-86fb-6783764452dc/resourceGroups/dev-cdp-rg-ae-1/providers/Microsoft.Storage/storageAccounts/devcdpadlsae1",
			"events": [
				"Microsoft.Storage.BlobCreated"
			]
		}
	}
}