{
	"name": "TRG_TRAK_Refresh_On_SQLMI",
	"properties": {
		"annotations": [],
		"runtimeState": "Started",
		"pipelines": [
			{
				"pipelineReference": {
					"referenceName": "PL_TRAK_Refresh_On_SQLMI",
					"type": "PipelineReference"
				}
			}
		],
		"type": "ScheduleTrigger",
		"typeProperties": {
			"recurrence": {
				"frequency": "Day",
				"interval": 1,
				"startTime": "2024-02-19T21:04:00",
				"timeZone": "New Zealand Standard Time",
				"schedule": {
					"minutes": [
						30
					],
					"hours": [
						17
					]
				}
			}
		}
	}
}