{
	"name": "TRG_EDW_0070_Load_PA_Finished",
	"properties": {
		"description": "EDW Batch \"Load PA_\" finished. This should trigger batch \"Load RB_\"",
		"annotations": [],
		"runtimeState": "Started",
		"pipelines": [
			{
				"pipelineReference": {
					"referenceName": "PL_TuPonoAroha_Data_Load_Main_Batch",
					"type": "PipelineReference"
				},
				"parameters": {
					"ConfigDatabaseName": "ADM_CONFIG",
					"PLSSecretName": "az-sql-mi-admin-password",
					"BatchType": "Load RB_",
					"EtlControlID": "0",
					"TrakCareSource": "DM",
					"MainBatch": "EDW"
				}
			}
		],
		"type": "BlobEventsTrigger",
		"typeProperties": {
			"blobPathBeginsWith": "/bronze/blobs/Trigger/Load_RDS/EDW/TrakCare/Load PA_/",
			"blobPathEndsWith": "Trakcare.json",
			"ignoreEmptyBlobs": true,
			"scope": "/subscriptions/785050c2-fb61-4fd3-86fb-6783764452dc/resourceGroups/dev-cdp-rg-ae-1/providers/Microsoft.Storage/storageAccounts/devcdpadlsae1",
			"events": [
				"Microsoft.Storage.BlobCreated"
			]
		}
	}
}