{
	"name": "TRG_EDW_0000_Load_DSU_into_silver_db",
	"properties": {
		"annotations": [],
		"runtimeState": "Started",
		"pipelines": [
			{
				"pipelineReference": {
					"referenceName": "PL_TrakCare_RDS_to_Onperm",
					"type": "PipelineReference"
				},
				"parameters": {
					"LandingServerName": "VHAL0CSS021AG01.healthcare.huarahi.health.govt.nz,2773",
					"LandingDatabase": "EDW",
					"BatchType": "Load DSU silver_db",
					"FileName": "@triggerBody().FileName"
				}
			}
		],
		"type": "BlobEventsTrigger",
		"typeProperties": {
			"blobPathBeginsWith": "/bronze/blobs/Trigger/Load_RDS/EDW/TrakCare/Load DSU_/",
			"blobPathEndsWith": "Trakcare.json",
			"ignoreEmptyBlobs": true,
			"scope": "/subscriptions/785050c2-fb61-4fd3-86fb-6783764452dc/resourceGroups/dev-cdp-rg-ae-1/providers/Microsoft.Storage/storageAccounts/devcdpadlsae1",
			"events": [
				"Microsoft.Storage.BlobCreated"
			]
		}
	}
}