{
	"name": "TRG_Eclair_Daily",
	"properties": {
		"description": "Trigger to run PL_Eclari_Data_Load",
		"annotations": [],
		"runtimeState": "Stopped",
		"pipelines": [
			{
				"pipelineReference": {
					"referenceName": "PL_Eclair_Data_Load",
					"type": "PipelineReference"
				},
				"parameters": {
					"ConfigDatabaseName": "ADM_CONFIG",
					"SourceServerName": "VHAL0CSS021AG01.healthcare.huarahi.health.govt.nz,2773",
					"SourceDatabaseName": "ADHBSecure",
					"TargetADLS": "https://devcdpadlsae1.dfs.core.windows.net",
					"PLSSecretName": "adlscdpaccountkey"
				}
			}
		],
		"type": "ScheduleTrigger",
		"typeProperties": {
			"recurrence": {
				"frequency": "Day",
				"interval": 1,
				"startTime": "2022-09-09T00:00:00",
				"timeZone": "New Zealand Standard Time",
				"schedule": {
					"minutes": [
						0
					],
					"hours": [
						9
					]
				}
			}
		}
	}
}