{
	"name": "TRG_EDW_0030_Load_PTNT_Finished",
	"properties": {
		"description": "EDW Batch Load PTNT_ finished, which should trigger dim_patient and which should trigger batch \"Load RBC_\".",
		"annotations": [],
		"runtimeState": "Started",
		"pipelines": [
			{
				"pipelineReference": {
					"referenceName": "PL_TuPonoAroha_Data_Load_Main_Batch",
					"type": "PipelineReference"
				},
				"parameters": {
					"ConfigDatabaseName": "ADM_CONFIG",
					"PLSSecretName": "az-sql-mi-admin-password",
					"BatchType": "Load RBC_",
					"EtlControlID": "0",
					"TrakCareSource": "DM",
					"MainBatch": "EDW"
				}
			},
			{
				"pipelineReference": {
					"referenceName": "PL_TrakCare_RDS_to_Onperm",
					"type": "PipelineReference"
				},
				"parameters": {
					"LandingServerName": "VHAL0CSS021AG01.healthcare.huarahi.health.govt.nz,2773",
					"LandingDatabase": "EDW",
					"BatchType": "dim_PTNT",
					"FileName": "@triggerBody().FileName"
				}
			}
		],
		"type": "BlobEventsTrigger",
		"typeProperties": {
			"blobPathBeginsWith": "/bronze/blobs/Trigger/Load_RDS/EDW/TrakCare/Load PTNT_/",
			"blobPathEndsWith": "Trakcare.json",
			"ignoreEmptyBlobs": true,
			"scope": "/subscriptions/785050c2-fb61-4fd3-86fb-6783764452dc/resourceGroups/dev-cdp-rg-ae-1/providers/Microsoft.Storage/storageAccounts/devcdpadlsae1",
			"events": [
				"Microsoft.Storage.BlobCreated"
			]
		}
	}
}