{
	"name": "TRG_MahieTaea_ADLS_to_RDS_Event",
	"properties": {
		"annotations": [],
		"runtimeState": "Stopped",
		"pipelines": [
			{
				"pipelineReference": {
					"referenceName": "PL_MahieTaea_ADLS_To_AZSQL",
					"type": "PipelineReference"
				},
				"parameters": {
					"ConfigDatabaseName": "ADM_CONFIG",
					"TargetDatabaseName": "RDS_MAHI_E_TAEA",
					"PSourceSystem": "MahieTaea",
					"PKVADLSSecretName": "adlscdpaccountkey"
				}
			}
		],
		"type": "BlobEventsTrigger",
		"typeProperties": {
			"blobPathBeginsWith": "/bronze/blobs/MahieTaea/Trigger/Load_DL/",
			"blobPathEndsWith": "MahieTaeaTrigger_01.json",
			"ignoreEmptyBlobs": true,
			"scope": "/subscriptions/785050c2-fb61-4fd3-86fb-6783764452dc/resourceGroups/dev-cdp-rg-ae-1/providers/Microsoft.Storage/storageAccounts/devcdpadlsae1",
			"events": [
				"Microsoft.Storage.BlobCreated"
			]
		}
	}
}