{
	"name": "TRG_HPD_Daily",
	"properties": {
		"description": "Initiate HPD Processing",
		"annotations": [],
		"runtimeState": "Stopped",
		"pipelines": [
			{
				"pipelineReference": {
					"referenceName": "PL_HPD",
					"type": "PipelineReference"
				}
			}
		],
		"type": "ScheduleTrigger",
		"typeProperties": {
			"recurrence": {
				"frequency": "Day",
				"interval": 1,
				"startTime": "2023-11-16T03:05:00",
				"timeZone": "New Zealand Standard Time",
				"schedule": {
					"hours": [
						1
					]
				}
			}
		}
	}
}