{
	"name": "TRG_Audit_Daily",
	"properties": {
		"description": "Overnight audit trigger for MSPowerBI and MSGraph API datasets.",
		"annotations": [],
		"runtimeState": "Started",
		"pipelines": [
			{
				"pipelineReference": {
					"referenceName": "PL_PBI_AD_Audit_DL",
					"type": "PipelineReference"
				}
			}
		],
		"type": "ScheduleTrigger",
		"typeProperties": {
			"recurrence": {
				"frequency": "Day",
				"interval": 1,
				"startTime": "2022-08-31T23:05:00",
				"timeZone": "New Zealand Standard Time",
				"schedule": {
					"minutes": [
						0
					],
					"hours": [
						3
					]
				}
			}
		}
	}
}