{
	"name": "TRG_HPD_PSE",
	"properties": {
		"description": "Trigger file to process PSE file",
		"annotations": [],
		"runtimeState": "Stopped",
		"pipelines": [
			{
				"pipelineReference": {
					"referenceName": "PL_PSE_Payroll",
					"type": "PipelineReference"
				}
			}
		],
		"type": "BlobEventsTrigger",
		"typeProperties": {
			"blobPathBeginsWith": "/landing/blobs/Trigger/Load_DL/HPD",
			"blobPathEndsWith": "pse_payroll",
			"ignoreEmptyBlobs": true,
			"scope": "/subscriptions/785050c2-fb61-4fd3-86fb-6783764452dc/resourceGroups/dev-cdp-rg-ae-1/providers/Microsoft.Storage/storageAccounts/devcdpadlsae1",
			"events": [
				"Microsoft.Storage.BlobCreated"
			]
		}
	}
}