{
	"name": "TRG_MahieTaea_Event_CRDS",
	"properties": {
		"annotations": [],
		"runtimeState": "Stopped",
		"pipelines": [
			{
				"pipelineReference": {
					"referenceName": "PL_MahieTaea_RDS_to_CRDS",
					"type": "PipelineReference"
				},
				"parameters": {
					"PSourceSystem": "MahieTaea",
					"PConfigDatabase": "ADM_CONFIG",
					"PSourceDatabase": "RDS_MAHI_E_TAEA",
					"PKVMIDBSecretName": "az-sql-mi-admin-password"
				}
			}
		],
		"type": "BlobEventsTrigger",
		"typeProperties": {
			"blobPathBeginsWith": "/bronze/blobs/MahieTaea/Trigger/Load_CRDS/",
			"blobPathEndsWith": "MahieTaea_RDS_to_CRDS.json",
			"ignoreEmptyBlobs": true,
			"scope": "/subscriptions/785050c2-fb61-4fd3-86fb-6783764452dc/resourceGroups/dev-cdp-rg-ae-1/providers/Microsoft.Storage/storageAccounts/devcdpadlsae1",
			"events": [
				"Microsoft.Storage.BlobCreated"
			]
		}
	}
}