{
	"name": "TRG_MahieTaea_DL_Daily",
	"properties": {
		"description": "Daily load from MahieTaea API into data lake.",
		"annotations": [],
		"runtimeState": "Stopped",
		"pipelines": [
			{
				"pipelineReference": {
					"referenceName": "MPL_Load_MahieTaea_DL",
					"type": "PipelineReference"
				},
				"parameters": {
					"PSourceSystem": "MahieTaea",
					"PTriggerSourcePath": "MahieTaea/Trigger/Load_DL",
					"PTriggerSourceFIleName": "Template.json",
					"PTriggerContainerName": "bronze",
					"PSecretName": "MahieTaeaLogin2",
					"PProcessName": "MahieTaea data load",
					"PBatchType": "Daily",
					"PAppKey": "MahieTaiaAppKey"
				}
			}
		],
		"type": "ScheduleTrigger",
		"typeProperties": {
			"recurrence": {
				"frequency": "Day",
				"interval": 1,
				"startTime": "2022-09-13T00:05:00",
				"timeZone": "New Zealand Standard Time",
				"schedule": {
					"minutes": [
						15
					],
					"hours": [
						7
					]
				}
			}
		}
	}
}