{
	"name": "TRG_Trendcare_OnPrem_ETL_10Min_MI",
	"properties": {
		"description": "Trigger to run the ETL procedures to populate the DA_CRDS DB with the latest data",
		"annotations": [],
		"runtimeState": "Stopped",
		"pipelines": [
			{
				"pipelineReference": {
					"referenceName": "PL_Trendcare_OnPrem_ETL",
					"type": "PipelineReference"
				},
				"parameters": {
					"OnPremDatabaseName": "DA_CRDS",
					"OnPremServerName": "VHAL0CSS021AG01.healthcare.huarahi.health.govt.nz,2773",
					"ConfigDatabaseName": "ADM_CONFIG",
					"SourceSystem": "Trendcare",
					"PStorageAccountSecret": "adlscdpaccountkey",
					"PStorageAccount": "https://devcdpadlsae1.dfs.core.windows.net",
					"PKVSecretName": "az-sql-mi-admin-password"
				}
			}
		],
		"type": "ScheduleTrigger",
		"typeProperties": {
			"recurrence": {
				"frequency": "Minute",
				"interval": 10,
				"startTime": "2022-09-07T11:00:00",
				"timeZone": "New Zealand Standard Time"
			}
		}
	}
}