{
	"name": "TRG_EDW_0000_Load_DSU_Into_Bronze",
	"properties": {
		"description": "Loads the tables from DSUMaintained on SQLMI into the ADLS and bronze db in Databricks.",
		"annotations": [],
		"runtimeState": "Started",
		"pipelines": [
			{
				"pipelineReference": {
					"referenceName": "PL_TuPonoAroha_Data_Load_Main_Batch",
					"type": "PipelineReference"
				},
				"parameters": {
					"ConfigDatabaseName": "ADM_CONFIG",
					"PLSSecretName": "az-sql-mi-admin-password",
					"BatchType": "Load DSU_",
					"EtlControlID": "0",
					"TrakCareSource": "dsumaintained",
					"MainBatch": "DSU"
				}
			}
		],
		"type": "ScheduleTrigger",
		"typeProperties": {
			"recurrence": {
				"frequency": "Day",
				"interval": 1,
				"startTime": "2024-04-15T20:32:00",
				"timeZone": "New Zealand Standard Time",
				"schedule": {
					"minutes": [
						30
					],
					"hours": [
						22
					]
				}
			}
		}
	}
}