{
	"name": "TRG_Audit_ADLS_To_RDS_Event",
	"properties": {
		"description": "File event trigger to load Audit data from ADLS to RDS",
		"annotations": [],
		"runtimeState": "Started",
		"pipelines": [
			{
				"pipelineReference": {
					"referenceName": "PL_Audit_Load_RDS",
					"type": "PipelineReference"
				}
			}
		],
		"type": "BlobEventsTrigger",
		"typeProperties": {
			"blobPathBeginsWith": "/landing/blobs/Trigger/Load_DL/Audit/PBI_AD_MasterData/",
			"blobPathEndsWith": "PBI_AD_MasterData.json",
			"ignoreEmptyBlobs": true,
			"scope": "/subscriptions/785050c2-fb61-4fd3-86fb-6783764452dc/resourceGroups/dev-cdp-rg-ae-1/providers/Microsoft.Storage/storageAccounts/devcdpadlsae1",
			"events": [
				"Microsoft.Storage.BlobCreated"
			]
		}
	}
}