{
  "name": "PowerBI.Tips & Havens Consulting Icon Set",
  "icons": {
    "GreenDash": {
      "description": "Green Dash",
      "url": "data:image/svg+xml;utf8, <svg xmlns='http://www.w3.org/2000/svg' viewBox='0 0 15 15'> <rect x='0.5' y='5.5' fill='%2384C28A' width='14' height='4'/> <path fill='%23449E44' d='M0,5v5h15V5H0z M14,9.001H1V6h13V9.001z'/> </svg>"
    },
    "YellowDash": {
      "description": "Yellow Dash",
      "url": "data:image/svg+xml;utf8, <svg xmlns='http://www.w3.org/2000/svg' viewBox='0 0 15 15'> <rect x='0.5' y='5.5' fill='%23F9D087' width='14' height='4'/> <path fill='%23F9B23E' d='M0,5v5h15V5H0z M14,9.001H1V6h13V9.001z'/> </svg>"
    },
    "RedDash": {
      "description": "Red Dash",
      "url": "data:image/svg+xml;utf8, <svg xmlns='http://www.w3.org/2000/svg' viewBox='0 0 15 15'> <rect x='0.5' y='5.5' fill='%23F78272' width='14' height='4'/> <path fill='%23F25021' d='M0,5v5h15V5H0z M14,9.001H1V6h13V9.001z'/> </svg>"
    },
    "Harvey_Empty": {
      "description": "Harvey Empty",
      "url": "data:image/svg+xml;utf8, <svg xmlns='http://www.w3.org/2000/svg' viewBox='0 0 100 100'> <path d='M50,4A46,46,0,1,1,4,50,46.06,46.06,0,0,1,50,4m0-3A49,49,0,1,0,99,50,49,49,0,0,0,50,1Z' style='fill: %23282828'/> </svg>"
    },
    "Harvey_Quarter": {
      "description": "Harvey Quarter",
      "url": "data:image/svg+xml;utf8, <svg xmlns='http://www.w3.org/2000/svg' viewBox='0 0 100 100'> <path d='M50,4A46,46,0,1,1,4,50,46.06,46.06,0,0,1,50,4m0-3A49,49,0,1,0,99,50,49,49,0,0,0,50,1Z' style='fill: %23282828'/> <path d='M50,1A49,49,0,0,1,99,50H50Z' style='fill: %23282828'/> </svg>"
    },
    "Harvey_Half": {
      "description": "Harvey Half",
      "url": "data:image/svg+xml;utf8, <svg xmlns='http://www.w3.org/2000/svg' viewBox='0 0 100 100'> <path d='M50,4A46,46,0,1,1,4,50,46.06,46.06,0,0,1,50,4m0-3A49,49,0,1,0,99,50,49,49,0,0,0,50,1Z' style='fill: %23282828'/> <path d='M50,1a49,49,0,0,1,0,98Z' style='fill: %23282828'/> </svg>"
    },
    "Harvey_ThreeQuarters": {
      "description": "Harvey Three Quarters",
      "url": "data:image/svg+xml;utf8, <svg xmlns='http://www.w3.org/2000/svg' viewBox='0 0 100 100'> <path d='M50,4A46,46,0,1,1,4,50,46.06,46.06,0,0,1,50,4m0-3A49,49,0,1,0,99,50,49,49,0,0,0,50,1Z' style='fill: %23282828'/> <path d='M99,50A49,49,0,0,1,1,50H50V1A49,49,0,0,1,99,50Z' style='fill: %23282828'/> </svg>"
    },
    "Harvey_Full": {
      "description": "Harvey Full",
      "url": "data:image/svg+xml;utf8, <svg xmlns='http://www.w3.org/2000/svg' viewBox='0 0 100 100'> <path d='M50,4A46,46,0,1,1,4,50,46.06,46.06,0,0,1,50,4m0-3A49,49,0,1,0,99,50,49,49,0,0,0,50,1Z' style='fill: %23282828'/> <circle cx='50' cy='50' r='49' style='fill: %23282828'/> </svg>"
    },
    "FlaskEmpty": {
      "description": "Flask Empty",
      "url": "data:image/svg+xml;utf8, <svg xmlns='http://www.w3.org/2000/svg' viewBox='0 0 48 48'> <path d='M 45.363,32.634L 33.00,20.271L33.00,6.00 c 1.659,0.00, 3.00-1.344, 3.00-3.00s-1.341-3.00-3.00-3.00L15.00,0.00 C 13.344,0.00, 12.00,1.344, 12.00,3.00s 1.344,3.00, 3.00,3.00l0.00,14.271 l-12.366,12.363c-3.513,3.516-3.513,9.213,0.00,12.729C 4.392,47.121, 6.696,48.00, 9.00,48.00l30.00,0.00 c 2.304,0.00, 4.605-0.879, 6.363-2.637C 48.879,41.847, 48.879,36.15, 45.363,32.634z M 41.121,41.121C 40.356,41.886, 39.462,42.00, 39.00,42.00L9.00,42.00 c-0.465,0.00-1.356-0.114-2.124-0.879c-1.17-1.17-1.17-3.075,0.00-4.245L 21.00,22.758L21.00,6.00 l6.00,0.00 l0.00,16.758 l 14.121,14.118 C 41.886,37.641, 42.00,38.535, 42.00,38.997C 42.00,39.462, 41.886,40.356, 41.121,41.121z' > </path> </svg>"
    },
    "FlaskHalf": {
      "description": "Flask Half",
      "url": "data:image/svg+xml;utf8, <svg xmlns='http://www.w3.org/2000/svg' viewBox='0 0 48 48'> <path d='M 45.363,32.634L 33.00,20.271L33.00,6.00 c 1.659,0.00, 3.00-1.344, 3.00-3.00s-1.341-3.00-3.00-3.00L15.00,0.00 C 13.344,0.00, 12.00,1.344, 12.00,3.00s 1.344,3.00, 3.00,3.00l0.00,14.271 l-12.366,12.363c-3.513,3.516-3.513,9.213,0.00,12.729C 4.392,47.121, 6.696,48.00, 9.00,48.00l30.00,0.00 c 2.304,0.00, 4.605-0.879, 6.363-2.637C 48.879,41.847, 48.879,36.15, 45.363,32.634z M 41.121,41.121C 40.356,41.886, 39.462,42.00, 39.00,42.00L9.00,42.00 c-0.465,0.00-1.356-0.114-2.124-0.879c-1.17-1.17-1.17-3.075,0.00-4.245L 21.00,22.758L21.00,6.00 l6.00,0.00 l0.00,16.758 l 14.121,14.118 C 41.886,37.641, 42.00,38.535, 42.00,38.997C 42.00,39.462, 41.886,40.356, 41.121,41.121zM 33.00,33.00 L 39.00,39.00 L 9.00,39.00 L 15.00,33.00 Z' > </path> </svg>"
    },
    "FlaskFull": {
      "description": "Flask Full",
      "url": "data:image/svg+xml;utf8, <svg xmlns='http://www.w3.org/2000/svg' viewBox='0 0 48 48'> <path d='M45.4,32.6L33,20.3V6c1.7,0,3-1.3,3-3s-1.3-3-3-3H15c-1.7,0-3,1.3-3,3s1.3,3,3,3v14.3L2.6,32.6c-3.5,3.5-3.5,9.2,0,12.7C4.4,47.1,6.7,48,9,48h30c2.3,0,4.6-0.9,6.4-2.6C48.9,41.8,48.9,36.2,45.4,32.6z M41.1,41.1C40.4,41.9,39.5,42,39,42H9c-0.5,0-1.4-0.1-2.1-0.9c-1.2-1.2-1.2-3.1,0-4.2L21,22.8V6h6v16.8l14.1,14.1c0.8,0.8,0.9,1.7,0.9,2.1C42,39.5,41.9,40.4,41.1,41.1z'/><g> <polygon points='33,33 39,39 9,39 15,33 '/> <polygon points='24,24.2 33,33 15,33'/></g> </svg>"
    },
    "BulbOff": {
      "description": "Light Bulb Off",
      "url": "data:image/svg+xml;utf8, <svg xmlns='http://www.w3.org/2000/svg' viewBox='0 0 48 48'> <path fill='%23CECECC' d='M31.5,29.4c-0.5,0.7-1,1.3-1.5,1.9c0,0.1,0,0.1,0,0.2v6c0,1.7-1.3,3-3,3h-6c-1.7,0-3-1.3-3-3v-6c0-0.1,0-0.1,0-0.2c-0.5-0.6-1-1.2-1.5-1.9C12.1,26.9,9,22.1,9,16.5c0-8.3,6.7-15,15-15s15,6.7,15,15C39,22.1,35.9,26.9,31.5,29.4z'/> <path fill='%23545453' d='M21.9,40.5h4.3c1.2,0,2.1,0.7,2.1,1.5s-1,1.5-2.1,1.5h-4.3c-1.2,0-2.1-0.7-2.1-1.5S20.7,40.5,21.9,40.5z'/> <path fill='%23545453' d='M21.9,43.5h4.3c1.2,0,2.1,0.7,2.1,1.5s-1,1.5-2.1,1.5h-4.3c-1.2,0-2.1-0.7-2.1-1.5S20.7,43.5,21.9,43.5z'/> </svg>"
    },
    "BulbOn": {
      "description": "Light Bulb On",
      "url": "data:image/svg+xml;utf8, <svg xmlns='http://www.w3.org/2000/svg' viewBox='0 0 48 48'> <path fill='%23F2CB05' d='M31.5,29.4c-0.5,0.7-1,1.3-1.5,1.9c0,0.1,0,0.1,0,0.2v6c0,1.7-1.3,3-3,3h-6c-1.7,0-3-1.3-3-3v-6c0-0.1,0-0.1,0-0.2c-0.5-0.6-1-1.2-1.5-1.9C12.1,26.9,9,22.1,9,16.5c0-8.3,6.7-15,15-15s15,6.7,15,15C39,22.1,35.9,26.9,31.5,29.4z'/> <path fill='%23545453' d='M21.9,40.5h4.3c1.2,0,2.1,0.7,2.1,1.5s-1,1.5-2.1,1.5h-4.3c-1.2,0-2.1-0.7-2.1-1.5S20.7,40.5,21.9,40.5z'/> <path fill='%23545453' d='M21.9,43.5h4.3c1.2,0,2.1,0.7,2.1,1.5s-1,1.5-2.1,1.5h-4.3c-1.2,0-2.1-0.7-2.1-1.5S20.7,43.5,21.9,43.5z'/> </svg>"
    },
    "Harvey_RedFull": {
      "description": "Harvey Red Full",
      "url": "data:image/svg+xml;utf8, <svg xmlns='http://www.w3.org/2000/svg' viewBox='0 0 100 100'> <g> <circle cx='50' cy='50' r='48.5' style='fill: %23ed1c24'/> <path d='M50,2A48,48,0,1,1,2,50,48.05,48.05,0,0,1,50,2m0-1A49,49,0,1,0,99,50,49,49,0,0,0,50,1Z' style='fill: %23ed1c24'/> </g> <circle cx='50.5' cy='50.5' r='8.5' style='fill: %23fff'/> </svg>"
    },
    "Harvey_RedHalf": {
      "description": "Harvey Red Half",
      "url": "data:image/svg+xml;utf8, <svg xmlns='http://www.w3.org/2000/svg' viewBox='0 0 100 100'> <path d='M50,4A46,46,0,1,1,4,50,46.06,46.06,0,0,1,50,4m0-3A49,49,0,1,0,99,50,49,49,0,0,0,50,1Z' style='fill: %23ed1c24'/> <path d='M1,50a49,49,0,0,1,98,0Z' style='fill: %23ed1c24'/> </svg>"
    },
    "Harvey_Empty2": {
      "description": "Harvey Empty",
      "url": "data:image/svg+xml;utf8, <svg xmlns='http://www.w3.org/2000/svg' viewBox='0 0 100 100'> <path d='M50,4A46,46,0,1,1,4,50,46.06,46.06,0,0,1,50,4m0-3A49,49,0,1,0,99,50,49,49,0,0,0,50,1Z' style='fill: %23282828'/> </svg>"
    },
    "Harvey_BlackHalf": {
      "description": "Harvey Black Half",
      "url": "data:image/svg+xml;utf8, <svg xmlns='http://www.w3.org/2000/svg' viewBox='0 0 100 100'> <path d='M50,4A46,46,0,1,1,4,50,46.06,46.06,0,0,1,50,4m0-3A49,49,0,1,0,99,50,49,49,0,0,0,50,1Z' style='fill: %23282828'/> <path d='M99,50A49,49,0,0,1,1,50Z' style='fill: %23282828'/> </svg>"
    },
    "Harvey_Full2": {
      "description": "Harvey Black Full",
      "url": "data:image/svg+xml;utf8, <svg xmlns='http://www.w3.org/2000/svg' viewBox='0 0 100 100'> <path d='M50,4A46,46,0,1,1,4,50,46.06,46.06,0,0,1,50,4m0-3A49,49,0,1,0,99,50,49,49,0,0,0,50,1Z' style='fill: %23282828'/> <circle cx='50' cy='50' r='49' style='fill: %23282828'/> </svg>"
    },
    "Battery20": {
      "description": "Battery 20%",
      "url": "data:image/svg+xml;utf8, <svg xmlns='http://www.w3.org/2000/svg' viewBox='0 0 48 48'> <path d='M45,18v-6c0-1.7-1.3-3-3-3H3c-1.7,0-3,1.3-3,3v27c0,1.7,1.3,3,3,3h39c1.7,0,3-1.3,3-3v-6c1.7,0,3-1.3,3-3v-9C48,19.3,46.7,18,45,18z M39,33c0,1.7-1.3,3-3,3H9c-1.7,0-3-1.3-3-3V18c0-1.7,1.3-3,3-3h27c1.7,0,3,1.3,3,3V33z'/> <path fill='%23FF0000' d='M10.5,18C9.7,18,9,18.7,9,19.5v12c0,0.8,0.7,1.5,1.5,1.5s1.5-0.7,1.5-1.5v-12C12,18.7,11.3,18,10.5,18z'/> </svg>"
    },
    "Battery40": {
      "description": "Battery 40%",
      "url": "data:image/svg+xml;utf8, <svg xmlns='http://www.w3.org/2000/svg' viewBox='0 0 48 48'> <path d='M45,18v-6c0-1.7-1.3-3-3-3H3c-1.7,0-3,1.3-3,3v27c0,1.7,1.3,3,3,3h39c1.7,0,3-1.3,3-3v-6c1.7,0,3-1.3,3-3v-9C48,19.3,46.7,18,45,18z M39,33c0,1.7-1.3,3-3,3H9c-1.7,0-3-1.3-3-3V18c0-1.7,1.3-3,3-3h27c1.7,0,3,1.3,3,3V33z'/> <path fill='%23FF0000' d='M10.5,18C9.7,18,9,18.7,9,19.5v12c0,0.8,0.7,1.5,1.5,1.5s1.5-0.7,1.5-1.5v-12C12,18.7,11.3,18,10.5,18z'/> <path fill='%23FF0000' d='M16.5,18c-0.8,0-1.5,0.7-1.5,1.5v12c0,0.8,0.7,1.5,1.5,1.5c0.8,0,1.5-0.7,1.5-1.5v-12C18,18.7,17.3,18,16.5,18z'/> </svg>"
    },
    "Battery60": {
      "description": "Battery 60%",
      "url": "data:image/svg+xml;utf8, <svg xmlns='http://www.w3.org/2000/svg' viewBox='0 0 48 48'> <path d='M45,18v-6c0-1.7-1.3-3-3-3H3c-1.7,0-3,1.3-3,3v27c0,1.7,1.3,3,3,3h39c1.7,0,3-1.3,3-3v-6c1.7,0,3-1.3,3-3v-9C48,19.3,46.7,18,45,18z M39,33c0,1.7-1.3,3-3,3H9c-1.7,0-3-1.3-3-3V18c0-1.7,1.3-3,3-3h27c1.7,0,3,1.3,3,3V33z'/> <path fill='%23F68B1F' d='M22.5,18c-0.8,0-1.5,0.7-1.5,1.5v12c0,0.8,0.7,1.5,1.5,1.5s1.5-0.7,1.5-1.5v-12C24,18.7,23.3,18,22.5,18z'/> <path fill='%23F68B1F' d='M16.5,18c-0.8,0-1.5,0.7-1.5,1.5v12c0,0.8,0.7,1.5,1.5,1.5c0.8,0,1.5-0.7,1.5-1.5v-12C18,18.7,17.3,18,16.5,18z'/> <path fill='%23F68B1F' d='M10.5,18C9.7,18,9,18.7,9,19.5v12c0,0.8,0.7,1.5,1.5,1.5s1.5-0.7,1.5-1.5v-12C12,18.7,11.3,18,10.5,18z'/> </svg>"
    },
    "Battery80": {
      "description": "Battery 80%",
      "url": "data:image/svg+xml;utf8, <svg xmlns='http://www.w3.org/2000/svg' viewBox='0 0 48 48'> <path d='M45,18v-6c0-1.7-1.3-3-3-3H3c-1.7,0-3,1.3-3,3v27c0,1.7,1.3,3,3,3h39c1.7,0,3-1.3,3-3v-6c1.7,0,3-1.3,3-3v-9C48,19.3,46.7,18,45,18z M39,33c0,1.7-1.3,3-3,3H9c-1.7,0-3-1.3-3-3V18c0-1.7,1.3-3,3-3h27c1.7,0,3,1.3,3,3V33z'/> <path fill='%23F68B1F' d='M28.5,18c-0.8,0-1.5,0.7-1.5,1.5v12c0,0.8,0.7,1.5,1.5,1.5s1.5-0.7,1.5-1.5v-12C30,18.7,29.3,18,28.5,18z'/><path fill='%23F68B1F' d='M22.5,18c-0.8,0-1.5,0.7-1.5,1.5v12c0,0.8,0.7,1.5,1.5,1.5s1.5-0.7,1.5-1.5v-12C24,18.7,23.3,18,22.5,18z'/> <path fill='%23F68B1F' d='M16.5,18c-0.8,0-1.5,0.7-1.5,1.5v12c0,0.8,0.7,1.5,1.5,1.5c0.8,0,1.5-0.7,1.5-1.5v-12C18,18.7,17.3,18,16.5,18z'/> <path fill='%23F68B1F' d='M10.5,18C9.7,18,9,18.7,9,19.5v12c0,0.8,0.7,1.5,1.5,1.5s1.5-0.7,1.5-1.5v-12C12,18.7,11.3,18,10.5,18z'/> </svg>"
    },
    "Battery100": {
      "description": "Battery 100%",
      "url": "data:image/svg+xml;utf8, <svg xmlns='http://www.w3.org/2000/svg' viewBox='0 0 48 48'> <path d='M45,18v-6c0-1.7-1.3-3-3-3H3c-1.7,0-3,1.3-3,3v27c0,1.7,1.3,3,3,3h39c1.7,0,3-1.3,3-3v-6c1.7,0,3-1.3,3-3v-9C48,19.3,46.7,18,45,18z M39,33c0,1.7-1.3,3-3,3H9c-1.7,0-3-1.3-3-3V18c0-1.7,1.3-3,3-3h27c1.7,0,3,1.3,3,3V33z'/> <path fill='%2300A651' d='M34.5,18c-0.8,0-1.5,0.7-1.5,1.5v12c0,0.8,0.7,1.5,1.5,1.5s1.5-0.7,1.5-1.5v-12C36,18.7,35.3,18,34.5,18z'/> <path fill='%2300A651' d='M28.5,18c-0.8,0-1.5,0.7-1.5,1.5v12c0,0.8,0.7,1.5,1.5,1.5s1.5-0.7,1.5-1.5v-12C30,18.7,29.3,18,28.5,18z'/> <path fill='%2300A651' d='M22.5,18c-0.8,0-1.5,0.7-1.5,1.5v12c0,0.8,0.7,1.5,1.5,1.5s1.5-0.7,1.5-1.5v-12C24,18.7,23.3,18,22.5,18z'/> <path fill='%2300A651' d='M16.5,18c-0.8,0-1.5,0.7-1.5,1.5v12c0,0.8,0.7,1.5,1.5,1.5c0.8,0,1.5-0.7,1.5-1.5v-12C18,18.7,17.3,18,16.5,18z'/> <path fill='%2300A651' d='M10.5,18C9.7,18,9,18.7,9,19.5v12c0,0.8,0.7,1.5,1.5,1.5s1.5-0.7,1.5-1.5v-12C12,18.7,11.3,18,10.5,18z'/> </svg>"
    },
    "HeartEmptyRed": {
      "description": "Heart Empty Red",
      "url": "data:image/svg+xml;utf8, <svg xmlns='http://www.w3.org/2000/svg' viewBox='0 0 48 48'> <path fill='%23FF0000' d='M44.5,23.8L24,45L3.5,23.8c-4.7-4.7-4.7-12.3,0-17s12.3-4.7,17,0L24,11l3.5-4.2c4.7-4.7,12.3-4.7,17,0C49.1,11.5,49.1,19.1,44.5,23.8z M31.7,11.1L24,19.5L16.3,11c-2.3-2.3-6.1-2.3-8.5,0c-2.3,2.3-2.3,6.1,0,8.5l16.2,17l16.2-17c2.3-2.3,2.3-6.1,0-8.5C37.9,8.7,34.1,8.7,31.7,11.1z'/></svg>"
    },
    "HeartHalfRed": {
      "description": "Heart Half Red",
      "url": "data:image/svg+xml;utf8, <svg xmlns='http://www.w3.org/2000/svg' viewBox='0 0 48 48'> <path fill='%23FF0000' d='M44.5,23.8L24,45L3.5,23.8c-4.7-4.7-4.7-12.3,0-17s12.3-4.7,17,0L24,11l3.5-4.2c4.7-4.7,12.3-4.7,17,0C49.1,11.5,49.1,19.1,44.5,23.8z M24,36.5l16.2-17c2.3-2.3,2.3-6.1,0-8.5c-2.3-2.3-6.1-2.3-8.5,0L24,19.5V36.5z'/></svg>"
    },
    "HeartFullRed": {
      "description": "Heart Full Red",
      "url": "data:image/svg+xml;utf8, <svg xmlns='http://www.w3.org/2000/svg' viewBox='0 0 48 48'> <path fill='%23FF0000' d='M44.5,23.8L24,45L3.5,23.8c-4.7-4.7-4.7-12.3,0-17s12.3-4.7,17,0L24,11l3.5-4.2c4.7-4.7,12.3-4.7,17,0C49.1,11.5,49.1,19.1,44.5,23.8z'/></svg>"
    },
    "HeartEmpty": {
      "description": "Heart Empty Black",
      "url": "data:image/svg+xml;utf8, <svg xmlns='http://www.w3.org/2000/svg' viewBox='0 0 48 48'> <path d='M44.5,23.8L24,45L3.5,23.8c-4.7-4.7-4.7-12.3,0-17s12.3-4.7,17,0l3.5,4.2l3.5-4.2c4.7-4.7,12.3-4.7,17,0C49.1,11.5,49.1,19.1,44.5,23.8z M31.7,11.1L24,19.5l-7.7-8.5c-2.3-2.3-6.1-2.3-8.5,0c-2.3,2.3-2.3,6.1,0,8.5l16.2,17l16.2-17c2.3-2.3,2.3-6.1,0-8.5C37.9,8.7,34.1,8.7,31.7,11.1z'/> </svg>"
    },
    "HeartHalf": {
      "description": "Heart Half Black",
      "url": "data:image/svg+xml;utf8, <svg xmlns='http://www.w3.org/2000/svg' viewBox='0 0 48 48'> <path d='M44.5,23.8L24,45L3.5,23.8c-4.7-4.7-4.7-12.3,0-17s12.3-4.7,17,0l3.5,4.2l3.5-4.2c4.7-4.7,12.3-4.7,17,0C49.1,11.5,49.1,19.1,44.5,23.8z M24,36.5l16.2-17c2.3-2.3,2.3-6.1,0-8.5c-2.3-2.3-6.1-2.3-8.5,0L24,19.5V36.5z'/> </svg>"
    },
    "HeartFull": {
      "description": "Heart Full Black",
      "url": "data:image/svg+xml;utf8, <svg xmlns='http://www.w3.org/2000/svg' viewBox='0 0 48 48'> <path d='M44.5,23.8L24,45L3.5,23.8c-4.7-4.7-4.7-12.3,0-17s12.3-4.7,17,0l3.5,4.2l3.5-4.2c4.7-4.7,12.3-4.7,17,0C49.1,11.5,49.1,19.1,44.5,23.8z'/> </svg>"
    },
    "GreenDownArrow": {
      "description": "Green Arrow Down",
      "url": "data:image/svg+xml;utf8, <svg xmlns='http://www.w3.org/2000/svg' viewBox='0 0 15 15'> <polygon fill='%2384C28A' points='6.5 0.5 6.5 10.1 2.5 6.1 1.1 7.6 7.5 13.9 13.9 7.6 12.4 6.1 8.5 10.1 8.5 0.5'/> <path fill='%23449E44' d='m7.5 13.2l-5.7-5.6 0.7-0.7 4.5 4.4v-10.3h1v10.3l4.4-4.4 0.7 0.7-5.6 5.6m0 1.4l7.1-7.1-2.1-2.1-3.5 3.5v-8.9h-3v8.9l-3.5-3.5-2.1 2.2 7.1 7z' /> </svg>"
    },
    "GreenDownRightArrow": {
      "description": "Green Arrow Down Right",
      "url": "data:image/svg+xml;utf8, <svg xmlns='http://www.w3.org/2000/svg' viewBox='0 0 15 15'> <polygon fill='%2384C28A' points='4.5,13.5 4.5,11.5 10.043,11.5 2.918,4.375 4.375,2.918 11.5,10.043 11.5,4.5 13.5,4.5 13.5,13.5'/> <path fill='%23449E44' d='M4.375,3.625L12,11.25V5h1v8H5v-1h6.25L3.625,4.375L4.375,3.625 M4.375,2.211L2.211,4.375L8.836,11H4v3h10V4h-3v4.836L4.375,2.211L4.375,2.211z'/> </svg>"
    },
    "GreenRightArrow": {
      "description": "Green Arrow Right",
      "url": "data:image/svg+xml;utf8, <svg xmlns='http://www.w3.org/2000/svg' viewBox='0 0 15 15'> <polygon fill='%2384C28A' points='0.5,6.5 10.086,6.5 6.136,2.55 7.55,1.136 13.914,7.5 7.55,13.864 6.136,12.45 10.086,8.5 0.5,8.5 '/> <path fill='%23449E44' d='M13.207,7.5L7.55,13.157L6.843,12.45L11.293,8H1V7h10.293l-4.45-4.45L7.55,1.843L13.207,7.5M14.621,7.5L7.55,0.428L5.429,2.55L8.879,6H0v3h8.879l-3.45,3.45l2.121,2.121L14.621,7.5L14.621,7.5z'/> </svg>"
    },
    "GreenUpRightArrow": {
      "description": "Green Arrow Up Right ",
      "url": "data:image/svg+xml;utf8, <svg xmlns='http://www.w3.org/2000/svg' viewBox='0 0 15 15'> <polygon fill='%2384C28A' points='2.918,11.625 10.043,4.5 4.5,4.5 4.5,2.5 13.5,2.5 13.5,11.5 11.5,11.5 11.5,5.957 4.375,13.082'/> <path fill='%23449E44' d='M13,3v8h-1V4.75l-7.625,7.625l-0.75-0.75L11.25,4H5V3H13 M14,2H4v3h4.836l-6.625,6.625l2.164,2.164L11,7.164V12h3V2L14,2z'/> </svg>"
    },
    "RedDownRightArrow": {
      "description": "Red Arrow Down Right",
      "url": "data:image/svg+xml;utf8, <svg xmlns='http://www.w3.org/2000/svg' viewBox='0 0 15 15'> <polygon fill='%23F78272' points='4.5,13.5 4.5,11.5 10.043,11.5 2.918,4.375 4.375,2.918 11.5,10.043 11.5,4.5 13.5,4.5 13.5,13.5'/> <path fill='%23F25021' d='M4.375,3.625L12,11.25V5h1v8H5v-1h6.25L3.625,4.375L4.375,3.625 M4.375,2.211L2.211,4.375L8.836,11H4v3h10V4h-3v4.836L4.375,2.211L4.375,2.211z'/> </svg>"
    },
    "RedRightArrow": {
      "description": "Red Arrow Right",
      "url": "data:image/svg+xml;utf8, <svg xmlns='http://www.w3.org/2000/svg' viewBox='0 0 15 15'> <polygon fill='%23F78272' points='0.5,6.5 10.086,6.5 6.136,2.55 7.55,1.136 13.914,7.5 7.55,13.864 6.136,12.45 10.086,8.5 0.5,8.5'/> <path fill='%23F25021' d='M13.207,7.5L7.55,13.157L6.843,12.45L11.293,8H1V7h10.293l-4.45-4.45L7.55,1.843L13.207,7.5 M14.621,7.5L7.55,0.428L5.429,2.55L8.879,6H0v3h8.879l-3.45,3.45l2.121,2.121L14.621,7.5L14.621,7.5z'/> </svg>"
    },
    "RedUpRightArrow": {
      "description": "Red Arrow Up Right",
      "url": "data:image/svg+xml;utf8, <svg xmlns='http://www.w3.org/2000/svg' viewBox='0 0 15 15'> <polygon fill='%23F78272' points='2.918,11.625 10.043,4.5 4.5,4.5 4.5,2.5 13.5,2.5 13.5,11.5 11.5,11.5 11.5,5.957 4.375,13.082'/> <path fill='%23F25021' d='M13,3v8h-1V4.75l-7.625,7.625l-0.75-0.75L11.25,4H5V3H13 M14,2H4v3h4.836l-6.625,6.625l2.164,2.164L11,7.164V12h3V2L14,2z'/> </svg>"
    },
    "RedUpArrow": {
      "description": "Red Arrow Up",
      "url": "data:image/svg+xml;utf8, <svg xmlns='http://www.w3.org/2000/svg' viewBox='0 0 15 15'> <polygon fill='%23F78272' points='6.5,14.5 6.5,4.914 2.55,8.864 1.136,7.45 7.5,1.086 13.864,7.45 12.45,8.864 8.5,4.914 8.5,14.5'/> <path fill='%23F25021' d='M7.5,1.793l5.657,5.657L12.45,8.157L8,3.707V14H7V3.707l-4.45,4.45L1.843,7.45L7.5,1.793 M7.5,0.379L0.428,7.45L2.55,9.571L6,6.121V15h3V6.121l3.45,3.45l2.121-2.121L7.5,0.379L7.5,0.379z'/> </svg>"
    },
    "YellowUpArrow": {
      "description": "Yellow Arrow Up",
      "url": "data:image/svg+xml;utf8, <svg xmlns='http://www.w3.org/2000/svg' viewBox='0 0 15 15'> <polygon fill='%23F9D087' points='6.5,14.5 6.5,4.914 2.55,8.864 1.136,7.45 7.5,1.086 13.864,7.45 12.45,8.864 8.5,4.914 8.5,14.5'/> <path fill='%23F9B23E' d='M7.5,1.793l5.657,5.657L12.45,8.157L8,3.707V14H7V3.707l-4.45,4.45L1.843,7.45L7.5,1.793 M7.5,0.379L0.428,7.45L2.55,9.571L6,6.121V15h3V6.121l3.45,3.45l2.121-2.121L7.5,0.379L7.5,0.379z'/> </svg>"
    },
    "YellowDownArrow": {
      "description": "Yellow Arrow Down",
      "url": "data:image/svg+xml;utf8, <svg xmlns='http://www.w3.org/2000/svg' viewBox='0 0 15 15'> <polygon fill='%23F9D087' points='6.5,0.5 6.5,10.086 2.55,6.136 1.136,7.55 7.5,13.914 13.864,7.55 12.45,6.136 8.5,10.086 8.5,0.5'/> <path fill='%23F9B23E' d='M7.5,13.207L1.843,7.55L2.55,6.843L7,11.293V1h1v10.293l4.45-4.45l0.707,0.707L7.5,13.20 M7.5,14.621l7.071-7.071L12.45,5.429L9,8.879V0H6v8.879l-3.45-3.45L0.428,7.55L7.5,14.621L7.5,14.621z'/> </svg>"
    },
    "GreenDiamond": {
      "description": "Green Diamond",
      "url": "data:image/svg+xml;utf8, <svg xmlns='http://www.w3.org/2000/svg' viewBox='0 0 15 15'> <rect x='3' y='3' transform='matrix(-0.7071 0.7071 -0.7071 -0.7071 19.3137 8.0004)' fill='%2384C28A' width='10' height='10'/> <path fill='%23449E44' d='M8,0.222L0.222,8L8,15.778L15.778,8L8,0.222z M1.636,8L8,1.636L14.364,8L8,14.364L1.636,8z'/> </svg>"
    },
    "YellowDiamond": {
      "description": "Yellow Diamond",
      "url": "data:image/svg+xml;utf8, <svg xmlns='http://www.w3.org/2000/svg' viewBox='0 0 15 15'> <rect x='3' y='3' transform='matrix(-0.7071 0.7071 -0.7071 -0.7071 19.3137 8.0004)' fill='%23F9D087' width='10' height='10'/> <path fill='%23F9B23E' d='M8,0.222L0.222,8L8,15.778L15.778,8L8,0.222z M1.636,8L8,1.636L14.364,8L8,14.364L1.636,8z'/> </svg>"
    },
    "RedDiamond": {
      "description": "Red Diamond",
      "url": "data:image/svg+xml;utf8, <svg xmlns='http://www.w3.org/2000/svg' viewBox='0 0 15 15'> <rect x='3' y='3' transform='matrix(-0.7071 0.7071 -0.7071 -0.7071 19.3137 8.0004)' fill='%23F78272' width='10' height='10'/> <path fill='%23F25021' d='M8,0.222L0.222,8L8,15.778L15.778,8L8,0.222z M1.636,8L8,1.636L14.364,8L8,14.364L1.636,8z'/> </svg>"
    },
    "GreenTriangle": {
      "description": "Green Triangle",
      "url": "data:image/svg+xml;utf8, <svg xmlns='http://www.w3.org/2000/svg' viewBox='0 0 15 15'> <polygon fill='%2384C28A' points='0.809,14.5 7.5,1.118 14.191,14.5 '/> <path fill='%23449E44' d='M7.5,0L0,15h15L7.5,0z M7.5,2.236L13.382,14H1.618L7.5,2.236z'/> </svg>"
    },
    "YellowTriangle": {
      "description": "Yellow Triangle",
      "url": "data:image/svg+xml;utf8, <svg xmlns='http://www.w3.org/2000/svg' viewBox='0 0 15 15'> <polygon fill='%23F9D087' points='0.809,14.5 7.5,1.118 14.191,14.5 '/> <path fill='%23F9B23E' d='M7.5,0L0,15h15L7.5,0z M7.5,2.236L13.382,14H1.618L7.5,2.236z'/> </svg>"
    },
    "RedTriangle": {
      "description": "Red Triangle",
      "url": "data:image/svg+xml;utf8, <svg xmlns='http://www.w3.org/2000/svg' viewBox='0 0 15 15'> <polygon fill='%23F78272' points='0.809,14.5 7.5,1.118 14.191,14.5 '/> <path fill='%23F25021' d='M7.5,0L0,15h15L7.5,0z M7.5,2.236L13.382,14H1.618L7.5,2.236z'/> </svg>"
    },
    "GreenTriangleHigh": {
      "description": "Green Triangle High",
      "url": "data:image/svg+xml;utf8, <svg xmlns='http://www.w3.org/2000/svg' viewBox='0 0 15 15'> <polygon fill='%2384C28A' points='1,12.5 7.5,3.833 14,12.5 '/> <path fill='%23449E44' d='M7.5,3L0,13h15L7.5,3z M7.5,4.667L13,12H2L7.5,4.667z'/> </svg>"
    },
    "YellowTriangleHigh": {
      "description": "Yellow Triangle High",
      "url": "data:image/svg+xml;utf8, <svg xmlns='http://www.w3.org/2000/svg' viewBox='0 0 15 15'> <polygon fill='%23F9D087' points='1,12.5 7.5,3.833 14,12.5 '/> <path fill='%23F9B23E' d='M7.5,3L0,13h15L7.5,3z M7.5,4.667L13,12H2L7.5,4.667z'/> </svg>"
    },
    "RedTriangleHigh": {
      "description": "Red Triangle High",
      "url": "data:image/svg+xml;utf8, <svg xmlns='http://www.w3.org/2000/svg' viewBox='0 0 15 15'> <polygon fill='%23F78272' points='1,12.5 7.5,3.833 14,12.5 '/> <path fill='%23F25021' d='M7.5,3L0,13h15L7.5,3z M7.5,4.667L13,12H2L7.5,4.667z'/> </svg>"
    },
    "GreenTriangleLow": {
      "description": "Green Triangle Low",
      "url": "data:image/svg+xml;utf8, <svg xmlns='http://www.w3.org/2000/svg' viewBox='0 0 15 15'> <polygon fill='%2384C28A' points='14,3.5 7.5,12.167 1,3.5 '/> <path fill='%23449E44' d='M7.5,13L15,3H0L7.5,13z M7.5,11.333L2,4h11L7.5,11.333z'/> </svg>"
    },
    "YellowTriangleLow": {
      "description": "Green Triangle Low",
      "url": "data:image/svg+xml;utf8, <svg xmlns='http://www.w3.org/2000/svg' viewBox='0 0 15 15'> <polygon fill='%23F9D087' points='14,3.5 7.5,12.167 1,3.5 '/> <path fill='%23F9B23E' d='M7.5,13L15,3H0L7.5,13z M7.5,11.333L2,4h11L7.5,11.333z'/> </svg>"
    },
    "RedTriangleLow": {
      "description": "Red Triangle Low",
      "url": "data:image/svg+xml;utf8, <svg xmlns='http://www.w3.org/2000/svg' viewBox='0 0 15 15'> <polygon fill='%23F78272' points='14,3.5 7.5,12.167 1,3.5 '/> <path fill='%23F25021' d='M7.5,13L15,3H0L7.5,13z M7.5,11.333L2,4h11L7.5,11.333z'/> </svg>"
    },
    "OrangeFlag": {
      "description": "Orange Flag",
      "url": "data:image/svg+xml;utf8,<svg xmlns='http://www.w3.org/2000/svg' x='0px' y='0px' width='50' height='50' viewBox='0 0 172 172' style=' fill:%000000'/><g fill='none' fill-rule='nonzero' stroke='none' stroke-width='1' stroke-linecap='butt' stroke-linejoin='miter' stroke-miterlimit='10' stroke-dasharray=''stroke-dashoffset='0' font-family='none' font-weight='none' font-size='none' text-anchor='none' style='mix-blend-mode: normal'><path d='M0,172v-172h172v172z' fill='none'></path><g><path d='M21.5,14.33333h7.16667v143.33333h-7.16667z' fill='%455a64'></path><path d='M28.66667,21.5v82.41667c59.125,-25.08333 59.48333,25.08333 121.83333,0v-82.41667c-62.35,25.08333 -62.70833,-25.08333 -121.83333,0z' fill='%e67e22'></path><path d='M21.5,21.5h7.16667v82.41667h-7.16667z' fill='%e67e22'></path></g></g></svg>"
    }
  }
}