{
  "name": "ADHB Template",
  "textClasses": {
    "callout": {
      "fontSize": 12,
      "fontFace": "Arial"
    },
    "label": {
      "fontSize": 8,
      "fontFace": "Arial"
    },
    "title": {
      "fontFace": "'Arial Black'",
      "fontSize": 8
    },
    "header": {
      "fontSize": 8,
      "fontFace": "'Arial Black'"
    }
  },
  "visualStyles": {
    "*": {
      "*": {
        "filterCard": [
          {
            "$id": "Applied",
            "textSize": 10
          },
          {
            "$id": "Available",
            "textSize": 10
          }
        ],
        "border": [
          {
            "color": {
              "solid": {
                "color": "#F6F4EC"
              }
            },
            "show": false,
            "radius": 0
          }
        ],
        "visualHeader": [
          {
            "foreground": {
              "solid": {
                "color": "#15284C"
              }
            }
          }
        ],
        "visualTooltip": [
          {
            "background": {
              "solid": {
                "color": "#15284C"
              }
            }
          }
        ],
        "visualHeaderTooltip": [
          {
            "background": {
              "solid": {
                "color": "#15284C"
              }
            }
          }
        ],
        "outspacePane": [
          {
            "foregroundColor": {
              "solid": {
                "color": "#15284C"
              }
            },
            "titleSize": 10,
            "headerSize": 8,
            "checkboxAndApplyColor": {
              "solid": {
                "color": "#0C818F"
              }
            }
          }
        ]
      }
    },
    "page": {
      "*": {
        "background": [
          {
            "color": {
              "solid": {
                "color": "#FFFFFF"
              }
            }
          }
        ],
        "outspace": [
          {
            "color": {
              "solid": {
                "color": "#FFFFFF"
              }
            }
          }
        ]
      }
    }
  },
  "dataColors": [
    "#4C69A2",
    "#0C818F",
    "#30A1AC",
    "#F9E559",
    "#EF7126",
    "#8EDC9D",
    "#5D7296",
    "#F6F4EC"
  ]
}