{
  "name": "ADHB Template",
  "textClasses": {
    "callout": {
      "fontSize": 20,
      "fontFace": "'Segoe UI Light', wf_segoe-ui_light, helvetica, arial, sans-serif"
    },
    "label": {
      "fontSize": 12
    },
    "title": {
      "fontFace": "'Segoe UI Bold', wf_segoe-ui_bold, helvetica, arial, sans-serif",
      "fontSize": 12
    }
  },
  "visualStyles": {
    "*": {
      "*": {
        "filterCard": [
          {
            "$id": "Applied",
            "textSize": 12
          },
          {
            "$id": "Available",
            "textSize": 12
          }
        ]
      }
    }
  }
}