{
  "explorationState": "{\"version\":\"1.8\",\"activeSection\":\"\",\"sections\":{\"ReportSection2498ce091c6ccb3e884f\":{\"visualContainers\":{\"0d3658cb98f52d3ace84\":{\"singleVisual\":{\"visualType\":\"textbox\",\"mobileObjects\":{\"general\":[{\"properties\":{\"paragraphs\":[{\"textRuns\":[{\"value\":\"\"}]},{\"textRuns\":[{\"value\":\"As at \",\"textStyle\":{\"fontSize\":\"10.6667px\",\"color\":\"#15284c\"}}]},{\"textRuns\":[{\"value\":\"\"}]},{\"textRuns\":[{\"value\":\"Data and Analytics (HIT)\",\"textStyle\":{\"color\":\"#15284c\"}}]}]}}]}}}}},\"ReportSection90a853260d4a92880c55\":{\"visualContainers\":{\"514e8460a00773020302\":{\"singleVisual\":{\"visualType\":\"textbox\",\"mobileObjects\":{\"general\":[{\"properties\":{\"paragraphs\":[{\"textRuns\":[{\"value\":\"As at \",\"textStyle\":{\"fontSize\":\"10.6667px\",\"color\":\"#15284c\"}}]},{\"textRuns\":[{\"value\":\"\"}]},{\"textRuns\":[{\"value\":\"Data and Analytics (HIT)\",\"textStyle\":{\"color\":\"#15284c\"}}]}]}}]}}}}},\"ReportSectionc70f54e8c0c7ed98209e\":{\"visualContainers\":{\"b96e170e5b0036c2abce\":{\"singleVisual\":{\"visualType\":\"textbox\",\"mobileObjects\":{\"general\":[{\"properties\":{\"paragraphs\":[{\"textRuns\":[{\"value\":\"MediRota Clinician Roster\",\"textStyle\":{\"fontWeight\":\"bold\",\"fontFamily\":\"Arial Black\",\"fontSize\":\"14pt\",\"color\":\"#15284c\"}}],\"horizontalTextAlignment\":\"center\"}]}}]}}},\"3978e53081a3b15b8d67\":{\"singleVisual\":{\"visualType\":\"textbox\",\"mobileObjects\":{\"general\":[{\"properties\":{\"paragraphs\":[{\"textRuns\":[{\"value\":\"As at \",\"textStyle\":{\"fontSize\":\"10.6667px\",\"color\":\"#15284c\"}}]},{\"textRuns\":[{\"value\":\"\"}]},{\"textRuns\":[{\"value\":\"Data and Analytics (HIT)\",\"textStyle\":{\"color\":\"#15284c\"}}]}]}}]}}},\"490f88a528590f53a0ae\":{\"singleVisual\":{\"visualType\":\"tableEx\",\"mobileVcObjects\":{\"border\":[{\"properties\":{\"show\":{\"expr\":{\"Literal\":{\"Value\":\"false\"}}}}}]}}},\"b3f99d731a39507bf227\":{\"singleVisual\":{\"visualType\":\"pivotTable\",\"mobileVcObjects\":{\"border\":[{\"properties\":{\"show\":{\"expr\":{\"Literal\":{\"Value\":\"false\"}}}}}]}}}}},\"ReportSectionf0a429329b3e0401e4f4\":{\"visualContainers\":{\"bc84633de3116f446c62\":{\"singleVisual\":{\"visualType\":\"textbox\",\"mobileObjects\":{\"general\":[{\"properties\":{\"paragraphs\":[{\"textRuns\":[{\"value\":\"MediRota Clinician Roster\",\"textStyle\":{\"fontWeight\":\"bold\",\"fontFamily\":\"Arial Black\",\"fontSize\":\"14pt\",\"color\":\"#15284c\"}}],\"horizontalTextAlignment\":\"center\"}]}}]}}},\"f0bf356da2edec1d7a99\":{\"singleVisual\":{\"visualType\":\"textbox\",\"mobileObjects\":{\"general\":[{\"properties\":{\"paragraphs\":[{\"textRuns\":[{\"value\":\"As at \",\"textStyle\":{\"fontSize\":\"10.6667px\",\"color\":\"#15284c\"}}]},{\"textRuns\":[{\"value\":\"\"}]},{\"textRuns\":[{\"value\":\"Data and Analytics (HIT)\",\"textStyle\":{\"color\":\"#15284c\"}}]}]}}]}}},\"d987703f424232201b8b\":{\"singleVisual\":{\"visualType\":\"textbox\",\"mobileObjects\":{\"general\":[{\"properties\":{\"paragraphs\":[{\"textRuns\":[{\"value\":\"Business Manager View - Staff Trend \",\"textStyle\":{\"fontSize\":\"10pt\",\"color\":\"#15284c\"}}],\"horizontalTextAlignment\":\"center\"}]}}]}}}}},\"ReportSectionb5be1aca0d2d10150d32\":{\"visualContainers\":{\"6f60d1250d4b94cb0c59\":{\"singleVisual\":{\"visualType\":\"textbox\",\"mobileObjects\":{\"general\":[{\"properties\":{\"paragraphs\":[{\"textRuns\":[{\"value\":\"\"}]},{\"textRuns\":[{\"value\":\"As at \",\"textStyle\":{\"fontSize\":\"10.6667px\",\"color\":\"#15284c\"}}]},{\"textRuns\":[{\"value\":\"\"}]},{\"textRuns\":[{\"value\":\"Data and Analytics (HIT)\",\"textStyle\":{\"color\":\"#15284c\"}}]}]}}]}}},\"a0175a391a8ce1db19d0\":{\"singleVisual\":{\"visualType\":\"pivotTable\",\"mobileVcObjects\":{\"stylePreset\":[{\"properties\":{}}],\"lockAspect\":[{\"properties\":{\"show\":{\"expr\":{\"Literal\":{\"Value\":\"false\"}}}}}],\"general\":[{\"properties\":{\"keepLayerOrder\":{\"expr\":{\"Literal\":{\"Value\":\"false\"}}}}}]},\"mobileObjects\":{\"values\":[{\"properties\":{\"fontSize\":{\"expr\":{\"Literal\":{\"Value\":\"8D\"}}}}}],\"columnHeaders\":[{\"properties\":{\"fontSize\":{\"expr\":{\"Literal\":{\"Value\":\"8D\"}}}}}]}}}}}}}",
  "objectId": "",
  "type": 4
}