{
  "config": "{\"version\":\"5.15\",\"themeCollection\":{\"baseTheme\":{\"name\":\"CY20SU09\",\"version\":\"5.15\",\"type\":2},\"customTheme\":{\"name\":\"ADHB_Standard_Theme44211836994609244.json\",\"version\":\"5.17\",\"type\":1}},\"activeSectionIndex\":0,\"defaultDrillFilterOtherVisuals\":true,\"linguisticSchemaSyncVersion\":2,\"settings\":{\"useNewFilterPaneExperience\":true,\"allowChangeFilterTypes\":true,\"useStylableVisualContainerHeader\":true,\"exportDataMode\":1,\"allowDataPointLassoSelect\":false},\"objects\":{\"section\":[{\"properties\":{\"verticalAlignment\":{\"expr\":{\"Literal\":{\"Value\":\"'Top'\"}}}}}],\"outspacePane\":[{\"properties\":{\"expanded\":{\"expr\":{\"Literal\":{\"Value\":\"false\"}}}}}]}}",
  "layoutOptimization": 0,
  "resourcePackages": [
    {
      "resourcePackage": {
        "disabled": false,
        "items": [
          {
            "name": "CY20SU09",
            "path": "BaseThemes/CY20SU09.json",
            "type": 202
          }
        ],
        "name": "SharedResources",
        "type": 2
      }
    },
    {
      "resourcePackage": {
        "items": [
          {
            "name": "ADHB_Standard_Theme44211836994609244.json",
            "path": "ADHB_Standard_Theme44211836994609244.json",
            "type": 100
          }
        ],
        "name": "RegisteredResources",
        "type": 1
      }
    }
  ],
  "sections": [
    {
      "config": "{}",
      "displayName": "Release Notes",
      "displayOption": 1,
      "filters": "[]",
      "height": 720.00,
      "name": "ReportSection420dad4795e7babc0246",
      "visualContainers": [
        {
          "config": "{\"name\":\"5670b1ce167e3ed0b390\",\"layouts\":[{\"id\":0,\"position\":{\"x\":9.487870619946092,\"y\":0,\"z\":0,\"width\":1270.512129380054,\"height\":720.2156334231805}}],\"singleVisual\":{\"visualType\":\"textbox\",\"drillFilterOtherVisuals\":true,\"objects\":{\"general\":[{\"properties\":{\"paragraphs\":[{\"textRuns\":[{\"value\":\"Release Notes\",\"textStyle\":{\"fontSize\":\"24pt\"}}],\"horizontalTextAlignment\":\"center\"},{\"textRuns\":[{\"value\":\"\"}]},{\"textRuns\":[{\"value\":\"\"}]},{\"textRuns\":[{\"value\":\"\"}]},{\"textRuns\":[{\"value\":\"/***********************************************************************************************************************************\"}]},{\"textRuns\":[{\"value\":\"History Section\"}]},{\"textRuns\":[{\"value\":\"************************************************************************************************************************************\"}]},{\"textRuns\":[{\"value\":\"Purpose\\t\\t: \"}]},{\"textRuns\":[{\"value\":\"\"}]},{\"textRuns\":[{\"value\":\"Environment\\t: Titan.\"}]},{\"textRuns\":[{\"value\":\"\"}]},{\"textRuns\":[{\"value\":\"Created By\\t\\t           Date\\t\\t          V\\t                    Description                        Requested By\"}]},{\"textRuns\":[{\"value\":\"Vatika Aggarwal\\t\\t13/04/2021\\t      1\\t                    CREATED                            Grace & Helen Stott\"}]},{\"textRuns\":[{\"value\":\"\"}]},{\"textRuns\":[{\"value\":\"*************************************************************************************************************************************/\"}]},{\"textRuns\":[{\"value\":\"\"}]}]}}]}}}",
          "filters": "[]",
          "height": 720.21,
          "width": 1270.51,
          "x": 9.48,
          "y": 0.00,
          "z": 0.00
        }
      ],
      "width": 1280.00
    }
  ],
  "theme": "ADHB_Standard_Theme44211836994609244.json"
}