{
  "config": "{\"version\":\"5.37\",\"themeCollection\":{\"baseTheme\":{\"name\":\"CY21SU04\",\"version\":\"5.20\",\"type\":2}},\"activeSectionIndex\":0,\"defaultDrillFilterOtherVisuals\":true,\"slowDataSourceSettings\":{\"isCrossHighlightingDisabled\":false,\"isSlicerSelectionsButtonEnabled\":false,\"isFilterSelectionsButtonEnabled\":false,\"isFieldWellButtonEnabled\":false,\"isApplyAllButtonEnabled\":false},\"linguisticSchemaSyncVersion\":2,\"settings\":{\"useStylableVisualContainerHeader\":true,\"exportDataMode\":2,\"allowChangeFilterTypes\":true},\"objects\":{\"section\":[{\"properties\":{\"verticalAlignment\":{\"expr\":{\"Literal\":{\"Value\":\"'Top'\"}}}}}],\"outspacePane\":[{\"properties\":{\"expanded\":{\"expr\":{\"Literal\":{\"Value\":\"false\"}}}}}]}}",
  "layoutOptimization": 0,
  "resourcePackages": [
    {
      "resourcePackage": {
        "disabled": false,
        "items": [
          {
            "name": "CY21SU04",
            "path": "BaseThemes/CY21SU04.json",
            "type": 202
          }
        ],
        "name": "SharedResources",
        "type": 2
      }
    },
    {
      "resourcePackage": {
        "items": [
          {
            "name": "blank_background9452279722727224.PNG",
            "path": "blank_background9452279722727224.PNG",
            "type": 100
          }
        ],
        "name": "RegisteredResources",
        "type": 1
      }
    }
  ],
  "sections": [
    {
      "config": "{\"objects\":{\"background\":[{\"properties\":{\"transparency\":{\"expr\":{\"Literal\":{\"Value\":\"0D\"}}},\"image\":{\"image\":{\"name\":{\"expr\":{\"Literal\":{\"Value\":\"'blank background.PNG'\"}}},\"url\":{\"expr\":{\"ResourcePackageItem\":{\"PackageName\":\"RegisteredResources\",\"PackageType\":1,\"ItemName\":\"blank_background9452279722727224.PNG\"}}},\"scaling\":{\"expr\":{\"Literal\":{\"Value\":\"'Fit'\"}}}}}}}]}}",
      "displayName": "Page 1",
      "displayOption": 1,
      "filters": "[]",
      "height": 720.00,
      "name": "ReportSection",
      "visualContainers": [
        {
          "config": "{\"name\":\"f68883fd909c07145619\",\"layouts\":[{\"id\":0,\"position\":{\"x\":9.309090909090909,\"y\":0,\"z\":0,\"width\":1259.0545454545454,\"height\":465.45454545454544}}],\"singleVisual\":{\"visualType\":\"textbox\",\"drillFilterOtherVisuals\":true,\"objects\":{\"general\":[{\"properties\":{\"paragraphs\":[{\"textRuns\":[{\"value\":\"Date                                                       Description of Change                                                                                                                                                                        Author\",\"textStyle\":{\"textDecoration\":\"underline\"}}]},{\"textRuns\":[{\"value\":\"26 Jan 2022                                            Update the fields \"},{\"value\":\"AppointmentDate , AppointmentDateTime, FUOverdueStatus,                                                                                                     Janesa Ramirez\",\"textStyle\":{\"fontFamily\":\"Calibri\"}}]},{\"textRuns\":[{\"value\":\"                                                                            DataWarehouseRefreshDate (ADDP - 634)\",\"textStyle\":{\"fontFamily\":\"Calibri\"}}]},{\"textRuns\":[{\"value\":\"\"}]},{\"textRuns\":[{\"value\":\"02 Feb 2022 \\t\\t\\t\\t\\t\\t\\t\\t\\t\\t\\tOptimised the dataset, added Date tables\\t\\t\\t\\t\\t\\t\\t\\t\\t\\t\\t\\t\\t\\t\\t\\t\\t\\t\\t\\t\\t\\t\\t\\t\\t\\t\\t\\t\\t\\t\\t\\t\\t\\t Janesa Ramirez\"}]},{\"textRuns\":[{\"value\":\"\"}]},{\"textRuns\":[{\"value\":\"\"}]},{\"textRuns\":[{\"value\":\"16 May 2022\\t\\t\\t\\t\\t\\t\\t\\t\\t\\t\\tOptimized data set created and added/updated several fields\\t\\t\\t\\t\\t\\t\\t\\t\\t\\t\\t\\t\\t\\t\\t\\t\\t\\t\\t\\t\\t\\t\\t\\t\\t\\t Albert Shen\"}]},{\"textRuns\":[{\"value\":\"\"}]},{\"textRuns\":[{\"value\":\"02 Jun 2022\\t\\t\\t\\t\\t\\t\\t\\t\\t\\t\\t\\tChange [POP_WaitingAppts].[AppointmentDateTime] format to Date only, so it can be used for ESPI2 Waiting report\\t\\t\\t\\t   Albert Shen\"}]},{\"textRuns\":[{\"value\":\"\\t\\t\\t\\t\\t\\t\\t\\t\\t\\t\\t\\t\\t\\t\\t\\tFSA Waitlist Detail page, Appointment Date column, because it shows blank instead of 01/01/1800 (like [AppointmentDate])\"}]},{\"textRuns\":[{\"value\":\"\\t\\t\\t\\t\\t\\t\\t\\t\\t\\t\"}]},{\"textRuns\":[{\"value\":\"02 Jun 2022\\t\\t\\t\\t\\t\\t\\t\\t\\t\\t\\t\\tCreate \\t[DaysWaitingBins Order] table so I can sort [DaysWaitingFSABins120] column in the right order for ESPI2 Waiting \\t\\t   Albert Shen\"}]},{\"textRuns\":[{\"value\":\"\\t\\t\\t\\t\\t\\t\\t\\t\\t\\t\\t\\t\\t\\t\\t\\treport FSA Days Waiting Profile chart\"}]}]}}]}}}",
          "filters": "[]",
          "height": 465.45,
          "width": 1259.05,
          "x": 9.31,
          "y": 0.00,
          "z": 0.00
        }
      ],
      "width": 1280.00
    }
  ]
}