{
  "config": "{\"version\":\"5.24\",\"themeCollection\":{\"baseTheme\":{\"name\":\"CY21SU04\",\"version\":\"5.20\",\"type\":2}},\"activeSectionIndex\":0,\"defaultDrillFilterOtherVisuals\":true,\"slowDataSourceSettings\":{\"isCrossHighlightingDisabled\":false,\"isSlicerSelectionsButtonEnabled\":false,\"isFilterSelectionsButtonEnabled\":false,\"isFieldWellButtonEnabled\":false,\"isApplyAllButtonEnabled\":false},\"linguisticSchemaSyncVersion\":2,\"settings\":{\"useNewFilterPaneExperience\":true,\"allowChangeFilterTypes\":true,\"useStylableVisualContainerHeader\":true,\"exportDataMode\":1},\"objects\":{\"section\":[{\"properties\":{\"verticalAlignment\":{\"expr\":{\"Literal\":{\"Value\":\"'Top'\"}}}}}],\"outspacePane\":[{\"properties\":{\"expanded\":{\"expr\":{\"Literal\":{\"Value\":\"false\"}}}}}]}}",
  "layoutOptimization": 0,
  "pods": [
    {
      "boundSection": "ReportSection5354610ac8e968feb79a",
      "config": "{}",
      "name": "Pod",
      "parameters": "[{\"name\":\"Param_Filter02660b004203c16d7d5f\",\"boundFilter\":\"Filter02660b004203c16d7d5f\",\"fieldExpr\":{\"Column\":{\"Expression\":{\"SourceRef\":{\"Entity\":\"LNB_Anaesthesia_Summary\"}},\"Property\":\"PatientNHI\"}},\"asAggregation\":true}]",
      "referenceScope": 1,
      "type": 1
    },
    {
      "boundSection": "ReportSection",
      "config": "{}",
      "name": "Pod1"
    },
    {
      "boundSection": "ReportSection03a8bcf5bf24c2f2c51b",
      "config": "{}",
      "name": "Pod2",
      "parameters": "[{\"name\":\"Param_Filter6a669a162ebf5a896e45\",\"boundFilter\":\"Filter6a669a162ebf5a896e45\",\"fieldExpr\":{\"Column\":{\"Expression\":{\"SourceRef\":{\"Entity\":\"LNB_Anaesthesia_Summary\"}},\"Property\":\"NumberOfAttempts\"}},\"asAggregation\":true}]",
      "type": 2
    },
    {
      "boundSection": "ReportSection0957d9b91cc84c2f25b5",
      "config": "{}",
      "name": "Pod3",
      "parameters": "[{\"name\":\"Param_Filter6a669a162ebf5a896e45\",\"boundFilter\":\"Filter6a669a162ebf5a896e45\",\"fieldExpr\":{\"Column\":{\"Expression\":{\"SourceRef\":{\"Entity\":\"LNB_Anaesthesia_Summary\"}},\"Property\":\"NumberOfAttempts\"}},\"asAggregation\":true}]",
      "referenceScope": 1,
      "type": 1
    }
  ],
  "resourcePackages": [
    {
      "resourcePackage": {
        "disabled": false,
        "items": [
          {
            "name": "CY21SU04",
            "path": "BaseThemes/CY21SU04.json",
            "type": 202
          }
        ],
        "name": "SharedResources",
        "type": 2
      }
    },
    {
      "resourcePackage": {
        "items": [
          {
            "name": "Slide18606446421520486.PNG",
            "path": "Slide18606446421520486.PNG",
            "type": 100
          },
          {
            "name": "background_26539662601042986.PNG",
            "path": "background_26539662601042986.PNG",
            "type": 100
          },
          {
            "name": "background_26727689560961119.PNG",
            "path": "background_26727689560961119.PNG",
            "type": 100
          },
          {
            "name": "background_26788774316885013.PNG",
            "path": "background_26788774316885013.PNG",
            "type": 100
          }
        ],
        "name": "RegisteredResources",
        "type": 1
      }
    }
  ],
  "sections": [
    {
      "config": "{\"objects\":{\"outspacePane\":[{\"properties\":{\"width\":{\"expr\":{\"Literal\":{\"Value\":\"408L\"}}}}}],\"background\":[{\"properties\":{\"image\":{\"image\":{\"name\":{\"expr\":{\"Literal\":{\"Value\":\"'background 2.PNG'\"}}},\"url\":{\"expr\":{\"ResourcePackageItem\":{\"PackageName\":\"RegisteredResources\",\"PackageType\":1,\"ItemName\":\"background_26788774316885013.PNG\"}}},\"scaling\":{\"expr\":{\"Literal\":{\"Value\":\"'Fit'\"}}}}},\"transparency\":{\"expr\":{\"Literal\":{\"Value\":\"0D\"}}}}}]}}",
      "displayName": "Summary",
      "displayOption": 1,
      "filters": "[]",
      "height": 720.00,
      "name": "ReportSection",
      "visualContainers": [
        {
          "config": "{\"name\":\"0ea0f945ec0c7085b1f2\",\"layouts\":[{\"id\":0,\"position\":{\"height\":76.76971499956291,\"width\":272.1638450472847,\"x\":1.9405893509942014,\"y\":342.24668645141367,\"z\":4000,\"tabOrder\":7000}}],\"singleVisual\":{\"visualType\":\"slicer\",\"projections\":{\"Values\":[{\"queryRef\":\"LNB_Anaesthesia_Summary.SuperVisionLevel\",\"active\":true}]},\"prototypeQuery\":{\"Version\":2,\"From\":[{\"Name\":\"l\",\"Entity\":\"LNB_Anaesthesia_Summary\",\"Type\":0}],\"Select\":[{\"Column\":{\"Expression\":{\"SourceRef\":{\"Source\":\"l\"}},\"Property\":\"SuperVisionLevel\"},\"Name\":\"LNB_Anaesthesia_Summary.SuperVisionLevel\"}]},\"drillFilterOtherVisuals\":true,\"objects\":{\"data\":[{\"properties\":{\"mode\":{\"expr\":{\"Literal\":{\"Value\":\"'Dropdown'\"}}}}}],\"items\":[{\"properties\":{\"fontColor\":{\"solid\":{\"color\":{\"expr\":{\"ThemeDataColor\":{\"ColorId\":1,\"Percent\":0}}}}}}}],\"general\":[{\"properties\":{}}]},\"vcObjects\":{\"title\":[{\"properties\":{\"show\":{\"expr\":{\"Literal\":{\"Value\":\"true\"}}},\"titleWrap\":{\"expr\":{\"Literal\":{\"Value\":\"true\"}}},\"fontSize\":{\"expr\":{\"Literal\":{\"Value\":\"12D\"}}}}}],\"background\":[{\"properties\":{\"show\":{\"expr\":{\"Literal\":{\"Value\":\"true\"}}},\"transparency\":{\"expr\":{\"Literal\":{\"Value\":\"0D\"}}}}}],\"border\":[{\"properties\":{\"show\":{\"expr\":{\"Literal\":{\"Value\":\"true\"}}},\"color\":{\"solid\":{\"color\":{\"expr\":{\"ThemeDataColor\":{\"ColorId\":2,\"Percent\":0.6}}}}}}}],\"dropShadow\":[{\"properties\":{\"show\":{\"expr\":{\"Literal\":{\"Value\":\"true\"}}}}}]}},\"parentGroupName\":\"65a19ab4b8da4f0740e3\"}",
          "filters": "[{\"name\":\"Filter78b463db62a25f19d9b1\",\"expression\":{\"Column\":{\"Expression\":{\"SourceRef\":{\"Entity\":\"LNB_Anaesthesia_Summary\"}},\"Property\":\"SuperVisionLevel\"}},\"filter\":{\"Version\":2,\"From\":[{\"Name\":\"l\",\"Entity\":\"LNB_Anaesthesia_Summary\",\"Type\":0}],\"Where\":[{\"Condition\":{\"Not\":{\"Expression\":{\"In\":{\"Expressions\":[{\"Column\":{\"Expression\":{\"SourceRef\":{\"Source\":\"l\"}},\"Property\":\"SuperVisionLevel\"}}],\"Values\":[[{\"Literal\":{\"Value\":\"null\"}}]]}}}}}]},\"type\":\"Categorical\",\"howCreated\":0,\"objects\":{\"general\":[{\"properties\":{\"isInvertedSelectionMode\":{\"expr\":{\"Literal\":{\"Value\":\"true\"}}}}}]},\"isHiddenInViewMode\":false}]",
          "height": 76.76,
          "width": 272.16,
          "x": 1.94,
          "y": 342.24,
          "z": 4000.00
        },
        {
          "config": "{\"name\":\"1b4594d4e2a38106148b\",\"layouts\":[{\"id\":0,\"position\":{\"x\":613.7960954446855,\"y\":351.40997830802604,\"z\":1000,\"width\":654.4034707158352,\"height\":265.50976138828634,\"tabOrder\":1000}}],\"singleVisual\":{\"visualType\":\"clusteredColumnChart\",\"projections\":{\"Y\":[{\"queryRef\":\"Sum(LNB_Anaesthesia_Summary.NumberOfAttempts)\"}],\"Category\":[{\"queryRef\":\"LNB_Anaesthesia_Summary.NumberOfAttempts\",\"active\":true}]},\"prototypeQuery\":{\"Version\":2,\"From\":[{\"Name\":\"l\",\"Entity\":\"LNB_Anaesthesia_Summary\",\"Type\":0}],\"Select\":[{\"Aggregation\":{\"Expression\":{\"Column\":{\"Expression\":{\"SourceRef\":{\"Source\":\"l\"}},\"Property\":\"NumberOfAttempts\"}},\"Function\":5},\"Name\":\"Sum(LNB_Anaesthesia_Summary.NumberOfAttempts)\"},{\"Column\":{\"Expression\":{\"SourceRef\":{\"Source\":\"l\"}},\"Property\":\"NumberOfAttempts\"},\"Name\":\"LNB_Anaesthesia_Summary.NumberOfAttempts\"}],\"OrderBy\":[{\"Direction\":2,\"Expression\":{\"Aggregation\":{\"Expression\":{\"Column\":{\"Expression\":{\"SourceRef\":{\"Source\":\"l\"}},\"Property\":\"NumberOfAttempts\"}},\"Function\":5}}}]},\"drillFilterOtherVisuals\":true,\"hasDefaultSort\":true,\"objects\":{\"dataPoint\":[{\"properties\":{\"fill\":{\"solid\":{\"color\":{\"expr\":{\"ThemeDataColor\":{\"ColorId\":3,\"Percent\":-0.5}}}}}}}],\"labels\":[{\"properties\":{\"show\":{\"expr\":{\"Literal\":{\"Value\":\"true\"}}}}}],\"categoryAxis\":[{\"properties\":{\"showAxisTitle\":{\"expr\":{\"Literal\":{\"Value\":\"false\"}}},\"fontSize\":{\"expr\":{\"Literal\":{\"Value\":\"8D\"}}}}}],\"valueAxis\":[{\"properties\":{\"showAxisTitle\":{\"expr\":{\"Literal\":{\"Value\":\"false\"}}}}}]},\"vcObjects\":{\"title\":[{\"properties\":{\"text\":{\"expr\":{\"Literal\":{\"Value\":\"'Count of Number of Attempts'\"}}},\"fontSize\":{\"expr\":{\"Literal\":{\"Value\":\"12D\"}}},\"alignment\":{\"expr\":{\"Literal\":{\"Value\":\"'center'\"}}}}}],\"border\":[{\"properties\":{\"show\":{\"expr\":{\"Literal\":{\"Value\":\"true\"}}},\"color\":{\"solid\":{\"color\":{\"expr\":{\"ThemeDataColor\":{\"ColorId\":2,\"Percent\":0.6}}}}}}}],\"dropShadow\":[{\"properties\":{\"show\":{\"expr\":{\"Literal\":{\"Value\":\"true\"}}}}}]}}}",
          "filters": "[]",
          "height": 265.50,
          "width": 654.40,
          "x": 613.79,
          "y": 351.40,
          "z": 1000.00
        },
        {
          "config": "{\"name\":\"1f4aa41ab1187e8812d9\",\"layouts\":[{\"id\":0,\"position\":{\"height\":43.84375,\"width\":309.3934837092732,\"x\":0,\"y\":0,\"z\":0,\"tabOrder\":0}}],\"singleVisual\":{\"visualType\":\"textbox\",\"drillFilterOtherVisuals\":true,\"objects\":{\"general\":[{\"properties\":{\"paragraphs\":[{\"textRuns\":[{\"value\":\"As At:                                                       \",\"textStyle\":{\"fontSize\":\"8pt\",\"color\":\"#ffffff\"}}]},{\"textRuns\":[{\"value\":\"  Data and Analytics\",\"textStyle\":{\"fontSize\":\"8pt\",\"color\":\"#ffffff\"}},{\"value\":\" \",\"textStyle\":{\"color\":\"#ffffff\"}},{\"value\":\"(HIT)\",\"textStyle\":{\"fontSize\":\"8pt\",\"color\":\"#ffffff\"}}]}]}}]},\"vcObjects\":{\"background\":[{\"properties\":{\"show\":{\"expr\":{\"Literal\":{\"Value\":\"false\"}}},\"color\":{\"solid\":{\"color\":{\"expr\":{\"Literal\":{\"Value\":\"'#0756A0'\"}}}}},\"transparency\":{\"expr\":{\"Literal\":{\"Value\":\"0D\"}}}}}],\"title\":[{\"properties\":{\"show\":{\"expr\":{\"Literal\":{\"Value\":\"false\"}}},\"titleWrap\":{\"expr\":{\"Literal\":{\"Value\":\"true\"}}},\"alignment\":{\"expr\":{\"Literal\":{\"Value\":\"'center'\"}}},\"fontSize\":{\"expr\":{\"Literal\":{\"Value\":\"12D\"}}}}}],\"visualHeader\":[{\"properties\":{\"show\":{\"expr\":{\"Literal\":{\"Value\":\"false\"}}}}}],\"general\":[{\"properties\":{\"keepLayerOrder\":{\"expr\":{\"Literal\":{\"Value\":\"true\"}}}}}],\"border\":[{\"properties\":{\"show\":{\"expr\":{\"Literal\":{\"Value\":\"false\"}}},\"color\":{\"solid\":{\"color\":{\"expr\":{\"ThemeDataColor\":{\"ColorId\":1,\"Percent\":0}}}}}}}]}},\"parentGroupName\":\"fa55b59fb2303a59b0ed\"}",
          "filters": "[]",
          "height": 43.84,
          "width": 309.39,
          "x": 0.00,
          "y": 0.00,
          "z": 0.00
        },
        {
          "config": "{\"name\":\"3c3da0778489d2882f20\",\"layouts\":[{\"id\":0,\"position\":{\"x\":610.6724511930586,\"y\":85.9002169197397,\"z\":0,\"width\":657.5271149674621,\"height\":248.32971800433842,\"tabOrder\":0}}],\"singleVisual\":{\"visualType\":\"lineChart\",\"projections\":{\"Y\":[{\"queryRef\":\"Count(LNB_Anaesthesia_Summary.PatientNHI)\"}],\"Category\":[{\"queryRef\":\"dim_date.MMMYYYY\",\"active\":true}]},\"prototypeQuery\":{\"Version\":2,\"From\":[{\"Name\":\"l\",\"Entity\":\"LNB_Anaesthesia_Summary\",\"Type\":0},{\"Name\":\"d\",\"Entity\":\"dim_date\",\"Type\":0}],\"Select\":[{\"Aggregation\":{\"Expression\":{\"Column\":{\"Expression\":{\"SourceRef\":{\"Source\":\"l\"}},\"Property\":\"PatientNHI\"}},\"Function\":2},\"Name\":\"Count(LNB_Anaesthesia_Summary.PatientNHI)\"},{\"Column\":{\"Expression\":{\"SourceRef\":{\"Source\":\"d\"}},\"Property\":\"MMMYYYY\"},\"Name\":\"dim_date.MMMYYYY\"}],\"OrderBy\":[{\"Direction\":1,\"Expression\":{\"Column\":{\"Expression\":{\"SourceRef\":{\"Source\":\"d\"}},\"Property\":\"MMMYYYY\"}}}]},\"drillFilterOtherVisuals\":true,\"objects\":{\"dataPoint\":[{\"properties\":{\"fill\":{\"solid\":{\"color\":{\"expr\":{\"ThemeDataColor\":{\"ColorId\":3,\"Percent\":-0.5}}}}}},\"selector\":{\"metadata\":\"Count(LNB_Anaesthesia_Summary.PatientNHI)\"}}],\"labels\":[{\"properties\":{\"show\":{\"expr\":{\"Literal\":{\"Value\":\"true\"}}}}}],\"categoryAxis\":[{\"properties\":{\"showAxisTitle\":{\"expr\":{\"Literal\":{\"Value\":\"false\"}}}}}],\"valueAxis\":[{\"properties\":{\"showAxisTitle\":{\"expr\":{\"Literal\":{\"Value\":\"false\"}}}}}]},\"vcObjects\":{\"border\":[{\"properties\":{\"show\":{\"expr\":{\"Literal\":{\"Value\":\"true\"}}},\"color\":{\"solid\":{\"color\":{\"expr\":{\"ThemeDataColor\":{\"ColorId\":2,\"Percent\":0.6}}}}}}}],\"dropShadow\":[{\"properties\":{\"show\":{\"expr\":{\"Literal\":{\"Value\":\"true\"}}}}}],\"title\":[{\"properties\":{\"text\":{\"expr\":{\"Literal\":{\"Value\":\"'Patient Count by Month'\"}}},\"fontSize\":{\"expr\":{\"Literal\":{\"Value\":\"12D\"}}}}}],\"visualTooltip\":[{\"properties\":{\"type\":{\"expr\":{\"Literal\":{\"Value\":\"'Canvas'\"}}},\"section\":{\"expr\":{\"Literal\":{\"Value\":\"'ReportSection03a8bcf5bf24c2f2c51b'\"}}}}}]}}}",
          "filters": "[]",
          "height": 248.32,
          "width": 657.52,
          "x": 610.67,
          "y": 85.90,
          "z": 0.00
        },
        {
          "config": "{\"name\":\"65a19ab4b8da4f0740e3\",\"layouts\":[{\"id\":0,\"position\":{\"x\":7.809110629067246,\"y\":85.9002169197397,\"z\":2000,\"width\":574.7505422993493,\"height\":531.0195227765727,\"tabOrder\":4000}}],\"singleVisualGroup\":{\"displayName\":\"Group 2\",\"groupMode\":0,\"objects\":{\"background\":[{\"properties\":{\"show\":{\"expr\":{\"Literal\":{\"Value\":\"true\"}}},\"color\":{\"solid\":{\"color\":{\"expr\":{\"ThemeDataColor\":{\"ColorId\":0,\"Percent\":0}}}}}}}]}}}",
          "height": 531.01,
          "width": 574.75,
          "x": 7.80,
          "y": 85.90,
          "z": 2000.00
        },
        {
          "config": "{\"name\":\"6899b10346d7916d3f32\",\"layouts\":[{\"id\":0,\"position\":{\"x\":3.1236442516268985,\"y\":1.5618221258134493,\"z\":1000,\"width\":174.9240780911063,\"height\":23.42733188720174,\"tabOrder\":1000}}],\"singleVisual\":{\"visualType\":\"card\",\"projections\":{\"Values\":[{\"queryRef\":\"Min(LNB_Anaesthesia_Summary.DataRefreshDate)\"}]},\"prototypeQuery\":{\"Version\":2,\"From\":[{\"Name\":\"l\",\"Entity\":\"LNB_Anaesthesia_Summary\",\"Type\":0}],\"Select\":[{\"Aggregation\":{\"Expression\":{\"Column\":{\"Expression\":{\"SourceRef\":{\"Source\":\"l\"}},\"Property\":\"DataRefreshDate\"}},\"Function\":3},\"Name\":\"Min(LNB_Anaesthesia_Summary.DataRefreshDate)\"}],\"OrderBy\":[{\"Direction\":1,\"Expression\":{\"Aggregation\":{\"Expression\":{\"Column\":{\"Expression\":{\"SourceRef\":{\"Source\":\"l\"}},\"Property\":\"DataRefreshDate\"}},\"Function\":3}}}]},\"drillFilterOtherVisuals\":true,\"hasDefaultSort\":true,\"objects\":{\"labels\":[{\"properties\":{\"fontSize\":{\"expr\":{\"Literal\":{\"Value\":\"8D\"}}},\"color\":{\"solid\":{\"color\":{\"expr\":{\"ThemeDataColor\":{\"ColorId\":0,\"Percent\":0}}}}}}}],\"categoryLabels\":[{\"properties\":{\"fontSize\":{\"expr\":{\"Literal\":{\"Value\":\"8D\"}}},\"show\":{\"expr\":{\"Literal\":{\"Value\":\"false\"}}}}}],\"wordWrap\":[{\"properties\":{\"show\":{\"expr\":{\"Literal\":{\"Value\":\"true\"}}}}}]},\"vcObjects\":{\"title\":[{\"properties\":{\"text\":{\"expr\":{\"Literal\":{\"Value\":\"'As at'\"}}},\"show\":{\"expr\":{\"Literal\":{\"Value\":\"false\"}}},\"titleWrap\":{\"expr\":{\"Literal\":{\"Value\":\"true\"}}},\"alignment\":{\"expr\":{\"Literal\":{\"Value\":\"'center'\"}}},\"fontSize\":{\"expr\":{\"Literal\":{\"Value\":\"12D\"}}}}}],\"background\":[{\"properties\":{\"show\":{\"expr\":{\"Literal\":{\"Value\":\"true\"}}},\"color\":{\"solid\":{\"color\":{\"expr\":{\"Literal\":{\"Value\":\"'#0756A0'\"}}}}},\"transparency\":{\"expr\":{\"Literal\":{\"Value\":\"92D\"}}}}}],\"visualHeader\":[{\"properties\":{\"show\":{\"expr\":{\"Literal\":{\"Value\":\"false\"}}}}}],\"general\":[{\"properties\":{\"keepLayerOrder\":{\"expr\":{\"Literal\":{\"Value\":\"true\"}}}}}],\"border\":[{\"properties\":{\"show\":{\"expr\":{\"Literal\":{\"Value\":\"false\"}}},\"color\":{\"solid\":{\"color\":{\"expr\":{\"ThemeDataColor\":{\"ColorId\":1,\"Percent\":0}}}}}}}]}},\"parentGroupName\":\"fa55b59fb2303a59b0ed\"}",
          "filters": "[]",
          "height": 23.42,
          "width": 174.92,
          "x": 3.12,
          "y": 1.56,
          "z": 1000.00
        },
        {
          "config": "{\"name\":\"8e22a8ad59e871ec9e35\",\"layouts\":[{\"id\":0,\"position\":{\"x\":12,\"y\":10,\"z\":3000,\"width\":425,\"height\":38,\"tabOrder\":2000}}],\"singleVisual\":{\"visualType\":\"textbox\",\"drillFilterOtherVisuals\":true,\"objects\":{\"general\":[{\"properties\":{\"paragraphs\":[{\"textRuns\":[{\"value\":\"Level 9 Anaesthesia Report\",\"textStyle\":{\"fontWeight\":\"bold\",\"fontSize\":\"16pt\",\"color\":\"#ffffff\"}}]}]}}]},\"vcObjects\":{\"title\":[{\"properties\":{\"show\":{\"expr\":{\"Literal\":{\"Value\":\"false\"}}},\"alignment\":{\"expr\":{\"Literal\":{\"Value\":\"'center'\"}}},\"fontSize\":{\"expr\":{\"Literal\":{\"Value\":\"12D\"}}}}}],\"background\":[{\"properties\":{\"color\":{\"solid\":{\"color\":{\"expr\":{\"Literal\":{\"Value\":\"'#0756A0'\"}}}}},\"transparency\":{\"expr\":{\"Literal\":{\"Value\":\"0D\"}}},\"show\":{\"expr\":{\"Literal\":{\"Value\":\"false\"}}}}}],\"border\":[{\"properties\":{\"show\":{\"expr\":{\"Literal\":{\"Value\":\"false\"}}},\"color\":{\"solid\":{\"color\":{\"expr\":{\"ThemeDataColor\":{\"ColorId\":1,\"Percent\":0}}}}}}}]}}}",
          "filters": "[]",
          "height": 38.00,
          "width": 425.00,
          "x": 12.00,
          "y": 10.00,
          "z": 3000.00
        },
        {
          "config": "{\"name\":\"8e2c36eac1459f8d0657\",\"layouts\":[{\"id\":0,\"position\":{\"height\":85.49354624951324,\"width\":287.98732441049896,\"x\":285.18086995252895,\"y\":228.8368802020594,\"z\":8000,\"tabOrder\":6000}}],\"singleVisual\":{\"visualType\":\"slicer\",\"projections\":{\"Values\":[{\"queryRef\":\"dim_date.WeekDayFlag\",\"active\":true}]},\"prototypeQuery\":{\"Version\":2,\"From\":[{\"Name\":\"d\",\"Entity\":\"dim_date\",\"Type\":0}],\"Select\":[{\"Column\":{\"Expression\":{\"SourceRef\":{\"Source\":\"d\"}},\"Property\":\"WeekDayFlag\"},\"Name\":\"dim_date.WeekDayFlag\"}],\"OrderBy\":[{\"Direction\":2,\"Expression\":{\"Column\":{\"Expression\":{\"SourceRef\":{\"Source\":\"d\"}},\"Property\":\"WeekDayFlag\"}}}]},\"drillFilterOtherVisuals\":true,\"objects\":{\"data\":[{\"properties\":{\"mode\":{\"expr\":{\"Literal\":{\"Value\":\"'Dropdown'\"}}}}}],\"items\":[{\"properties\":{\"fontColor\":{\"solid\":{\"color\":{\"expr\":{\"ThemeDataColor\":{\"ColorId\":1,\"Percent\":0}}}}}}}],\"general\":[{\"properties\":{}}]},\"vcObjects\":{\"title\":[{\"properties\":{\"show\":{\"expr\":{\"Literal\":{\"Value\":\"true\"}}},\"titleWrap\":{\"expr\":{\"Literal\":{\"Value\":\"true\"}}},\"fontSize\":{\"expr\":{\"Literal\":{\"Value\":\"12D\"}}}}}],\"background\":[{\"properties\":{\"show\":{\"expr\":{\"Literal\":{\"Value\":\"true\"}}},\"transparency\":{\"expr\":{\"Literal\":{\"Value\":\"0D\"}}}}}],\"border\":[{\"properties\":{\"show\":{\"expr\":{\"Literal\":{\"Value\":\"true\"}}},\"color\":{\"solid\":{\"color\":{\"expr\":{\"ThemeDataColor\":{\"ColorId\":2,\"Percent\":0.6}}}}}}}],\"dropShadow\":[{\"properties\":{\"show\":{\"expr\":{\"Literal\":{\"Value\":\"true\"}}}}}]}},\"parentGroupName\":\"65a19ab4b8da4f0740e3\"}",
          "filters": "[{\"name\":\"Filteraa5c323efa75ce7ff44d\",\"expression\":{\"Column\":{\"Expression\":{\"SourceRef\":{\"Entity\":\"dim_date\"}},\"Property\":\"WeekDayFlag\"}},\"filter\":{\"Version\":2,\"From\":[{\"Name\":\"d\",\"Entity\":\"dim_date\",\"Type\":0}],\"Where\":[{\"Condition\":{\"Not\":{\"Expression\":{\"In\":{\"Expressions\":[{\"Column\":{\"Expression\":{\"SourceRef\":{\"Source\":\"d\"}},\"Property\":\"WeekDayFlag\"}}],\"Values\":[[{\"Literal\":{\"Value\":\"null\"}}]]}}}}}]},\"type\":\"Categorical\",\"howCreated\":0,\"objects\":{\"general\":[{\"properties\":{\"isInvertedSelectionMode\":{\"expr\":{\"Literal\":{\"Value\":\"true\"}}}}}]},\"isHiddenInViewMode\":false}]",
          "height": 85.49,
          "width": 287.98,
          "x": 285.18,
          "y": 228.83,
          "z": 8000.00
        },
        {
          "config": "{\"name\":\"9639624b3aa17bdf93f4\",\"layouts\":[{\"id\":0,\"position\":{\"height\":80.25924749954305,\"width\":268.9991491746419,\"x\":1.9405893509942014,\"y\":234.07117895202964,\"z\":3000,\"tabOrder\":5000}}],\"singleVisual\":{\"visualType\":\"slicer\",\"projections\":{\"Values\":[{\"queryRef\":\"LNB_Anaesthesia_Summary.Location\",\"active\":true}]},\"prototypeQuery\":{\"Version\":2,\"From\":[{\"Name\":\"l\",\"Entity\":\"LNB_Anaesthesia_Summary\",\"Type\":0}],\"Select\":[{\"Column\":{\"Expression\":{\"SourceRef\":{\"Source\":\"l\"}},\"Property\":\"Location\"},\"Name\":\"LNB_Anaesthesia_Summary.Location\"}]},\"drillFilterOtherVisuals\":true,\"objects\":{\"data\":[{\"properties\":{\"mode\":{\"expr\":{\"Literal\":{\"Value\":\"'Basic'\"}}}}}],\"items\":[{\"properties\":{\"fontColor\":{\"solid\":{\"color\":{\"expr\":{\"ThemeDataColor\":{\"ColorId\":1,\"Percent\":0}}}}}}}],\"general\":[{\"properties\":{}}]},\"vcObjects\":{\"border\":[{\"properties\":{\"show\":{\"expr\":{\"Literal\":{\"Value\":\"true\"}}},\"color\":{\"solid\":{\"color\":{\"expr\":{\"ThemeDataColor\":{\"ColorId\":2,\"Percent\":0.6}}}}}}}],\"dropShadow\":[{\"properties\":{\"show\":{\"expr\":{\"Literal\":{\"Value\":\"true\"}}}}}],\"title\":[{\"properties\":{\"show\":{\"expr\":{\"Literal\":{\"Value\":\"true\"}}},\"titleWrap\":{\"expr\":{\"Literal\":{\"Value\":\"true\"}}},\"fontSize\":{\"expr\":{\"Literal\":{\"Value\":\"12D\"}}}}}],\"background\":[{\"properties\":{\"show\":{\"expr\":{\"Literal\":{\"Value\":\"true\"}}},\"transparency\":{\"expr\":{\"Literal\":{\"Value\":\"0D\"}}}}}]}},\"parentGroupName\":\"65a19ab4b8da4f0740e3\"}",
          "filters": "[{\"name\":\"Filterbca4e96cc3037dde9776\",\"expression\":{\"Column\":{\"Expression\":{\"SourceRef\":{\"Entity\":\"LNB_Anaesthesia_Summary\"}},\"Property\":\"Location\"}},\"filter\":{\"Version\":2,\"From\":[{\"Name\":\"l\",\"Entity\":\"LNB_Anaesthesia_Summary\",\"Type\":0}],\"Where\":[{\"Condition\":{\"In\":{\"Expressions\":[{\"Column\":{\"Expression\":{\"SourceRef\":{\"Source\":\"l\"}},\"Property\":\"Location\"}}],\"Values\":[[{\"Literal\":{\"Value\":\"'Theatre'\"}}]]}}}]},\"type\":\"Categorical\",\"howCreated\":0,\"objects\":{},\"isHiddenInViewMode\":false}]",
          "height": 80.25,
          "width": 268.99,
          "x": 1.94,
          "y": 234.07,
          "z": 3000.00
        },
        {
          "config": "{\"name\":\"985a4467427376013025\",\"layouts\":[{\"id\":0,\"position\":{\"height\":83.25468690218084,\"width\":269.9501436982925,\"x\":1.8864124622331233,\"y\":447.7648358743919,\"z\":1000,\"tabOrder\":0}}],\"singleVisual\":{\"visualType\":\"slicer\",\"projections\":{\"Values\":[{\"queryRef\":\"LNB_Anaesthesia_Summary.TheatreEventSpecialty\",\"active\":true}]},\"prototypeQuery\":{\"Version\":2,\"From\":[{\"Name\":\"l\",\"Entity\":\"LNB_Anaesthesia_Summary\",\"Type\":0}],\"Select\":[{\"Column\":{\"Expression\":{\"SourceRef\":{\"Source\":\"l\"}},\"Property\":\"TheatreEventSpecialty\"},\"Name\":\"LNB_Anaesthesia_Summary.TheatreEventSpecialty\"}]},\"drillFilterOtherVisuals\":true,\"objects\":{\"data\":[{\"properties\":{\"mode\":{\"expr\":{\"Literal\":{\"Value\":\"'Dropdown'\"}}}}}],\"items\":[{\"properties\":{\"fontColor\":{\"solid\":{\"color\":{\"expr\":{\"ThemeDataColor\":{\"ColorId\":1,\"Percent\":0}}}}}}}],\"general\":[{\"properties\":{}}]},\"vcObjects\":{\"title\":[{\"properties\":{\"show\":{\"expr\":{\"Literal\":{\"Value\":\"true\"}}},\"titleWrap\":{\"expr\":{\"Literal\":{\"Value\":\"true\"}}},\"alignment\":{\"expr\":{\"Literal\":{\"Value\":\"'left'\"}}},\"fontSize\":{\"expr\":{\"Literal\":{\"Value\":\"12D\"}}}}}],\"background\":[{\"properties\":{\"show\":{\"expr\":{\"Literal\":{\"Value\":\"true\"}}},\"transparency\":{\"expr\":{\"Literal\":{\"Value\":\"0D\"}}}}}],\"border\":[{\"properties\":{\"show\":{\"expr\":{\"Literal\":{\"Value\":\"true\"}}},\"color\":{\"solid\":{\"color\":{\"expr\":{\"ThemeDataColor\":{\"ColorId\":2,\"Percent\":0.6}}}}}}}],\"dropShadow\":[{\"properties\":{\"show\":{\"expr\":{\"Literal\":{\"Value\":\"true\"}}}}}]}},\"parentGroupName\":\"65a19ab4b8da4f0740e3\"}",
          "filters": "[{\"name\":\"Filterce1e18b94d8a04ada495\",\"expression\":{\"Column\":{\"Expression\":{\"SourceRef\":{\"Entity\":\"LNB_Anaesthesia_Summary\"}},\"Property\":\"TheatreEventSpecialty\"}},\"filter\":{\"Version\":2,\"From\":[{\"Name\":\"l\",\"Entity\":\"LNB_Anaesthesia_Summary\",\"Type\":0}],\"Where\":[{\"Condition\":{\"Not\":{\"Expression\":{\"In\":{\"Expressions\":[{\"Column\":{\"Expression\":{\"SourceRef\":{\"Source\":\"l\"}},\"Property\":\"TheatreEventSpecialty\"}}],\"Values\":[[{\"Literal\":{\"Value\":\"null\"}}]]}}}}}]},\"type\":\"Categorical\",\"howCreated\":0,\"objects\":{\"general\":[{\"properties\":{\"isInvertedSelectionMode\":{\"expr\":{\"Literal\":{\"Value\":\"true\"}}}}}]},\"isHiddenInViewMode\":false}]",
          "height": 83.25,
          "width": 269.95,
          "x": 1.88,
          "y": 447.76,
          "z": 1000.00
        },
        {
          "config": "{\"name\":\"b40df5612018fc097ce1\",\"layouts\":[{\"id\":0,\"position\":{\"height\":90.72784499948344,\"width\":268.9991491746419,\"x\":1.9405893509942014,\"y\":113.68230770271501,\"z\":2000,\"tabOrder\":3000}}],\"singleVisual\":{\"visualType\":\"slicer\",\"projections\":{\"Values\":[{\"queryRef\":\"LNB_Anaesthesia_User.FirstRoleName\",\"active\":true}]},\"prototypeQuery\":{\"Version\":2,\"From\":[{\"Name\":\"l\",\"Entity\":\"LNB_Anaesthesia_User\",\"Type\":0}],\"Select\":[{\"Column\":{\"Expression\":{\"SourceRef\":{\"Source\":\"l\"}},\"Property\":\"FirstRoleName\"},\"Name\":\"LNB_Anaesthesia_User.FirstRoleName\"}]},\"columnProperties\":{\"LNB_Anaesthesia_User.FirstRoleName\":{\"displayName\":\"Grade\"}},\"drillFilterOtherVisuals\":true,\"objects\":{\"data\":[{\"properties\":{\"mode\":{\"expr\":{\"Literal\":{\"Value\":\"'Dropdown'\"}}}}}],\"items\":[{\"properties\":{\"fontColor\":{\"solid\":{\"color\":{\"expr\":{\"ThemeDataColor\":{\"ColorId\":1,\"Percent\":0}}}}}}}],\"general\":[{\"properties\":{}}]},\"vcObjects\":{\"title\":[{\"properties\":{\"text\":{\"expr\":{\"Literal\":{\"Value\":\"''\"}}},\"titleWrap\":{\"expr\":{\"Literal\":{\"Value\":\"true\"}}},\"show\":{\"expr\":{\"Literal\":{\"Value\":\"true\"}}},\"fontSize\":{\"expr\":{\"Literal\":{\"Value\":\"12D\"}}}}}],\"border\":[{\"properties\":{\"show\":{\"expr\":{\"Literal\":{\"Value\":\"true\"}}},\"color\":{\"solid\":{\"color\":{\"expr\":{\"ThemeDataColor\":{\"ColorId\":2,\"Percent\":0.6}}}}}}}],\"dropShadow\":[{\"properties\":{\"show\":{\"expr\":{\"Literal\":{\"Value\":\"true\"}}}}}],\"background\":[{\"properties\":{\"show\":{\"expr\":{\"Literal\":{\"Value\":\"true\"}}},\"transparency\":{\"expr\":{\"Literal\":{\"Value\":\"0D\"}}}}}]}},\"parentGroupName\":\"65a19ab4b8da4f0740e3\"}",
          "filters": "[{\"name\":\"Filter71e5e00b00c2f1cda1b2\",\"expression\":{\"Column\":{\"Expression\":{\"SourceRef\":{\"Entity\":\"LNB_Anaesthesia_User\"}},\"Property\":\"FirstRoleName\"}},\"filter\":{\"Version\":2,\"From\":[{\"Name\":\"l\",\"Entity\":\"LNB_Anaesthesia_User\",\"Type\":0}],\"Where\":[{\"Condition\":{\"Not\":{\"Expression\":{\"In\":{\"Expressions\":[{\"Column\":{\"Expression\":{\"SourceRef\":{\"Source\":\"l\"}},\"Property\":\"FirstRoleName\"}}],\"Values\":[[{\"Literal\":{\"Value\":\"null\"}}]]}}}}}]},\"type\":\"Categorical\",\"howCreated\":0,\"objects\":{\"general\":[{\"properties\":{\"isInvertedSelectionMode\":{\"expr\":{\"Literal\":{\"Value\":\"true\"}}}}}]},\"isHiddenInViewMode\":false}]",
          "height": 90.72,
          "width": 268.99,
          "x": 1.94,
          "y": 113.68,
          "z": 2000.00
        },
        {
          "config": "{\"name\":\"c94919cc38a5c87d2108\",\"layouts\":[{\"id\":0,\"position\":{\"height\":93.02831463882747,\"width\":284.6503849671575,\"x\":288.3829324148645,\"y\":0,\"z\":5000,\"tabOrder\":2000}}],\"singleVisual\":{\"visualType\":\"slicer\",\"projections\":{\"Values\":[{\"queryRef\":\"LNB_Anaesthesia_Summary.CormackLehaneGrade\",\"active\":true}]},\"prototypeQuery\":{\"Version\":2,\"From\":[{\"Name\":\"l\",\"Entity\":\"LNB_Anaesthesia_Summary\",\"Type\":0}],\"Select\":[{\"Column\":{\"Expression\":{\"SourceRef\":{\"Source\":\"l\"}},\"Property\":\"CormackLehaneGrade\"},\"Name\":\"LNB_Anaesthesia_Summary.CormackLehaneGrade\"}]},\"drillFilterOtherVisuals\":true,\"objects\":{\"data\":[{\"properties\":{\"mode\":{\"expr\":{\"Literal\":{\"Value\":\"'Dropdown'\"}}}}}],\"items\":[{\"properties\":{\"fontColor\":{\"solid\":{\"color\":{\"expr\":{\"ThemeDataColor\":{\"ColorId\":1,\"Percent\":0}}}}}}}],\"general\":[{\"properties\":{}}]},\"vcObjects\":{\"title\":[{\"properties\":{\"show\":{\"expr\":{\"Literal\":{\"Value\":\"true\"}}},\"titleWrap\":{\"expr\":{\"Literal\":{\"Value\":\"true\"}}},\"fontSize\":{\"expr\":{\"Literal\":{\"Value\":\"12D\"}}}}}],\"background\":[{\"properties\":{\"show\":{\"expr\":{\"Literal\":{\"Value\":\"true\"}}},\"transparency\":{\"expr\":{\"Literal\":{\"Value\":\"0D\"}}}}}],\"border\":[{\"properties\":{\"show\":{\"expr\":{\"Literal\":{\"Value\":\"true\"}}},\"color\":{\"solid\":{\"color\":{\"expr\":{\"ThemeDataColor\":{\"ColorId\":2,\"Percent\":0.6}}}}}}}],\"dropShadow\":[{\"properties\":{\"show\":{\"expr\":{\"Literal\":{\"Value\":\"true\"}}}}}]}},\"parentGroupName\":\"65a19ab4b8da4f0740e3\"}",
          "filters": "[{\"name\":\"Filtere06d6dd7189eb585d5e0\",\"expression\":{\"Column\":{\"Expression\":{\"SourceRef\":{\"Entity\":\"LNB_Anaesthesia_Summary\"}},\"Property\":\"CormackLehaneGrade\"}},\"filter\":{\"Version\":2,\"From\":[{\"Name\":\"l\",\"Entity\":\"LNB_Anaesthesia_Summary\",\"Type\":0}],\"Where\":[{\"Condition\":{\"Not\":{\"Expression\":{\"In\":{\"Expressions\":[{\"Column\":{\"Expression\":{\"SourceRef\":{\"Source\":\"l\"}},\"Property\":\"CormackLehaneGrade\"}}],\"Values\":[[{\"Literal\":{\"Value\":\"null\"}}]]}}}}}]},\"type\":\"Categorical\",\"howCreated\":0,\"objects\":{\"general\":[{\"properties\":{\"isInvertedSelectionMode\":{\"expr\":{\"Literal\":{\"Value\":\"true\"}}}}}]},\"isHiddenInViewMode\":false}]",
          "height": 93.02,
          "width": 284.65,
          "x": 288.38,
          "y": 0.00,
          "z": 5000.00
        },
        {
          "config": "{\"name\":\"d97ca6ca025bc42d89de\",\"layouts\":[{\"id\":0,\"position\":{\"height\":89.4503025373341,\"width\":269.89073537626786,\"x\":0,\"y\":1.3812960829984913,\"z\":0,\"tabOrder\":1000}}],\"singleVisual\":{\"visualType\":\"slicer\",\"projections\":{\"Values\":[{\"queryRef\":\"LNB_Anaesthesia_Summary.AnaestheticGiven\",\"active\":true}]},\"prototypeQuery\":{\"Version\":2,\"From\":[{\"Name\":\"l\",\"Entity\":\"LNB_Anaesthesia_Summary\",\"Type\":0}],\"Select\":[{\"Column\":{\"Expression\":{\"SourceRef\":{\"Source\":\"l\"}},\"Property\":\"AnaestheticGiven\"},\"Name\":\"LNB_Anaesthesia_Summary.AnaestheticGiven\"}]},\"drillFilterOtherVisuals\":true,\"objects\":{\"data\":[{\"properties\":{\"mode\":{\"expr\":{\"Literal\":{\"Value\":\"'Dropdown'\"}}}}}],\"general\":[{\"properties\":{}}],\"items\":[{\"properties\":{\"fontColor\":{\"solid\":{\"color\":{\"expr\":{\"ThemeDataColor\":{\"ColorId\":1,\"Percent\":0}}}}}}}]},\"vcObjects\":{\"border\":[{\"properties\":{\"show\":{\"expr\":{\"Literal\":{\"Value\":\"true\"}}},\"color\":{\"solid\":{\"color\":{\"expr\":{\"ThemeDataColor\":{\"ColorId\":2,\"Percent\":0.6}}}}}}}],\"dropShadow\":[{\"properties\":{\"show\":{\"expr\":{\"Literal\":{\"Value\":\"true\"}}},\"position\":{\"expr\":{\"Literal\":{\"Value\":\"'Outer'\"}}}}}],\"title\":[{\"properties\":{\"titleWrap\":{\"expr\":{\"Literal\":{\"Value\":\"true\"}}},\"show\":{\"expr\":{\"Literal\":{\"Value\":\"true\"}}},\"fontSize\":{\"expr\":{\"Literal\":{\"Value\":\"12D\"}}},\"alignment\":{\"expr\":{\"Literal\":{\"Value\":\"'left'\"}}}}}],\"background\":[{\"properties\":{\"show\":{\"expr\":{\"Literal\":{\"Value\":\"true\"}}},\"transparency\":{\"expr\":{\"Literal\":{\"Value\":\"0D\"}}}}}]}},\"parentGroupName\":\"65a19ab4b8da4f0740e3\"}",
          "filters": "[{\"name\":\"Filter1af3290b6d291eed1a30\",\"expression\":{\"Column\":{\"Expression\":{\"SourceRef\":{\"Entity\":\"LNB_Anaesthesia_Summary\"}},\"Property\":\"AnaestheticGiven\"}},\"filter\":{\"Version\":2,\"From\":[{\"Name\":\"l\",\"Entity\":\"LNB_Anaesthesia_Summary\",\"Type\":0}],\"Where\":[{\"Condition\":{\"Not\":{\"Expression\":{\"In\":{\"Expressions\":[{\"Column\":{\"Expression\":{\"SourceRef\":{\"Source\":\"l\"}},\"Property\":\"AnaestheticGiven\"}}],\"Values\":[[{\"Literal\":{\"Value\":\"null\"}}]]}}}}}]},\"type\":\"Categorical\",\"howCreated\":0,\"objects\":{\"general\":[{\"properties\":{\"isInvertedSelectionMode\":{\"expr\":{\"Literal\":{\"Value\":\"true\"}}}}}]},\"isHiddenInViewMode\":false}]",
          "height": 89.45,
          "width": 269.89,
          "x": 0.00,
          "y": 1.38,
          "z": 0.00
        },
        {
          "config": "{\"name\":\"daa5f8d298bd6e15531a\",\"layouts\":[{\"id\":0,\"position\":{\"height\":92.47261124947353,\"width\":289.56967234682037,\"x\":285.18086995252895,\"y\":113.68230770271501,\"z\":7000,\"tabOrder\":4000}}],\"singleVisual\":{\"visualType\":\"slicer\",\"projections\":{\"Values\":[{\"queryRef\":\"dim_date.Year\",\"active\":true},{\"queryRef\":\"dim_date.Month\",\"active\":true}]},\"prototypeQuery\":{\"Version\":2,\"From\":[{\"Name\":\"d\",\"Entity\":\"dim_date\",\"Type\":0}],\"Select\":[{\"Column\":{\"Expression\":{\"SourceRef\":{\"Source\":\"d\"}},\"Property\":\"Year\"},\"Name\":\"dim_date.Year\"},{\"Column\":{\"Expression\":{\"SourceRef\":{\"Source\":\"d\"}},\"Property\":\"Month\"},\"Name\":\"dim_date.Month\"}],\"OrderBy\":[{\"Direction\":1,\"Expression\":{\"Column\":{\"Expression\":{\"SourceRef\":{\"Source\":\"d\"}},\"Property\":\"Year\"}}}]},\"expansionStates\":[{\"roles\":[\"Values\"],\"levels\":[{\"queryRefs\":[\"dim_date.Year\"],\"isCollapsed\":true,\"identityKeys\":[{\"Column\":{\"Expression\":{\"SourceRef\":{\"Entity\":\"dim_date\"}},\"Property\":\"Year\"}}],\"isPinned\":true},{\"queryRefs\":[\"dim_date.Month\"],\"isCollapsed\":true,\"isPinned\":true}],\"root\":{\"identityValues\":null,\"children\":[{\"identityValues\":[{\"Literal\":{\"Value\":\"2022L\"}}],\"isToggled\":true}]}}],\"syncGroup\":{\"groupName\":\"Year\",\"fieldChanges\":true,\"filterChanges\":true},\"drillFilterOtherVisuals\":true,\"objects\":{\"data\":[{\"properties\":{\"mode\":{\"expr\":{\"Literal\":{\"Value\":\"'Dropdown'\"}}}}}],\"general\":[{\"properties\":{}}],\"items\":[{\"properties\":{\"fontColor\":{\"solid\":{\"color\":{\"expr\":{\"ThemeDataColor\":{\"ColorId\":1,\"Percent\":0}}}}}}}]},\"vcObjects\":{\"title\":[{\"properties\":{\"show\":{\"expr\":{\"Literal\":{\"Value\":\"true\"}}},\"titleWrap\":{\"expr\":{\"Literal\":{\"Value\":\"true\"}}},\"alignment\":{\"expr\":{\"Literal\":{\"Value\":\"'left'\"}}},\"fontSize\":{\"expr\":{\"Literal\":{\"Value\":\"12D\"}}}}}],\"background\":[{\"properties\":{\"show\":{\"expr\":{\"Literal\":{\"Value\":\"true\"}}},\"transparency\":{\"expr\":{\"Literal\":{\"Value\":\"0D\"}}}}}],\"border\":[{\"properties\":{\"show\":{\"expr\":{\"Literal\":{\"Value\":\"true\"}}},\"color\":{\"solid\":{\"color\":{\"expr\":{\"ThemeDataColor\":{\"ColorId\":2,\"Percent\":0.6}}}}}}}],\"dropShadow\":[{\"properties\":{\"show\":{\"expr\":{\"Literal\":{\"Value\":\"true\"}}}}}]}},\"parentGroupName\":\"65a19ab4b8da4f0740e3\"}",
          "filters": "[{\"name\":\"Filtere7737b1f978d8e6b0413\",\"expression\":{\"Column\":{\"Expression\":{\"SourceRef\":{\"Entity\":\"dim_date\"}},\"Property\":\"Month\"}},\"filter\":{\"Version\":2,\"From\":[{\"Name\":\"d\",\"Entity\":\"dim_date\",\"Type\":0}],\"Where\":[{\"Condition\":{\"Not\":{\"Expression\":{\"In\":{\"Expressions\":[{\"Column\":{\"Expression\":{\"SourceRef\":{\"Source\":\"d\"}},\"Property\":\"Month\"}}],\"Values\":[[{\"Literal\":{\"Value\":\"null\"}}]]}}}}}]},\"type\":\"Categorical\",\"howCreated\":0,\"objects\":{\"general\":[{\"properties\":{\"isInvertedSelectionMode\":{\"expr\":{\"Literal\":{\"Value\":\"true\"}}}}}]},\"isHiddenInViewMode\":false}]",
          "height": 92.47,
          "width": 289.56,
          "x": 285.18,
          "y": 113.68,
          "z": 7000.00
        },
        {
          "config": "{\"name\":\"f4ac38d1abfae17bd9dd\",\"layouts\":[{\"id\":0,\"position\":{\"height\":75.02494874957283,\"width\":278.4932367925704,\"x\":285.18086995252895,\"y\":347.4809852013839,\"z\":6000,\"tabOrder\":8000}}],\"singleVisual\":{\"visualType\":\"slicer\",\"projections\":{\"Values\":[{\"queryRef\":\"LNB_Anaesthesia_Summary.Shift\",\"active\":true}]},\"prototypeQuery\":{\"Version\":2,\"From\":[{\"Name\":\"l\",\"Entity\":\"LNB_Anaesthesia_Summary\",\"Type\":0}],\"Select\":[{\"Column\":{\"Expression\":{\"SourceRef\":{\"Source\":\"l\"}},\"Property\":\"Shift\"},\"Name\":\"LNB_Anaesthesia_Summary.Shift\"}]},\"drillFilterOtherVisuals\":true,\"objects\":{\"data\":[{\"properties\":{\"mode\":{\"expr\":{\"Literal\":{\"Value\":\"'Dropdown'\"}}}}}],\"items\":[{\"properties\":{\"fontColor\":{\"solid\":{\"color\":{\"expr\":{\"ThemeDataColor\":{\"ColorId\":1,\"Percent\":0}}}}}}}],\"general\":[{\"properties\":{}}]},\"vcObjects\":{\"title\":[{\"properties\":{\"show\":{\"expr\":{\"Literal\":{\"Value\":\"true\"}}},\"titleWrap\":{\"expr\":{\"Literal\":{\"Value\":\"true\"}}},\"alignment\":{\"expr\":{\"Literal\":{\"Value\":\"'left'\"}}},\"fontSize\":{\"expr\":{\"Literal\":{\"Value\":\"12D\"}}}}}],\"background\":[{\"properties\":{\"show\":{\"expr\":{\"Literal\":{\"Value\":\"true\"}}},\"transparency\":{\"expr\":{\"Literal\":{\"Value\":\"0D\"}}}}}],\"border\":[{\"properties\":{\"show\":{\"expr\":{\"Literal\":{\"Value\":\"true\"}}},\"color\":{\"solid\":{\"color\":{\"expr\":{\"ThemeDataColor\":{\"ColorId\":2,\"Percent\":0.6}}}}}}}],\"dropShadow\":[{\"properties\":{\"show\":{\"expr\":{\"Literal\":{\"Value\":\"true\"}}}}}]}},\"parentGroupName\":\"65a19ab4b8da4f0740e3\"}",
          "filters": "[{\"name\":\"Filterb52ae4cd4da359ff58cb\",\"expression\":{\"Column\":{\"Expression\":{\"SourceRef\":{\"Entity\":\"LNB_Anaesthesia_Summary\"}},\"Property\":\"Shift\"}},\"filter\":{\"Version\":2,\"From\":[{\"Name\":\"l\",\"Entity\":\"LNB_Anaesthesia_Summary\",\"Type\":0}],\"Where\":[{\"Condition\":{\"Not\":{\"Expression\":{\"In\":{\"Expressions\":[{\"Column\":{\"Expression\":{\"SourceRef\":{\"Source\":\"l\"}},\"Property\":\"Shift\"}}],\"Values\":[[{\"Literal\":{\"Value\":\"null\"}}]]}}}}}]},\"type\":\"Categorical\",\"howCreated\":0,\"objects\":{\"general\":[{\"properties\":{\"isInvertedSelectionMode\":{\"expr\":{\"Literal\":{\"Value\":\"true\"}}}}}]},\"isHiddenInViewMode\":false}]",
          "height": 75.02,
          "width": 278.49,
          "x": 285.18,
          "y": 347.48,
          "z": 6000.00
        },
        {
          "config": "{\"name\":\"fa55b59fb2303a59b0ed\",\"layouts\":[{\"id\":0,\"position\":{\"x\":887,\"y\":10,\"z\":4000,\"width\":309.3934837092732,\"height\":43.84375,\"tabOrder\":3000}}],\"singleVisualGroup\":{\"displayName\":\"Group 1\",\"groupMode\":0}}",
          "height": 43.84,
          "width": 309.39,
          "x": 887.00,
          "y": 10.00,
          "z": 4000.00
        }
      ],
      "width": 1280.00
    },
    {
      "config": "{\"objects\":{\"outspacePane\":[{\"properties\":{\"width\":{\"expr\":{\"Literal\":{\"Value\":\"408L\"}}}}}],\"background\":[{\"properties\":{\"image\":{\"image\":{\"name\":{\"expr\":{\"Literal\":{\"Value\":\"'Slide1.PNG'\"}}},\"url\":{\"expr\":{\"ResourcePackageItem\":{\"PackageName\":\"RegisteredResources\",\"PackageType\":1,\"ItemName\":\"Slide18606446421520486.PNG\"}}},\"scaling\":{\"expr\":{\"Literal\":{\"Value\":\"'Normal'\"}}}}},\"transparency\":{\"expr\":{\"Literal\":{\"Value\":\"0D\"}}}}}]},\"visibility\":1,\"type\":1}",
      "displayName": "ToolTip",
      "displayOption": 1,
      "filters": "[{\"name\":\"Filter6a669a162ebf5a896e45\",\"expression\":{\"Column\":{\"Expression\":{\"SourceRef\":{\"Entity\":\"LNB_Anaesthesia_Summary\"}},\"Property\":\"NumberOfAttempts\"}},\"type\":\"Categorical\",\"howCreated\":5}]",
      "height": 240.00,
      "name": "ReportSection03a8bcf5bf24c2f2c51b",
      "ordinal": 5,
      "visualContainers": [
        {
          "config": "{\"name\":\"7fb5a335b7d70cb125b4\",\"layouts\":[{\"id\":0,\"position\":{\"x\":0,\"y\":0,\"z\":0,\"width\":320.09744214372716,\"height\":240}}],\"singleVisual\":{\"visualType\":\"clusteredBarChart\",\"projections\":{\"Category\":[{\"queryRef\":\"LNB_Anaesthesia_Summary.AnaestheticGiven\",\"active\":true}],\"Y\":[{\"queryRef\":\"Count(LNB_Anaesthesia_Summary.NHI)\"}],\"Tooltips\":[{\"queryRef\":\"Min(LNB_Anaesthesia_Summary.NHI)\"}]},\"prototypeQuery\":{\"Version\":2,\"From\":[{\"Name\":\"l\",\"Entity\":\"LNB_Anaesthesia_Summary\",\"Type\":0}],\"Select\":[{\"Column\":{\"Expression\":{\"SourceRef\":{\"Source\":\"l\"}},\"Property\":\"AnaestheticGiven\"},\"Name\":\"LNB_Anaesthesia_Summary.AnaestheticGiven\"},{\"Aggregation\":{\"Expression\":{\"Column\":{\"Expression\":{\"SourceRef\":{\"Source\":\"l\"}},\"Property\":\"NHI\"}},\"Function\":2},\"Name\":\"Count(LNB_Anaesthesia_Summary.NHI)\"},{\"Aggregation\":{\"Expression\":{\"Column\":{\"Expression\":{\"SourceRef\":{\"Source\":\"l\"}},\"Property\":\"NHI\"}},\"Function\":5},\"Name\":\"Min(LNB_Anaesthesia_Summary.NHI)\"}],\"OrderBy\":[{\"Direction\":2,\"Expression\":{\"Aggregation\":{\"Expression\":{\"Column\":{\"Expression\":{\"SourceRef\":{\"Source\":\"l\"}},\"Property\":\"NHI\"}},\"Function\":2}}}]},\"drillFilterOtherVisuals\":true,\"hasDefaultSort\":true,\"objects\":{\"valueAxis\":[{\"properties\":{\"showAxisTitle\":{\"expr\":{\"Literal\":{\"Value\":\"false\"}}},\"labelColor\":{\"solid\":{\"color\":{\"expr\":{\"ThemeDataColor\":{\"ColorId\":1,\"Percent\":0}}}}},\"fontSize\":{\"expr\":{\"Literal\":{\"Value\":\"10D\"}}}}}],\"dataPoint\":[{\"properties\":{\"fill\":{\"solid\":{\"color\":{\"expr\":{\"ThemeDataColor\":{\"ColorId\":3,\"Percent\":-0.5}}}}}}}],\"labels\":[{\"properties\":{\"show\":{\"expr\":{\"Literal\":{\"Value\":\"true\"}}},\"color\":{\"solid\":{\"color\":{\"expr\":{\"ThemeDataColor\":{\"ColorId\":1,\"Percent\":0}}}}},\"fontSize\":{\"expr\":{\"Literal\":{\"Value\":\"10D\"}}},\"labelPosition\":{\"expr\":{\"Literal\":{\"Value\":\"'OutsideEnd'\"}}}}}],\"plotArea\":[{\"properties\":{\"transparency\":{\"expr\":{\"Literal\":{\"Value\":\"0D\"}}}}}],\"categoryAxis\":[{\"properties\":{\"showAxisTitle\":{\"expr\":{\"Literal\":{\"Value\":\"false\"}}},\"maxMarginFactor\":{\"expr\":{\"Literal\":{\"Value\":\"50L\"}}}}}]},\"vcObjects\":{\"title\":[{\"properties\":{\"titleWrap\":{\"expr\":{\"Literal\":{\"Value\":\"true\"}}},\"alignment\":{\"expr\":{\"Literal\":{\"Value\":\"'center'\"}}}}}],\"background\":[{\"properties\":{\"show\":{\"expr\":{\"Literal\":{\"Value\":\"true\"}}},\"transparency\":{\"expr\":{\"Literal\":{\"Value\":\"0D\"}}}}}],\"border\":[{\"properties\":{\"show\":{\"expr\":{\"Literal\":{\"Value\":\"true\"}}},\"color\":{\"solid\":{\"color\":{\"expr\":{\"ThemeDataColor\":{\"ColorId\":2,\"Percent\":0.6}}}}}}}],\"dropShadow\":[{\"properties\":{\"show\":{\"expr\":{\"Literal\":{\"Value\":\"true\"}}}}}],\"visualTooltip\":[{\"properties\":{\"show\":{\"expr\":{\"Literal\":{\"Value\":\"false\"}}},\"type\":{\"expr\":{\"Literal\":{\"Value\":\"'Default'\"}}}}}]}}}",
          "filters": "[]",
          "height": 240.00,
          "width": 320.09,
          "x": 0.00,
          "y": 0.00,
          "z": 0.00
        }
      ],
      "width": 320.00
    },
    {
      "config": "{}",
      "displayName": "Report Information",
      "displayOption": 1,
      "filters": "[]",
      "height": 720.00,
      "name": "ReportSection03f57b73eee195b21fd9",
      "ordinal": 1,
      "visualContainers": [
        {
          "config": "{\"name\":\"42f1a5bc42c3015eb52b\",\"layouts\":[{\"id\":0,\"position\":{\"x\":9.536423841059603,\"y\":0,\"z\":0,\"width\":1060.132450331126,\"height\":613.5099337748345,\"tabOrder\":1000}}],\"singleVisual\":{\"visualType\":\"textbox\",\"drillFilterOtherVisuals\":true,\"objects\":{\"general\":[{\"properties\":{\"paragraphs\":[{\"textRuns\":[{\"value\":\"Description:\",\"textStyle\":{\"fontWeight\":\"bold\",\"fontSize\":\"14pt\"}},{\"value\":\" This report indicates the count of patients who have undergone different Anaeasthetic procedures during a selected time period. Also it indicates the count of number of attempts taken for each procedure. \",\"textStyle\":{\"fontSize\":\"14pt\"}}]},{\"textRuns\":[{\"value\":\"\"}]},{\"textRuns\":[{\"value\":\"Owner:\",\"textStyle\":{\"fontWeight\":\"bold\",\"fontSize\":\"14pt\"}},{\"value\":\" Prajulal Prabhakaran\",\"textStyle\":{\"fontSize\":\"14pt\"}}]},{\"textRuns\":[{\"value\":\"\"}]},{\"textRuns\":[{\"value\":\"\"}]},{\"textRuns\":[{\"value\":\"\"}]},{\"textRuns\":[{\"value\":\"\"}]},{\"textRuns\":[{\"value\":\"\"}]},{\"textRuns\":[{\"value\":\"\"}]}]}}]}}}",
          "filters": "[]",
          "height": 613.50,
          "width": 1060.13,
          "x": 9.53,
          "y": 0.00,
          "z": 0.00
        },
        {
          "config": "{\"name\":\"fa856df6c0bd54fbaa09\",\"layouts\":[{\"id\":0,\"position\":{\"x\":0,\"y\":673.907284768212,\"z\":1000,\"width\":1225.430463576159,\"height\":46.092715231788084,\"tabOrder\":0}}],\"singleVisual\":{\"visualType\":\"textbox\",\"drillFilterOtherVisuals\":true,\"objects\":{\"general\":[{\"properties\":{\"paragraphs\":[{\"textRuns\":[{\"value\":\"Confidential: This dataset may contain National Health Information (NHI).  The user is responsible for taking measures to protect sensitive data and personal information.  This document is for ADHB internal use only.\",\"textStyle\":{\"fontSize\":\"8pt\"}}]}]}}]},\"vcObjects\":{\"background\":[{\"properties\":{\"show\":{\"expr\":{\"Literal\":{\"Value\":\"false\"}}}}}]}}}",
          "filters": "[]",
          "height": 46.09,
          "width": 1225.43,
          "x": 0.00,
          "y": 673.90,
          "z": 1000.00
        }
      ],
      "width": 1280.00
    },
    {
      "config": "{\"objects\":{\"outspacePane\":[{\"properties\":{\"width\":{\"expr\":{\"Literal\":{\"Value\":\"408L\"}}}}}],\"background\":[{\"properties\":{\"image\":{\"image\":{\"name\":{\"expr\":{\"Literal\":{\"Value\":\"'background 2.PNG'\"}}},\"url\":{\"expr\":{\"ResourcePackageItem\":{\"PackageName\":\"RegisteredResources\",\"PackageType\":1,\"ItemName\":\"background_26539662601042986.PNG\"}}},\"scaling\":{\"expr\":{\"Literal\":{\"Value\":\"'Fit'\"}}}}},\"transparency\":{\"expr\":{\"Literal\":{\"Value\":\"0D\"}}}}}]},\"visibility\":1}",
      "displayName": "NOADrillthrough",
      "displayOption": 1,
      "filters": "[{\"name\":\"Filter6a669a162ebf5a896e45\",\"expression\":{\"Column\":{\"Expression\":{\"SourceRef\":{\"Entity\":\"LNB_Anaesthesia_Summary\"}},\"Property\":\"NumberOfAttempts\"}},\"type\":\"Categorical\",\"howCreated\":5}]",
      "height": 720.00,
      "name": "ReportSection0957d9b91cc84c2f25b5",
      "ordinal": 4,
      "visualContainers": [
        {
          "config": "{\"name\":\"a3d51f71f4449d580724\",\"layouts\":[{\"id\":0,\"position\":{\"x\":0,\"y\":0,\"z\":2000,\"width\":102,\"height\":33,\"tabOrder\":2000}}],\"singleVisual\":{\"visualType\":\"actionButton\",\"drillFilterOtherVisuals\":true,\"objects\":{\"icon\":[{\"properties\":{\"shapeType\":{\"expr\":{\"Literal\":{\"Value\":\"'back'\"}}},\"lineColor\":{\"solid\":{\"color\":{\"expr\":{\"ThemeDataColor\":{\"ColorId\":1,\"Percent\":0}}}}}},\"selector\":{\"id\":\"default\"}}],\"fill\":[{\"properties\":{\"show\":{\"expr\":{\"Literal\":{\"Value\":\"true\"}}}}},{\"properties\":{\"fillColor\":{\"solid\":{\"color\":{\"expr\":{\"Literal\":{\"Value\":\"'#20489E'\"}}}}},\"transparency\":{\"expr\":{\"Literal\":{\"Value\":\"0D\"}}}},\"selector\":{\"id\":\"default\"}}]},\"vcObjects\":{\"visualLink\":[{\"properties\":{\"show\":{\"expr\":{\"Literal\":{\"Value\":\"true\"}}},\"type\":{\"expr\":{\"Literal\":{\"Value\":\"'Back'\"}}}}}]}}}",
          "filters": "[]",
          "height": 33.00,
          "width": 102.00,
          "x": 0.00,
          "y": 0.00,
          "z": 2000.00
        },
        {
          "config": "{\"name\":\"d3695a3f21bcc3eaa2df\",\"layouts\":[{\"id\":0,\"position\":{\"x\":0,\"y\":88.58757062146893,\"z\":1000,\"width\":1260.1129943502826,\"height\":615.5932203389831,\"tabOrder\":1000}}],\"singleVisual\":{\"visualType\":\"tableEx\",\"projections\":{\"Values\":[{\"queryRef\":\"LNB_Anaesthesia_Summary.NHI\"},{\"queryRef\":\"LNB_Anaesthesia_Summary.AnaestheticGiven\"},{\"queryRef\":\"Sum(LNB_Anaesthesia_Summary.NumberOfAttempts)\"},{\"queryRef\":\"LNB_Anaesthesia_Summary.SuperVisionLevel\"},{\"queryRef\":\"LNB_Anaesthesia_Summary.ASA\"},{\"queryRef\":\"LNB_Anaesthesia_User.FirstAnaesthetistFirstName\"},{\"queryRef\":\"LNB_Anaesthesia_User.FirstAnaesthetistLastName\"},{\"queryRef\":\"LNB_Anaesthesia_User.SecondAnaesthetistFirstName\"},{\"queryRef\":\"LNB_Anaesthesia_User.SecondAnaesthetistLastName\"},{\"queryRef\":\"LNB_Anaesthesia_Summary.OperationDescription\"},{\"queryRef\":\"Sum(LNB_Anaesthesia_Summary.EstimatedBloodLoss)\"},{\"queryRef\":\"LNB_Anaesthesia_Summary.TimeOfKnifeToSkin\"}]},\"prototypeQuery\":{\"Version\":2,\"From\":[{\"Name\":\"l\",\"Entity\":\"LNB_Anaesthesia_Summary\",\"Type\":0},{\"Name\":\"l1\",\"Entity\":\"LNB_Anaesthesia_User\",\"Type\":0}],\"Select\":[{\"Column\":{\"Expression\":{\"SourceRef\":{\"Source\":\"l\"}},\"Property\":\"NHI\"},\"Name\":\"LNB_Anaesthesia_Summary.NHI\"},{\"Column\":{\"Expression\":{\"SourceRef\":{\"Source\":\"l\"}},\"Property\":\"AnaestheticGiven\"},\"Name\":\"LNB_Anaesthesia_Summary.AnaestheticGiven\"},{\"Column\":{\"Expression\":{\"SourceRef\":{\"Source\":\"l\"}},\"Property\":\"ASA\"},\"Name\":\"LNB_Anaesthesia_Summary.ASA\"},{\"Column\":{\"Expression\":{\"SourceRef\":{\"Source\":\"l1\"}},\"Property\":\"FirstAnaesthetistFirstName\"},\"Name\":\"LNB_Anaesthesia_User.FirstAnaesthetistFirstName\"},{\"Column\":{\"Expression\":{\"SourceRef\":{\"Source\":\"l1\"}},\"Property\":\"FirstAnaesthetistLastName\"},\"Name\":\"LNB_Anaesthesia_User.FirstAnaesthetistLastName\"},{\"Column\":{\"Expression\":{\"SourceRef\":{\"Source\":\"l1\"}},\"Property\":\"SecondAnaesthetistFirstName\"},\"Name\":\"LNB_Anaesthesia_User.SecondAnaesthetistFirstName\"},{\"Column\":{\"Expression\":{\"SourceRef\":{\"Source\":\"l1\"}},\"Property\":\"SecondAnaesthetistLastName\"},\"Name\":\"LNB_Anaesthesia_User.SecondAnaesthetistLastName\"},{\"Column\":{\"Expression\":{\"SourceRef\":{\"Source\":\"l\"}},\"Property\":\"OperationDescription\"},\"Name\":\"LNB_Anaesthesia_Summary.OperationDescription\"},{\"Aggregation\":{\"Expression\":{\"Column\":{\"Expression\":{\"SourceRef\":{\"Source\":\"l\"}},\"Property\":\"EstimatedBloodLoss\"}},\"Function\":0},\"Name\":\"Sum(LNB_Anaesthesia_Summary.EstimatedBloodLoss)\"},{\"Column\":{\"Expression\":{\"SourceRef\":{\"Source\":\"l\"}},\"Property\":\"TimeOfKnifeToSkin\"},\"Name\":\"LNB_Anaesthesia_Summary.TimeOfKnifeToSkin\"},{\"Aggregation\":{\"Expression\":{\"Column\":{\"Expression\":{\"SourceRef\":{\"Source\":\"l\"}},\"Property\":\"NumberOfAttempts\"}},\"Function\":0},\"Name\":\"Sum(LNB_Anaesthesia_Summary.NumberOfAttempts)\"},{\"Column\":{\"Expression\":{\"SourceRef\":{\"Source\":\"l\"}},\"Property\":\"SuperVisionLevel\"},\"Name\":\"LNB_Anaesthesia_Summary.SuperVisionLevel\"}]},\"drillFilterOtherVisuals\":true,\"objects\":{\"total\":[{\"properties\":{\"totals\":{\"expr\":{\"Literal\":{\"Value\":\"false\"}}}}}],\"grid\":[{\"properties\":{\"gridVertical\":{\"expr\":{\"Literal\":{\"Value\":\"true\"}}},\"outlineColor\":{\"solid\":{\"color\":{\"expr\":{\"ThemeDataColor\":{\"ColorId\":1,\"Percent\":0}}}}},\"gridVerticalColor\":{\"solid\":{\"color\":{\"expr\":{\"ThemeDataColor\":{\"ColorId\":0,\"Percent\":0}}}}},\"gridHorizontalColor\":{\"solid\":{\"color\":{\"expr\":{\"ThemeDataColor\":{\"ColorId\":2,\"Percent\":0.4}}}}}}}],\"columnHeaders\":[{\"properties\":{\"backColor\":{\"solid\":{\"color\":{\"expr\":{\"ThemeDataColor\":{\"ColorId\":2,\"Percent\":-0.5}}}}},\"fontSize\":{\"expr\":{\"Literal\":{\"Value\":\"8D\"}}}}}],\"values\":[{\"properties\":{\"fontSize\":{\"expr\":{\"Literal\":{\"Value\":\"8D\"}}}}}]},\"vcObjects\":{\"stylePreset\":[{\"properties\":{\"name\":{\"expr\":{\"Literal\":{\"Value\":\"'AlternatingRows'\"}}}}}],\"border\":[{\"properties\":{\"show\":{\"expr\":{\"Literal\":{\"Value\":\"true\"}}}}}],\"dropShadow\":[{\"properties\":{\"show\":{\"expr\":{\"Literal\":{\"Value\":\"true\"}}},\"color\":{\"solid\":{\"color\":{\"expr\":{\"ThemeDataColor\":{\"ColorId\":2,\"Percent\":0.6}}}}}}}]}}}",
          "filters": "[]",
          "height": 615.59,
          "width": 1260.11,
          "x": 0.00,
          "y": 88.58,
          "z": 1000.00
        }
      ],
      "width": 1280.00
    },
    {
      "config": "{\"objects\":{\"outspacePane\":[{\"properties\":{\"width\":{\"expr\":{\"Literal\":{\"Value\":\"408L\"}}}}}],\"background\":[{\"properties\":{\"image\":{\"image\":{\"name\":{\"expr\":{\"Literal\":{\"Value\":\"'background 2.PNG'\"}}},\"url\":{\"expr\":{\"ResourcePackageItem\":{\"PackageName\":\"RegisteredResources\",\"PackageType\":1,\"ItemName\":\"background_26727689560961119.PNG\"}}},\"scaling\":{\"expr\":{\"Literal\":{\"Value\":\"'Fit'\"}}}}},\"transparency\":{\"expr\":{\"Literal\":{\"Value\":\"0D\"}}}}}]},\"visibility\":1}",
      "displayName": "PatientDrillthrough",
      "displayOption": 1,
      "filters": "[{\"name\":\"Filter02660b004203c16d7d5f\",\"expression\":{\"Column\":{\"Expression\":{\"SourceRef\":{\"Entity\":\"LNB_Anaesthesia_Summary\"}},\"Property\":\"PatientNHI\"}},\"type\":\"Categorical\",\"howCreated\":5}]",
      "height": 720.00,
      "name": "ReportSection5354610ac8e968feb79a",
      "ordinal": 3,
      "visualContainers": [
        {
          "config": "{\"name\":\"cccf94c4683d8e142968\",\"layouts\":[{\"id\":0,\"position\":{\"x\":0,\"y\":0,\"z\":1000,\"width\":128.06941431670282,\"height\":31.236442516268983,\"tabOrder\":1000}}],\"singleVisual\":{\"visualType\":\"actionButton\",\"drillFilterOtherVisuals\":true,\"objects\":{\"icon\":[{\"properties\":{\"shapeType\":{\"expr\":{\"Literal\":{\"Value\":\"'back'\"}}},\"lineColor\":{\"solid\":{\"color\":{\"expr\":{\"ThemeDataColor\":{\"ColorId\":1,\"Percent\":0}}}}}},\"selector\":{\"id\":\"default\"}}],\"fill\":[{\"properties\":{\"show\":{\"expr\":{\"Literal\":{\"Value\":\"true\"}}}}},{\"properties\":{\"fillColor\":{\"solid\":{\"color\":{\"expr\":{\"Literal\":{\"Value\":\"'#20489E'\"}}}}},\"transparency\":{\"expr\":{\"Literal\":{\"Value\":\"0D\"}}}},\"selector\":{\"id\":\"default\"}}]},\"vcObjects\":{\"visualLink\":[{\"properties\":{\"show\":{\"expr\":{\"Literal\":{\"Value\":\"true\"}}},\"type\":{\"expr\":{\"Literal\":{\"Value\":\"'Back'\"}}}}}],\"title\":[{\"properties\":{\"titleWrap\":{\"expr\":{\"Literal\":{\"Value\":\"true\"}}}}}],\"background\":[{\"properties\":{\"show\":{\"expr\":{\"Literal\":{\"Value\":\"true\"}}},\"transparency\":{\"expr\":{\"Literal\":{\"Value\":\"0D\"}}}}}],\"visualHeader\":[{\"properties\":{\"show\":{\"expr\":{\"Literal\":{\"Value\":\"false\"}}}}}]}}}",
          "filters": "[]",
          "height": 31.23,
          "width": 128.06,
          "x": 0.00,
          "y": 0.00,
          "z": 1000.00
        },
        {
          "config": "{\"name\":\"fe1043963fc2783b548c\",\"layouts\":[{\"id\":0,\"position\":{\"x\":0,\"y\":64.03470715835141,\"z\":0,\"width\":1260.3904555314534,\"height\":615.357917570499,\"tabOrder\":0}}],\"singleVisual\":{\"visualType\":\"tableEx\",\"projections\":{\"Values\":[{\"queryRef\":\"LNB_Anaesthesia_Summary.NHI\"},{\"queryRef\":\"LNB_Anaesthesia_Summary.AnaestheticGiven\"},{\"queryRef\":\"LNB_Anaesthesia_Summary.DateTimeAnaesthetistCommenced\"},{\"queryRef\":\"LNB_Anaesthesia_User.FirstAnaesthetistFirstName\"},{\"queryRef\":\"LNB_Anaesthesia_User.FirstAnaesthetistLastName\"},{\"queryRef\":\"LNB_Anaesthesia_User.SecondAnaesthetistFirstName\"},{\"queryRef\":\"LNB_Anaesthesia_User.SecondAnaesthetistLastName\"},{\"queryRef\":\"Sum(LNB_Anaesthesia_Summary.NumberOfAttempts)\"},{\"queryRef\":\"LNB_Anaesthesia_Summary.SuperVisionLevel\"},{\"queryRef\":\"LNB_Anaesthesia_Summary.ASA\"},{\"queryRef\":\"LNB_Anaesthesia_Summary.OperationDescription\"},{\"queryRef\":\"Sum(LNB_Anaesthesia_Summary.EstimatedBloodLoss)\"},{\"queryRef\":\"LNB_Anaesthesia_Summary.TimeOfKnifeToSkin\"}]},\"prototypeQuery\":{\"Version\":2,\"From\":[{\"Name\":\"l\",\"Entity\":\"LNB_Anaesthesia_Summary\",\"Type\":0},{\"Name\":\"l1\",\"Entity\":\"LNB_Anaesthesia_User\",\"Type\":0}],\"Select\":[{\"Column\":{\"Expression\":{\"SourceRef\":{\"Source\":\"l\"}},\"Property\":\"NHI\"},\"Name\":\"LNB_Anaesthesia_Summary.NHI\"},{\"Column\":{\"Expression\":{\"SourceRef\":{\"Source\":\"l\"}},\"Property\":\"AnaestheticGiven\"},\"Name\":\"LNB_Anaesthesia_Summary.AnaestheticGiven\"},{\"Column\":{\"Expression\":{\"SourceRef\":{\"Source\":\"l\"}},\"Property\":\"ASA\"},\"Name\":\"LNB_Anaesthesia_Summary.ASA\"},{\"Column\":{\"Expression\":{\"SourceRef\":{\"Source\":\"l1\"}},\"Property\":\"FirstAnaesthetistFirstName\"},\"Name\":\"LNB_Anaesthesia_User.FirstAnaesthetistFirstName\"},{\"Column\":{\"Expression\":{\"SourceRef\":{\"Source\":\"l1\"}},\"Property\":\"FirstAnaesthetistLastName\"},\"Name\":\"LNB_Anaesthesia_User.FirstAnaesthetistLastName\"},{\"Column\":{\"Expression\":{\"SourceRef\":{\"Source\":\"l1\"}},\"Property\":\"SecondAnaesthetistFirstName\"},\"Name\":\"LNB_Anaesthesia_User.SecondAnaesthetistFirstName\"},{\"Column\":{\"Expression\":{\"SourceRef\":{\"Source\":\"l1\"}},\"Property\":\"SecondAnaesthetistLastName\"},\"Name\":\"LNB_Anaesthesia_User.SecondAnaesthetistLastName\"},{\"Column\":{\"Expression\":{\"SourceRef\":{\"Source\":\"l\"}},\"Property\":\"OperationDescription\"},\"Name\":\"LNB_Anaesthesia_Summary.OperationDescription\"},{\"Aggregation\":{\"Expression\":{\"Column\":{\"Expression\":{\"SourceRef\":{\"Source\":\"l\"}},\"Property\":\"EstimatedBloodLoss\"}},\"Function\":0},\"Name\":\"Sum(LNB_Anaesthesia_Summary.EstimatedBloodLoss)\"},{\"Column\":{\"Expression\":{\"SourceRef\":{\"Source\":\"l\"}},\"Property\":\"TimeOfKnifeToSkin\"},\"Name\":\"LNB_Anaesthesia_Summary.TimeOfKnifeToSkin\"},{\"Column\":{\"Expression\":{\"SourceRef\":{\"Source\":\"l\"}},\"Property\":\"DateTimeAnaesthetistCommenced\"},\"Name\":\"LNB_Anaesthesia_Summary.DateTimeAnaesthetistCommenced\"},{\"Column\":{\"Expression\":{\"SourceRef\":{\"Source\":\"l\"}},\"Property\":\"SuperVisionLevel\"},\"Name\":\"LNB_Anaesthesia_Summary.SuperVisionLevel\"},{\"Aggregation\":{\"Expression\":{\"Column\":{\"Expression\":{\"SourceRef\":{\"Source\":\"l\"}},\"Property\":\"NumberOfAttempts\"}},\"Function\":0},\"Name\":\"Sum(LNB_Anaesthesia_Summary.NumberOfAttempts)\"}],\"OrderBy\":[{\"Direction\":2,\"Expression\":{\"Column\":{\"Expression\":{\"SourceRef\":{\"Source\":\"l\"}},\"Property\":\"DateTimeAnaesthetistCommenced\"}}}]},\"drillFilterOtherVisuals\":true,\"objects\":{\"total\":[{\"properties\":{\"totals\":{\"expr\":{\"Literal\":{\"Value\":\"false\"}}}}}],\"grid\":[{\"properties\":{\"outlineColor\":{\"solid\":{\"color\":{\"expr\":{\"ThemeDataColor\":{\"ColorId\":1,\"Percent\":0}}}}},\"gridVertical\":{\"expr\":{\"Literal\":{\"Value\":\"true\"}}},\"gridVerticalColor\":{\"solid\":{\"color\":{\"expr\":{\"ThemeDataColor\":{\"ColorId\":0,\"Percent\":0}}}}},\"gridHorizontalColor\":{\"solid\":{\"color\":{\"expr\":{\"ThemeDataColor\":{\"ColorId\":2,\"Percent\":0.4}}}}}}}],\"columnHeaders\":[{\"properties\":{\"fontSize\":{\"expr\":{\"Literal\":{\"Value\":\"8D\"}}},\"backColor\":{\"solid\":{\"color\":{\"expr\":{\"ThemeDataColor\":{\"ColorId\":2,\"Percent\":-0.5}}}}}}}],\"values\":[{\"properties\":{\"fontSize\":{\"expr\":{\"Literal\":{\"Value\":\"8D\"}}}}}]},\"vcObjects\":{\"stylePreset\":[{\"properties\":{\"name\":{\"expr\":{\"Literal\":{\"Value\":\"'AlternatingRows'\"}}}}}],\"border\":[{\"properties\":{\"show\":{\"expr\":{\"Literal\":{\"Value\":\"true\"}}}}}],\"dropShadow\":[{\"properties\":{\"show\":{\"expr\":{\"Literal\":{\"Value\":\"true\"}}},\"color\":{\"solid\":{\"color\":{\"expr\":{\"ThemeDataColor\":{\"ColorId\":2,\"Percent\":0.6}}}}}}}],\"title\":[{\"properties\":{\"titleWrap\":{\"expr\":{\"Literal\":{\"Value\":\"true\"}}}}}],\"background\":[{\"properties\":{\"show\":{\"expr\":{\"Literal\":{\"Value\":\"true\"}}},\"transparency\":{\"expr\":{\"Literal\":{\"Value\":\"0D\"}}}}}]}}}",
          "filters": "[]",
          "height": 615.35,
          "width": 1260.39,
          "x": 0.00,
          "y": 64.03,
          "z": 0.00
        }
      ],
      "width": 1280.00
    },
    {
      "config": "{\"visibility\":1}",
      "displayName": "Release Notes",
      "displayOption": 1,
      "filters": "[]",
      "height": 720.00,
      "name": "ReportSection89302b89423a0003b318",
      "ordinal": 2,
      "visualContainers": [
        {
          "config": "{\"name\":\"494cd945c99f10df4957\",\"layouts\":[{\"id\":0,\"position\":{\"x\":9.536423841059603,\"y\":0,\"z\":0,\"width\":1099.8675496688743,\"height\":597.6158940397352}}],\"singleVisual\":{\"visualType\":\"textbox\",\"drillFilterOtherVisuals\":true,\"objects\":{\"general\":[{\"properties\":{\"paragraphs\":[{\"textRuns\":[{\"value\":\"Date                                                      Description of Enhancement                                                                                        Author\",\"textStyle\":{\"textDecoration\":\"underline\"}}]},{\"textRuns\":[{\"value\":\"28 April 2022                                           Initial Report (ADDP-148)                                                                     Prajulal Prabhakaran\"}]}]}}]}}}",
          "filters": "[]",
          "height": 597.61,
          "width": 1099.86,
          "x": 9.53,
          "y": 0.00,
          "z": 0.00
        }
      ],
      "width": 1280.00
    }
  ]
}