{
  "config": "{\"version\":\"5.27\",\"themeCollection\":{\"baseTheme\":{\"name\":\"CY21SU04\",\"version\":\"5.20\",\"type\":2}},\"activeSectionIndex\":0,\"defaultDrillFilterOtherVisuals\":true,\"slowDataSourceSettings\":{\"isCrossHighlightingDisabled\":false,\"isSlicerSelectionsButtonEnabled\":false,\"isFilterSelectionsButtonEnabled\":false,\"isFieldWellButtonEnabled\":false,\"isApplyAllButtonEnabled\":false},\"linguisticSchemaSyncVersion\":2,\"settings\":{\"useNewFilterPaneExperience\":true,\"allowChangeFilterTypes\":true,\"useStylableVisualContainerHeader\":true,\"exportDataMode\":1,\"allowDataPointLassoSelect\":false},\"objects\":{\"section\":[{\"properties\":{\"verticalAlignment\":{\"expr\":{\"Literal\":{\"Value\":\"'Top'\"}}}}}],\"outspacePane\":[{\"properties\":{\"expanded\":{\"expr\":{\"Literal\":{\"Value\":\"false\"}}}}}]}}",
  "layoutOptimization": 0,
  "resourcePackages": [
    {
      "resourcePackage": {
        "disabled": false,
        "items": [
          {
            "name": "CY21SU04",
            "path": "BaseThemes/CY21SU04.json",
            "type": 202
          }
        ],
        "name": "SharedResources",
        "type": 2
      }
    },
    {
      "resourcePackage": {
        "items": [
          {
            "name": "Analyze_in_Excel7448254960610206.jpg",
            "path": "Analyze_in_Excel7448254960610206.jpg",
            "type": 100
          },
          {
            "name": "Analyze_in_Excel_223992754787659076.jpg",
            "path": "Analyze_in_Excel_223992754787659076.jpg",
            "type": 100
          },
          {
            "name": "Analyze_in_Excel_324101995303987778.JPG",
            "path": "Analyze_in_Excel_324101995303987778.JPG",
            "type": 100
          },
          {
            "name": "Analyze_in_Excel_48344712259701552.JPG",
            "path": "Analyze_in_Excel_48344712259701552.JPG",
            "type": 100
          },
          {
            "name": "Analyze_in_Excel_56206675118930034.JPG",
            "path": "Analyze_in_Excel_56206675118930034.JPG",
            "type": 100
          },
          {
            "name": "HealthNZ_Logo9931384712731264.png",
            "path": "HealthNZ_Logo9931384712731264.png",
            "type": 100
          },
          {
            "name": "HealthNZ_Template_-_teal_no_lo002283880214512868.jpg",
            "path": "HealthNZ_Template_-_teal_no_lo002283880214512868.jpg",
            "type": 100
          }
        ],
        "name": "RegisteredResources",
        "type": 1
      }
    }
  ],
  "sections": [
    {
      "config": "{\"objects\":{\"background\":[{\"properties\":{\"transparency\":{\"expr\":{\"Literal\":{\"Value\":\"0D\"}}},\"image\":{\"image\":{\"name\":{\"expr\":{\"Literal\":{\"Value\":\"'HealthNZ Template - teal no logo.jpg'\"}}},\"url\":{\"expr\":{\"ResourcePackageItem\":{\"PackageName\":\"RegisteredResources\",\"PackageType\":1,\"ItemName\":\"HealthNZ_Template_-_teal_no_lo002283880214512868.jpg\"}}},\"scaling\":{\"expr\":{\"Literal\":{\"Value\":\"'Normal'\"}}}}}}}]}}",
      "displayName": "Report Information",
      "displayOption": 1,
      "filters": "[]",
      "height": 720.00,
      "name": "ReportSection",
      "visualContainers": [
        {
          "config": "{\"name\":\"50f1eb2ac925bf38a9ab\",\"layouts\":[{\"id\":0,\"position\":{\"x\":299.38553022794844,\"y\":268.9395441030723,\"z\":2000,\"width\":157.30426164519326,\"height\":100.21803766105054,\"tabOrder\":0}}],\"singleVisual\":{\"visualType\":\"image\",\"drillFilterOtherVisuals\":true,\"objects\":{\"general\":[{\"properties\":{\"imageUrl\":{\"expr\":{\"ResourcePackageItem\":{\"PackageName\":\"RegisteredResources\",\"PackageType\":1,\"ItemName\":\"Analyze_in_Excel7448254960610206.jpg\"}}}}}]},\"vcObjects\":{\"border\":[{\"properties\":{\"show\":{\"expr\":{\"Literal\":{\"Value\":\"true\"}}}}}]}}}",
          "filters": "[]",
          "height": 100.21,
          "width": 157.30,
          "x": 299.38,
          "y": 268.93,
          "z": 2000.00
        },
        {
          "config": "{\"name\":\"6278629cdad6d68787d3\",\"layouts\":[{\"id\":0,\"position\":{\"x\":489.11709898561764,\"y\":486.4745882326053,\"z\":4000,\"width\":158.28099173553719,\"height\":82.11570247933884,\"tabOrder\":2000}}],\"singleVisual\":{\"visualType\":\"image\",\"drillFilterOtherVisuals\":true,\"objects\":{\"general\":[{\"properties\":{\"imageUrl\":{\"expr\":{\"ResourcePackageItem\":{\"PackageName\":\"RegisteredResources\",\"PackageType\":1,\"ItemName\":\"Analyze_in_Excel_48344712259701552.JPG\"}}}}}]},\"vcObjects\":{\"border\":[{\"properties\":{\"show\":{\"expr\":{\"Literal\":{\"Value\":\"true\"}}},\"color\":{\"solid\":{\"color\":{\"expr\":{\"ThemeDataColor\":{\"ColorId\":0,\"Percent\":-0.5}}}}}}}]}}}",
          "filters": "[]",
          "height": 82.11,
          "width": 158.28,
          "x": 489.11,
          "y": 486.47,
          "z": 4000.00
        },
        {
          "config": "{\"name\":\"89d3da988786f4d9a592\",\"layouts\":[{\"id\":0,\"position\":{\"x\":299.38553022794844,\"y\":391.99207135777993,\"z\":3000,\"width\":208.0475718533201,\"height\":73.57779980178394,\"tabOrder\":1000}}],\"singleVisual\":{\"visualType\":\"image\",\"drillFilterOtherVisuals\":true,\"objects\":{\"general\":[{\"properties\":{\"imageUrl\":{\"expr\":{\"ResourcePackageItem\":{\"PackageName\":\"RegisteredResources\",\"PackageType\":1,\"ItemName\":\"Analyze_in_Excel_223992754787659076.jpg\"}}}}}]},\"vcObjects\":{\"border\":[{\"properties\":{\"show\":{\"expr\":{\"Literal\":{\"Value\":\"true\"}}},\"color\":{\"solid\":{\"color\":{\"expr\":{\"ThemeDataColor\":{\"ColorId\":0,\"Percent\":-0.5}}}}}}}]}}}",
          "filters": "[]",
          "height": 73.57,
          "width": 208.04,
          "x": 299.38,
          "y": 391.99,
          "z": 3000.00
        },
        {
          "config": "{\"name\":\"9b4da3a2b0b1b03a9d00\",\"layouts\":[{\"id\":0,\"position\":{\"x\":0,\"y\":0,\"z\":1000,\"width\":156.41359363702097,\"height\":58.30802603036876,\"tabOrder\":5000}}],\"singleVisual\":{\"visualType\":\"image\",\"drillFilterOtherVisuals\":true,\"objects\":{\"general\":[{\"properties\":{\"imageUrl\":{\"expr\":{\"ResourcePackageItem\":{\"PackageName\":\"RegisteredResources\",\"PackageType\":1,\"ItemName\":\"HealthNZ_Logo9931384712731264.png\"}}}}}]}}}",
          "filters": "[]",
          "height": 58.30,
          "width": 156.41,
          "x": 0.00,
          "y": 0.00,
          "z": 1000.00
        },
        {
          "config": "{\"name\":\"9c4664fccceb9084e14e\",\"layouts\":[{\"id\":0,\"position\":{\"x\":653.3553719008264,\"y\":486.74380165289256,\"z\":5000,\"width\":144,\"height\":82.11570247933884,\"tabOrder\":3000}}],\"singleVisual\":{\"visualType\":\"image\",\"drillFilterOtherVisuals\":true,\"objects\":{\"general\":[{\"properties\":{\"imageUrl\":{\"expr\":{\"ResourcePackageItem\":{\"PackageName\":\"RegisteredResources\",\"PackageType\":1,\"ItemName\":\"Analyze_in_Excel_324101995303987778.JPG\"}}}}}]},\"vcObjects\":{\"border\":[{\"properties\":{\"show\":{\"expr\":{\"Literal\":{\"Value\":\"true\"}}}}}]}}}",
          "filters": "[]",
          "height": 82.11,
          "width": 144.00,
          "x": 653.35,
          "y": 486.74,
          "z": 5000.00
        },
        {
          "config": "{\"name\":\"b65d245af0519ded2764\",\"layouts\":[{\"id\":0,\"position\":{\"x\":828.297520661157,\"y\":527.2066115702479,\"z\":6000,\"width\":258.24793388429754,\"height\":166.61157024793388,\"tabOrder\":4000}}],\"singleVisual\":{\"visualType\":\"image\",\"drillFilterOtherVisuals\":true,\"objects\":{\"general\":[{\"properties\":{\"imageUrl\":{\"expr\":{\"ResourcePackageItem\":{\"PackageName\":\"RegisteredResources\",\"PackageType\":1,\"ItemName\":\"Analyze_in_Excel_56206675118930034.JPG\"}}}}}]},\"vcObjects\":{\"border\":[{\"properties\":{\"show\":{\"expr\":{\"Literal\":{\"Value\":\"true\"}}},\"color\":{\"solid\":{\"color\":{\"expr\":{\"ThemeDataColor\":{\"ColorId\":0,\"Percent\":-0.5}}}}}}}]}}}",
          "filters": "[]",
          "height": 166.61,
          "width": 258.24,
          "x": 828.29,
          "y": 527.20,
          "z": 6000.00
        },
        {
          "config": "{\"name\":\"f68883fd909c07145619\",\"layouts\":[{\"id\":0,\"position\":{\"x\":0,\"y\":71.40495867768595,\"z\":0,\"width\":1237.685950413223,\"height\":622.4132231404958,\"tabOrder\":6000}}],\"singleVisual\":{\"visualType\":\"textbox\",\"drillFilterOtherVisuals\":true,\"objects\":{\"general\":[{\"properties\":{\"paragraphs\":[{\"textRuns\":[{\"value\":\"Owner\",\"textStyle\":{\"fontWeight\":\"bold\",\"fontSize\":\"10.5pt\"}},{\"value\":\"\\t\\t\\t:\"},{\"value\":\"\\t Paul Browne, Production Planning Team \",\"textStyle\":{\"fontSize\":\"10.5pt\"}}]},{\"textRuns\":[{\"value\":\"\"}]},{\"textRuns\":[{\"value\":\"Description \",\"textStyle\":{\"fontWeight\":\"bold\",\"fontSize\":\"10.5pt\"}},{\"value\":\"\\t\"},{\"value\":\":     This data set comprises of Outpatient Waitlist for \",\"textStyle\":{\"fontSize\":\"10.5pt\"}},{\"value\":\"First Specialist Assessment (FSA)\",\"textStyle\":{\"fontWeight\":\"bold\",\"fontSize\":\"10.5pt\"}},{\"value\":\" and \",\"textStyle\":{\"fontSize\":\"10.5pt\"}},{\"value\":\"Follow Up (FU)\",\"textStyle\":{\"fontWeight\":\"bold\",\"fontSize\":\"10.5pt\"}},{\"value\":\". Fields are grouped into six folders: \",\"textStyle\":{\"fontSize\":\"10.5pt\"}}]},{\"textRuns\":[{\"value\":\"\"}]},{\"textRuns\":[{\"value\":\"\\t\\t\\t\\t\\t\\t\\t\\t\",\"textStyle\":{\"fontWeight\":\"bold\",\"fontFamily\":\"Arial\",\"fontSize\":\"10pt\"}},{\"value\":\"a) Appointment Details\\t\\t\\t-\\tAppointment level information including appointment date/type/priority/site/delay/comment/clinician/status etc \",\"textStyle\":{\"fontSize\":\"10.5pt\"}}]},{\"textRuns\":[{\"value\":\"\\t\\t\\t\\t\\t\\t\\t\",\"textStyle\":{\"fontWeight\":\"bold\",\"fontFamily\":\"Arial\",\"fontSize\":\"10pt\"}},{\"value\":\"\\tb) Funding Status\\t\\t\\t\\t\\t\\t-\\tIndicator to show funding status of appointments  \",\"textStyle\":{\"fontFamily\":\"Arial\",\"fontSize\":\"10pt\"}}]},{\"textRuns\":[{\"value\":\"\\t\",\"textStyle\":{\"fontSize\":\"14px\"}},{\"value\":\"\\t\\t\\t\\t\\t\\t\\tc\"},{\"value\":\") Organisation Structure\\t\\t\\t-\\tOrganisational information for appointments including directorate, CBU, clinics, specialty, and teams\",\"textStyle\":{\"fontSize\":\"14px\"}}]},{\"textRuns\":[{\"value\":\"\\t\\t\\t\\t\\t\\t\\t\\td\",\"textStyle\":{\"fontFamily\":\"Arial\",\"fontSize\":\"10pt\"}},{\"value\":\") Patient\",\"textStyle\":{\"fontSize\":\"10.5pt\"}},{\"value\":\"\\t\\t\\t\\t\\t\\t\"},{\"value\":\"\\t\",\"textStyle\":{\"fontSize\":\"10.5pt\"}},{\"value\":\"\\t\"},{\"value\":\"\\t-\\tPatient information including NHI, name, DHB, domicile, deprivation, and ethnicity\",\"textStyle\":{\"fontSize\":\"10.5pt\"}}]},{\"textRuns\":[{\"value\":\"\\t\\t\\t\\t\\t\\t\\t\\te\",\"textStyle\":{\"fontFamily\":\"Arial\",\"fontSize\":\"10pt\"}},{\"value\":\") Waiting List\",\"textStyle\":{\"fontSize\":\"10.5pt\"}},{\"value\":\"\\t\\t\\t\\t\\t\"},{\"value\":\"\\t\\t-\\tFSA and FU specific information including ESPI2-related fields, FU-overdue measures, and waiting type \",\"textStyle\":{\"fontSize\":\"10.5pt\"}}]},{\"textRuns\":[{\"value\":\"\\t\\t\\t\\t\\t\\t\\t\\tf\",\"textStyle\":{\"fontFamily\":\"Arial\",\"fontSize\":\"10pt\"}},{\"value\":\") Waiting Measures\\t\\t\\t\\t\\t- \\tDerived measures for FSA and FU waiting \",\"textStyle\":{\"fontSize\":\"10.5pt\"}}]},{\"textRuns\":[{\"value\":\"Instructions for data exploration:\",\"textStyle\":{\"fontWeight\":\"bold\",\"fontSize\":\"10.5pt\"}},{\"value\":\"\\t\",\"textStyle\":{\"fontSize\":\"10.5pt\"}}]},{\"textRuns\":[{\"value\":\"Select \\\"Analyze in Excel\\\" from Export menu \",\"textStyle\":{\"fontSize\":\"14px\"}}],\"listType\":\"bullet\"},{\"textRuns\":[{\"value\":\"\"}]},{\"textRuns\":[{\"value\":\"\"}]},{\"textRuns\":[{\"value\":\"\"}]},{\"textRuns\":[{\"value\":\"\"}]},{\"textRuns\":[{\"value\":\"\"}]},{\"textRuns\":[{\"value\":\"\"}]},{\"textRuns\":[{\"value\":\"Click on \\\"Open in Excel for the web\\\" \",\"textStyle\":{\"fontSize\":\"14px\"}}],\"listType\":\"bullet\"},{\"textRuns\":[{\"value\":\"\"}]},{\"textRuns\":[{\"value\":\"\"}]},{\"textRuns\":[{\"value\":\"\"}]},{\"textRuns\":[{\"value\":\"\"}]},{\"textRuns\":[{\"value\":\"\"}]},{\"textRuns\":[{\"value\":\"\"}]},{\"textRuns\":[{\"value\":\"Save the Excel file on your computer by choosing \\\"Download a Copy\\\"  \",\"textStyle\":{\"fontSize\":\"14px\"}}],\"listType\":\"bullet\"},{\"textRuns\":[{\"value\":\"\"}]},{\"textRuns\":[{\"value\":\"\"}]},{\"textRuns\":[{\"value\":\"\"}]},{\"textRuns\":[{\"value\":\"\"}]},{\"textRuns\":[{\"value\":\"\"}]},{\"textRuns\":[{\"value\":\"\"}]},{\"textRuns\":[{\"value\":\"\"}]},{\"textRuns\":[{\"value\":\"Expand the folder and place the fields in the Field List to create the Pivot Table (an example is shown on the right)\"}],\"listType\":\"bullet\"},{\"textRuns\":[{\"value\":\"\"}]}]}}]},\"vcObjects\":{\"background\":[{\"properties\":{\"transparency\":{\"expr\":{\"Literal\":{\"Value\":\"100D\"}}}}}]}}}",
          "filters": "[]",
          "height": 622.41,
          "width": 1237.68,
          "x": 0.00,
          "y": 71.40,
          "z": 0.00
        }
      ],
      "width": 1280.00
    },
    {
      "config": "{\"objects\":{\"background\":[{\"properties\":{\"transparency\":{\"expr\":{\"Literal\":{\"Value\":\"0D\"}}},\"image\":{\"image\":{\"name\":{\"expr\":{\"Literal\":{\"Value\":\"'HealthNZ Template - teal no logo.jpg'\"}}},\"url\":{\"expr\":{\"ResourcePackageItem\":{\"PackageName\":\"RegisteredResources\",\"PackageType\":1,\"ItemName\":\"HealthNZ_Template_-_teal_no_lo002283880214512868.jpg\"}}},\"scaling\":{\"expr\":{\"Literal\":{\"Value\":\"'Normal'\"}}}}}}}]}}",
      "displayName": "Release Notes",
      "displayOption": 1,
      "filters": "[]",
      "height": 720.00,
      "name": "ReportSection7abab892b75ba6023b77",
      "ordinal": 1,
      "visualContainers": [
        {
          "config": "{\"name\":\"067be4456379e0c6927e\",\"layouts\":[{\"id\":0,\"position\":{\"x\":0,\"y\":0,\"z\":1000,\"width\":156.41359363702097,\"height\":58.30802603036876}}],\"singleVisual\":{\"visualType\":\"image\",\"drillFilterOtherVisuals\":true,\"objects\":{\"general\":[{\"properties\":{\"imageUrl\":{\"expr\":{\"ResourcePackageItem\":{\"PackageName\":\"RegisteredResources\",\"PackageType\":1,\"ItemName\":\"HealthNZ_Logo9931384712731264.png\"}}}}}]}}}",
          "filters": "[]",
          "height": 58.30,
          "width": 156.41,
          "x": 0.00,
          "y": 0.00,
          "z": 1000.00
        },
        {
          "config": "{\"name\":\"9f184dbf800708d2c508\",\"layouts\":[{\"id\":0,\"position\":{\"x\":0,\"y\":71.26536514822848,\"z\":0,\"width\":1205.9580621836585,\"height\":421.113521330441}}],\"singleVisual\":{\"visualType\":\"textbox\",\"drillFilterOtherVisuals\":true,\"objects\":{\"general\":[{\"properties\":{\"paragraphs\":[{\"textRuns\":[{\"value\":\"Date                                                       Description of Change                                                                                                                                                                        Author\",\"textStyle\":{\"fontFamily\":\"Segoe UI Light\",\"textDecoration\":\"underline\"}}]},{\"textRuns\":[{\"value\":\"10 Feb 2023                                          Dataset optimized                                                                                                                                                                             Eric Liu\"}]},{\"textRuns\":[{\"value\":\"\"}]},{\"textRuns\":[{\"value\":\"30 Nov 2022                                          Created dataset for data exploration                                                                                                                                                   Eric Liu\",\"textStyle\":{\"fontFamily\":\"Segoe UI Light\",\"fontSize\":\"10pt\"}}]}]}}]},\"vcObjects\":{\"background\":[{\"properties\":{\"transparency\":{\"expr\":{\"Literal\":{\"Value\":\"100D\"}}}}}]}}}",
          "filters": "[]",
          "height": 421.11,
          "width": 1205.95,
          "x": 0.00,
          "y": 71.26,
          "z": 0.00
        }
      ],
      "width": 1280.00
    }
  ]
}