{
  "config": "{\"version\":\"5.37\",\"themeCollection\":{\"baseTheme\":{\"name\":\"CY20SU09\",\"version\":\"5.16\",\"type\":2}},\"activeSectionIndex\":0,\"defaultDrillFilterOtherVisuals\":true,\"linguisticSchemaSyncVersion\":2,\"settings\":{\"useNewFilterPaneExperience\":true,\"allowChangeFilterTypes\":true,\"useStylableVisualContainerHeader\":true,\"exportDataMode\":1,\"allowDataPointLassoSelect\":true,\"filterPaneHiddenInEditMode\":false},\"objects\":{\"section\":[{\"properties\":{\"verticalAlignment\":{\"expr\":{\"Literal\":{\"Value\":\"'Top'\"}}}}}],\"outspacePane\":[{\"properties\":{\"expanded\":{\"expr\":{\"Literal\":{\"Value\":\"false\"}}}}}]}}",
  "filters": "[]",
  "layoutOptimization": 0,
  "resourcePackages": [
    {
      "resourcePackage": {
        "disabled": false,
        "items": [
          {
            "name": "CY20SU09",
            "path": "BaseThemes/CY20SU09.json",
            "type": 202
          }
        ],
        "name": "SharedResources",
        "type": 2
      }
    }
  ],
  "sections": [
    {
      "config": "{}",
      "displayName": "Release Notes",
      "displayOption": 1,
      "filters": "[]",
      "height": 720.00,
      "name": "ReportSectionccab2eb9ec9288d6194b",
      "visualContainers": [
        {
          "config": "{\"name\":\"3baf1d7096ebcc3cc6d4\",\"layouts\":[{\"id\":0,\"position\":{\"x\":9.218950064020488,\"y\":69.14212548015365,\"z\":0,\"width\":1270.371318822023,\"height\":650.8578745198464}}],\"singleVisual\":{\"visualType\":\"textbox\",\"drillFilterOtherVisuals\":true,\"objects\":{\"general\":[{\"properties\":{\"paragraphs\":[{\"textRuns\":[{\"value\":\"Release Notes\",\"textStyle\":{\"fontSize\":\"24pt\"}}],\"horizontalTextAlignment\":\"center\"},{\"textRuns\":[{\"value\":\"\"}]},{\"textRuns\":[{\"value\":\"\"}]},{\"textRuns\":[{\"value\":\"\"}]},{\"textRuns\":[{\"value\":\"/***********************************************************************************************************************************\"}]},{\"textRuns\":[{\"value\":\"History Section\"}]},{\"textRuns\":[{\"value\":\"************************************************************************************************************************************\"}]},{\"textRuns\":[{\"value\":\"Purpose\\t\\t: \"}]},{\"textRuns\":[{\"value\":\"\"}]},{\"textRuns\":[{\"value\":\"Environment\\t: Titan.\"}]},{\"textRuns\":[{\"value\":\"\"}]},{\"textRuns\":[{\"value\":\"Created By\\t\\t        Date\\t\\t          V\\t                    Description                        Requested By\"}]},{\"textRuns\":[{\"value\":\"Vivek Rajshekhar\\t\\t08/04/2021\\t      1\\t                    CREATED                            Glen Devenie\"}]},{\"textRuns\":[{\"value\":\"\"}]},{\"textRuns\":[{\"value\":\"*************************************************************************************************************************************/\"}]},{\"textRuns\":[{\"value\":\"\"}]}]}}]}}}",
          "filters": "[]",
          "height": 650.86,
          "width": 1270.37,
          "x": 9.22,
          "y": 69.14,
          "z": 0.00
        },
        {
          "config": "{\"name\":\"c494a23670b0e4280ec0\",\"layouts\":[{\"id\":0,\"position\":{\"x\":22.125480153649168,\"y\":0,\"z\":1,\"width\":836.1587708066581,\"height\":40.563380281690144,\"tabOrder\":1}}],\"singleVisual\":{\"visualType\":\"textbox\",\"drillFilterOtherVisuals\":true,\"objects\":{\"general\":[{\"properties\":{\"paragraphs\":[{\"textRuns\":[{\"value\":\"This report was decommissioned and will be removed in Oct 2023. If you have questions, please send an email to AskHIT.\",\"textStyle\":{\"fontWeight\":\"bold\",\"color\":\"#d64550\"}}]}]}}]}}}",
          "filters": "[]",
          "height": 40.56,
          "width": 836.16,
          "x": 22.13,
          "y": 0.00,
          "z": 1.00
        }
      ],
      "width": 1280.00
    }
  ]
}