{
  "config": "{\"version\":\"5.19\",\"themeCollection\":{\"baseTheme\":{\"name\":\"CY21SU03\",\"version\":\"5.19\",\"type\":2}},\"activeSectionIndex\":1,\"defaultDrillFilterOtherVisuals\":true,\"linguisticSchemaSyncVersion\":2,\"settings\":{\"useNewFilterPaneExperience\":true,\"allowChangeFilterTypes\":true,\"useStylableVisualContainerHeader\":true,\"exportDataMode\":1},\"objects\":{\"section\":[{\"properties\":{\"verticalAlignment\":{\"expr\":{\"Literal\":{\"Value\":\"'Top'\"}}}}}],\"outspacePane\":[{\"properties\":{\"expanded\":{\"expr\":{\"Literal\":{\"Value\":\"false\"}}}}}]}}",
  "layoutOptimization": 0,
  "resourcePackages": [
    {
      "resourcePackage": {
        "disabled": false,
        "items": [
          {
            "name": "CY21SU03",
            "path": "BaseThemes/CY21SU03.json",
            "type": 202
          }
        ],
        "name": "SharedResources",
        "type": 2
      }
    },
    {
      "resourcePackage": {
        "items": [
          {
            "name": "BulletChart1443347686880.pbiviz.json",
            "path": "BulletChart1443347686880.pbiviz.json",
            "type": 5
          }
        ],
        "name": "BulletChart1443347686880",
        "type": 0
      }
    },
    {
      "resourcePackage": {
        "items": [
          {
            "name": "LinearGauge1450736844786.pbiviz.json",
            "path": "LinearGauge1450736844786.pbiviz.json",
            "type": 5
          }
        ],
        "name": "LinearGauge1450736844786",
        "type": 0
      }
    }
  ],
  "sections": [
    {
      "config": "{\"objects\":{\"outspacePane\":[{\"properties\":{\"width\":{\"expr\":{\"Literal\":{\"Value\":\"417L\"}}}}}]}}",
      "displayName": "Log Status",
      "displayOption": 1,
      "filters": "[]",
      "height": 720.00,
      "name": "ReportSection",
      "visualContainers": [
        {
          "config": "{\"name\":\"02cea0df9c62165bd362\",\"layouts\":[{\"id\":0,\"position\":{\"x\":907.7848678213309,\"y\":24.503190519598906,\"z\":9000,\"width\":142.35186873290792,\"height\":33.837739288969914}}],\"singleVisual\":{\"visualType\":\"textbox\",\"drillFilterOtherVisuals\":true,\"objects\":{\"general\":[{\"properties\":{\"paragraphs\":[{\"textRuns\":[{\"value\":\"Date Last Refreshed\"}]}]}}]}}}",
          "filters": "[]",
          "height": 33.83,
          "width": 142.35,
          "x": 907.78,
          "y": 24.50,
          "z": 9000.00
        },
        {
          "config": "{\"name\":\"1819cd2a86cb04913020\",\"layouts\":[{\"id\":0,\"position\":{\"x\":894.9498632634458,\"y\":100.34639927073837,\"z\":4000,\"width\":166.85505925250683,\"height\":161.02096627164994}}],\"singleVisual\":{\"visualType\":\"card\",\"projections\":{\"Values\":[{\"queryRef\":\"Sum(TitanAHSL122_SQL_LogSize_summary.CurrentSizeMB)\"}]},\"prototypeQuery\":{\"Version\":2,\"From\":[{\"Name\":\"t\",\"Entity\":\"TitanAHSL122_SQL_LogSize_summary\",\"Type\":0}],\"Select\":[{\"Aggregation\":{\"Expression\":{\"Column\":{\"Expression\":{\"SourceRef\":{\"Source\":\"t\"}},\"Property\":\"CurrentSizeMB\"}},\"Function\":0},\"Name\":\"Sum(TitanAHSL122_SQL_LogSize_summary.CurrentSizeMB)\"}],\"OrderBy\":[{\"Direction\":2,\"Expression\":{\"Aggregation\":{\"Expression\":{\"Column\":{\"Expression\":{\"SourceRef\":{\"Source\":\"t\"}},\"Property\":\"CurrentSizeMB\"}},\"Function\":0}}}]},\"drillFilterOtherVisuals\":true,\"hasDefaultSort\":true,\"objects\":{\"labels\":[{\"properties\":{\"fontSize\":{\"expr\":{\"Literal\":{\"Value\":\"24D\"}}}}}],\"categoryLabels\":[{\"properties\":{\"show\":{\"expr\":{\"Literal\":{\"Value\":\"false\"}}}}}]},\"vcObjects\":{\"title\":[{\"properties\":{\"show\":{\"expr\":{\"Literal\":{\"Value\":\"true\"}}},\"text\":{\"expr\":{\"Literal\":{\"Value\":\"'Max Peak in Last Hour (MB)'\"}}}}}],\"visualHeader\":[{\"properties\":{\"show\":{\"expr\":{\"Literal\":{\"Value\":\"true\"}}}}}],\"border\":[{\"properties\":{\"show\":{\"expr\":{\"Literal\":{\"Value\":\"true\"}}}}}]}}}",
          "filters": "[{\"name\":\"Filterb1c8538b452a746cd517\",\"expression\":{\"Column\":{\"Expression\":{\"SourceRef\":{\"Entity\":\"TitanAHSL122_SQL_LogSize_summary\"}},\"Property\":\"Frequency\"}},\"filter\":{\"Version\":2,\"From\":[{\"Name\":\"t\",\"Entity\":\"TitanAHSL122_SQL_LogSize_summary\",\"Type\":0}],\"Where\":[{\"Condition\":{\"In\":{\"Expressions\":[{\"Column\":{\"Expression\":{\"SourceRef\":{\"Source\":\"t\"}},\"Property\":\"Frequency\"}}],\"Values\":[[{\"Literal\":{\"Value\":\"'HighestPeakInLastHour'\"}}]]}}}]},\"type\":\"Categorical\",\"howCreated\":1,\"objects\":{}}]",
          "height": 161.02,
          "width": 166.85,
          "x": 894.94,
          "y": 100.34,
          "z": 4000.00
        },
        {
          "config": "{\"name\":\"754cbac9be3ed210809d\",\"layouts\":[{\"id\":0,\"position\":{\"x\":504.06563354603463,\"y\":0,\"z\":6000,\"width\":303.3728350045579,\"height\":67.67547857793983}}],\"singleVisual\":{\"visualType\":\"textbox\",\"drillFilterOtherVisuals\":true,\"objects\":{\"general\":[{\"properties\":{\"paragraphs\":[{\"textRuns\":[{\"value\":\"Titan Log File Sizes\",\"textStyle\":{\"fontWeight\":\"bold\",\"fontSize\":\"18pt\"}}]}]}}]}}}",
          "filters": "[]",
          "height": 67.67,
          "width": 303.37,
          "x": 504.06,
          "y": 0.00,
          "z": 6000.00
        },
        {
          "config": "{\"name\":\"8e24f980db6bc2908293\",\"layouts\":[{\"id\":0,\"position\":{\"x\":23.336371923427528,\"y\":100.34639927073837,\"z\":0,\"width\":574.0747493163173,\"height\":260.20054694621695}}],\"singleVisual\":{\"visualType\":\"lineChart\",\"projections\":{\"Y\":[{\"queryRef\":\"Sum(TitanAHSL122_SQL_LogSize_summary.CurrentSizeMB)\"}],\"Category\":[{\"queryRef\":\"TitanAHSL122_SQL_LogSize_summary.HourForChartAxis\",\"active\":true}]},\"prototypeQuery\":{\"Version\":2,\"From\":[{\"Name\":\"t\",\"Entity\":\"TitanAHSL122_SQL_LogSize_summary\",\"Type\":0}],\"Select\":[{\"Aggregation\":{\"Expression\":{\"Column\":{\"Expression\":{\"SourceRef\":{\"Source\":\"t\"}},\"Property\":\"CurrentSizeMB\"}},\"Function\":0},\"Name\":\"Sum(TitanAHSL122_SQL_LogSize_summary.CurrentSizeMB)\"},{\"Column\":{\"Expression\":{\"SourceRef\":{\"Source\":\"t\"}},\"Property\":\"HourForChartAxis\"},\"Name\":\"TitanAHSL122_SQL_LogSize_summary.HourForChartAxis\"}],\"OrderBy\":[{\"Direction\":1,\"Expression\":{\"Aggregation\":{\"Expression\":{\"Column\":{\"Expression\":{\"SourceRef\":{\"Source\":\"t\"}},\"Property\":\"CurrentSizeMB\"}},\"Function\":0}}}]},\"drillFilterOtherVisuals\":true,\"filterSortOrder\":3,\"vcObjects\":{\"border\":[{\"properties\":{\"show\":{\"expr\":{\"Literal\":{\"Value\":\"true\"}}}}}]}}}",
          "filters": "[{\"name\":\"Filtera0ebbbc7b1cac6203cc7\",\"expression\":{\"Aggregation\":{\"Expression\":{\"Column\":{\"Expression\":{\"SourceRef\":{\"Entity\":\"TitanAHSL122_SQL_LogSize_summary\"}},\"Property\":\"CurrentSizeMB\"}},\"Function\":0}},\"type\":\"Advanced\",\"howCreated\":0,\"isHiddenInViewMode\":false,\"ordinal\":0},{\"name\":\"Filterbc3a52506dabc24da076\",\"expression\":{\"Column\":{\"Expression\":{\"SourceRef\":{\"Entity\":\"TitanAHSL122_SQL_LogSize_summary\"}},\"Property\":\"Frequency\"}},\"filter\":{\"Version\":2,\"From\":[{\"Name\":\"t\",\"Entity\":\"TitanAHSL122_SQL_LogSize_summary\",\"Type\":0}],\"Where\":[{\"Condition\":{\"In\":{\"Expressions\":[{\"Column\":{\"Expression\":{\"SourceRef\":{\"Source\":\"t\"}},\"Property\":\"Frequency\"}}],\"Values\":[[{\"Literal\":{\"Value\":\"'HourlyAveragePast12Hours'\"}}]]}}}]},\"type\":\"Categorical\",\"howCreated\":1,\"objects\":{},\"ordinal\":1},{\"name\":\"Filterd6a1a11dc134996cab26\",\"expression\":{\"Column\":{\"Expression\":{\"SourceRef\":{\"Entity\":\"TitanAHSL122_SQL_LogSize_summary\"}},\"Property\":\"Hour\"}},\"type\":\"Categorical\",\"howCreated\":1,\"isHiddenInViewMode\":false,\"ordinal\":2}]",
          "height": 260.20,
          "width": 574.07,
          "x": 23.33,
          "y": 100.34,
          "z": 0.00
        },
        {
          "config": "{\"name\":\"a388cc7c560781254047\",\"layouts\":[{\"id\":0,\"position\":{\"x\":23.336371923427528,\"y\":422.3883318140383,\"z\":2000,\"width\":1239.1613491340017,\"height\":288.20419325433}}],\"singleVisual\":{\"visualType\":\"lineChart\",\"projections\":{\"Y\":[{\"queryRef\":\"Sum(TitanAHSL122_SQL_LogSize_summary.CurrentSizeMB)\"}],\"Category\":[{\"queryRef\":\"TitanAHSL122_SQL_LogSize_summary.Collection_Time\",\"active\":true}]},\"prototypeQuery\":{\"Version\":2,\"From\":[{\"Name\":\"t\",\"Entity\":\"TitanAHSL122_SQL_LogSize_summary\",\"Type\":0}],\"Select\":[{\"Aggregation\":{\"Expression\":{\"Column\":{\"Expression\":{\"SourceRef\":{\"Source\":\"t\"}},\"Property\":\"CurrentSizeMB\"}},\"Function\":0},\"Name\":\"Sum(TitanAHSL122_SQL_LogSize_summary.CurrentSizeMB)\"},{\"Column\":{\"Expression\":{\"SourceRef\":{\"Source\":\"t\"}},\"Property\":\"Collection_Time\"},\"Name\":\"TitanAHSL122_SQL_LogSize_summary.Collection_Time\"}],\"OrderBy\":[{\"Direction\":1,\"Expression\":{\"Column\":{\"Expression\":{\"SourceRef\":{\"Source\":\"t\"}},\"Property\":\"Collection_Time\"}}}]},\"drillFilterOtherVisuals\":true,\"filterSortOrder\":3,\"hasDefaultSort\":true,\"vcObjects\":{\"border\":[{\"properties\":{\"show\":{\"expr\":{\"Literal\":{\"Value\":\"true\"}}}}}]}}}",
          "filters": "[{\"name\":\"Filterc1c163907940b61530e8\",\"expression\":{\"Column\":{\"Expression\":{\"SourceRef\":{\"Entity\":\"TitanAHSL122_SQL_LogSize_summary\"}},\"Property\":\"Frequency\"}},\"filter\":{\"Version\":2,\"From\":[{\"Name\":\"t\",\"Entity\":\"TitanAHSL122_SQL_LogSize_summary\",\"Type\":0}],\"Where\":[{\"Condition\":{\"In\":{\"Expressions\":[{\"Column\":{\"Expression\":{\"SourceRef\":{\"Source\":\"t\"}},\"Property\":\"Frequency\"}}],\"Values\":[[{\"Literal\":{\"Value\":\"'TenMinutesActualInThePastHour'\"}}]]}}}]},\"type\":\"Categorical\",\"howCreated\":1,\"objects\":{},\"ordinal\":0},{\"name\":\"Filter42555548b01140019db5\",\"expression\":{\"Aggregation\":{\"Expression\":{\"Column\":{\"Expression\":{\"SourceRef\":{\"Entity\":\"TitanAHSL122_SQL_LogSize_summary\"}},\"Property\":\"CurrentSizeMB\"}},\"Function\":0}},\"type\":\"Advanced\",\"howCreated\":0,\"isHiddenInViewMode\":false,\"ordinal\":1}]",
          "height": 288.20,
          "width": 1239.16,
          "x": 23.33,
          "y": 422.38,
          "z": 2000.00
        },
        {
          "config": "{\"name\":\"bb835bfb32078c9b3a08\",\"layouts\":[{\"id\":0,\"position\":{\"x\":23.336371923427528,\"y\":373.38195077484045,\"z\":3000,\"width\":526.2351868732908,\"height\":49.00638103919781}}],\"singleVisual\":{\"visualType\":\"textbox\",\"drillFilterOtherVisuals\":true,\"objects\":{\"general\":[{\"properties\":{\"paragraphs\":[{\"textRuns\":[{\"value\":\"Actual Values at 10 min intervals over past  hour\",\"textStyle\":{\"fontWeight\":\"bold\",\"fontSize\":\"14pt\"}}]}]}}]}}}",
          "filters": "[]",
          "height": 49.00,
          "width": 526.23,
          "x": 23.33,
          "y": 373.38,
          "z": 3000.00
        },
        {
          "config": "{\"name\":\"be23eea7d61ee3a737b4\",\"layouts\":[{\"id\":0,\"position\":{\"x\":1046.6362807657247,\"y\":9.334548769371011,\"z\":8000,\"width\":215.86144029170464,\"height\":49.00638103919781}}],\"singleVisual\":{\"visualType\":\"card\",\"projections\":{\"Values\":[{\"queryRef\":\"Min(TitanAHSL122_SQL_LogSize_summary.Collection_Time)\"}]},\"prototypeQuery\":{\"Version\":2,\"From\":[{\"Name\":\"t\",\"Entity\":\"TitanAHSL122_SQL_LogSize_summary\",\"Type\":0}],\"Select\":[{\"Aggregation\":{\"Expression\":{\"Column\":{\"Expression\":{\"SourceRef\":{\"Source\":\"t\"}},\"Property\":\"Collection_Time\"}},\"Function\":4},\"Name\":\"Min(TitanAHSL122_SQL_LogSize_summary.Collection_Time)\"}],\"OrderBy\":[{\"Direction\":1,\"Expression\":{\"Aggregation\":{\"Expression\":{\"Column\":{\"Expression\":{\"SourceRef\":{\"Source\":\"t\"}},\"Property\":\"Collection_Time\"}},\"Function\":4}}}]},\"drillFilterOtherVisuals\":true,\"hasDefaultSort\":true,\"objects\":{\"categoryLabels\":[{\"properties\":{\"show\":{\"expr\":{\"Literal\":{\"Value\":\"false\"}}}}}],\"labels\":[{\"properties\":{\"fontSize\":{\"expr\":{\"Literal\":{\"Value\":\"16D\"}}}}}]}}}",
          "filters": "[]",
          "height": 49.00,
          "width": 215.86,
          "x": 1046.63,
          "y": 9.33,
          "z": 8000.00
        },
        {
          "config": "{\"name\":\"c1d4d6bf70c5030b1668\",\"layouts\":[{\"id\":0,\"position\":{\"x\":23.336371923427528,\"y\":45.50592525068368,\"z\":1000,\"width\":443.39106654512307,\"height\":43.17228805834093}}],\"singleVisual\":{\"visualType\":\"textbox\",\"drillFilterOtherVisuals\":true,\"objects\":{\"general\":[{\"properties\":{\"paragraphs\":[{\"textRuns\":[{\"value\":\"Hourly Average Over Past 12 Hours\",\"textStyle\":{\"fontWeight\":\"bold\",\"fontSize\":\"14pt\"}}]}]}}]}}}",
          "filters": "[]",
          "height": 43.17,
          "width": 443.39,
          "x": 23.33,
          "y": 45.50,
          "z": 1000.00
        },
        {
          "config": "{\"name\":\"d3c00be1e99a86a3b744\",\"layouts\":[{\"id\":0,\"position\":{\"x\":1095.6426618049225,\"y\":100.34639927073837,\"z\":5000,\"width\":166.85505925250683,\"height\":161.02096627164994}}],\"singleVisual\":{\"visualType\":\"card\",\"projections\":{\"Values\":[{\"queryRef\":\"Sum(TitanAHSL122_SQL_LogSize_summary.CurrentSizeMB)\"}]},\"prototypeQuery\":{\"Version\":2,\"From\":[{\"Name\":\"t\",\"Entity\":\"TitanAHSL122_SQL_LogSize_summary\",\"Type\":0}],\"Select\":[{\"Aggregation\":{\"Expression\":{\"Column\":{\"Expression\":{\"SourceRef\":{\"Source\":\"t\"}},\"Property\":\"CurrentSizeMB\"}},\"Function\":0},\"Name\":\"Sum(TitanAHSL122_SQL_LogSize_summary.CurrentSizeMB)\"}],\"OrderBy\":[{\"Direction\":2,\"Expression\":{\"Aggregation\":{\"Expression\":{\"Column\":{\"Expression\":{\"SourceRef\":{\"Source\":\"t\"}},\"Property\":\"CurrentSizeMB\"}},\"Function\":0}}}]},\"drillFilterOtherVisuals\":true,\"hasDefaultSort\":true,\"objects\":{\"labels\":[{\"properties\":{\"fontSize\":{\"expr\":{\"Literal\":{\"Value\":\"24D\"}}}}}],\"categoryLabels\":[{\"properties\":{\"show\":{\"expr\":{\"Literal\":{\"Value\":\"false\"}}}}}]},\"vcObjects\":{\"title\":[{\"properties\":{\"show\":{\"expr\":{\"Literal\":{\"Value\":\"true\"}}},\"text\":{\"expr\":{\"Literal\":{\"Value\":\"'Max Peak in Last 12 Hours (MB)'\"}}}}}],\"visualHeader\":[{\"properties\":{\"show\":{\"expr\":{\"Literal\":{\"Value\":\"true\"}}}}}],\"border\":[{\"properties\":{\"show\":{\"expr\":{\"Literal\":{\"Value\":\"true\"}}}}}]}}}",
          "filters": "[{\"name\":\"Filterb1c8538b452a746cd517\",\"expression\":{\"Column\":{\"Expression\":{\"SourceRef\":{\"Entity\":\"TitanAHSL122_SQL_LogSize_summary\"}},\"Property\":\"Frequency\"}},\"filter\":{\"Version\":2,\"From\":[{\"Name\":\"t\",\"Entity\":\"TitanAHSL122_SQL_LogSize_summary\",\"Type\":0}],\"Where\":[{\"Condition\":{\"In\":{\"Expressions\":[{\"Column\":{\"Expression\":{\"SourceRef\":{\"Source\":\"t\"}},\"Property\":\"Frequency\"}}],\"Values\":[[{\"Literal\":{\"Value\":\"'HighestPeakInLast12Hour'\"}}]]}}}]},\"type\":\"Categorical\",\"howCreated\":1,\"objects\":{}}]",
          "height": 161.02,
          "width": 166.85,
          "x": 1095.64,
          "y": 100.34,
          "z": 5000.00
        },
        {
          "config": "{\"name\":\"ebea3288040918b66cd9\",\"layouts\":[{\"id\":0,\"position\":{\"x\":698.9243391066545,\"y\":100.34639927073837,\"z\":7000,\"width\":166.85505925250683,\"height\":161.02096627164994}}],\"singleVisual\":{\"visualType\":\"card\",\"projections\":{\"Values\":[{\"queryRef\":\"Sum(TitanAHSL122_CurrentLogSize.CurrentSizeMB)\"}]},\"prototypeQuery\":{\"Version\":2,\"From\":[{\"Name\":\"t1\",\"Entity\":\"TitanAHSL122_CurrentLogSize\",\"Type\":0}],\"Select\":[{\"Aggregation\":{\"Expression\":{\"Column\":{\"Expression\":{\"SourceRef\":{\"Source\":\"t1\"}},\"Property\":\"CurrentSizeMB\"}},\"Function\":0},\"Name\":\"Sum(TitanAHSL122_CurrentLogSize.CurrentSizeMB)\"}],\"OrderBy\":[{\"Direction\":2,\"Expression\":{\"Aggregation\":{\"Expression\":{\"Column\":{\"Expression\":{\"SourceRef\":{\"Source\":\"t1\"}},\"Property\":\"CurrentSizeMB\"}},\"Function\":0}}}]},\"drillFilterOtherVisuals\":true,\"hasDefaultSort\":true,\"objects\":{\"labels\":[{\"properties\":{\"fontSize\":{\"expr\":{\"Literal\":{\"Value\":\"24D\"}}}}}],\"categoryLabels\":[{\"properties\":{\"show\":{\"expr\":{\"Literal\":{\"Value\":\"false\"}}}}}]},\"vcObjects\":{\"title\":[{\"properties\":{\"show\":{\"expr\":{\"Literal\":{\"Value\":\"true\"}}},\"text\":{\"expr\":{\"Literal\":{\"Value\":\"'Current Log Size (MB) Live Data'\"}}}}}],\"visualHeader\":[{\"properties\":{\"show\":{\"expr\":{\"Literal\":{\"Value\":\"true\"}}}}}],\"border\":[{\"properties\":{\"show\":{\"expr\":{\"Literal\":{\"Value\":\"true\"}}}}}]}}}",
          "filters": "[{\"name\":\"Filterb1c8538b452a746cd517\",\"expression\":{\"Column\":{\"Expression\":{\"SourceRef\":{\"Entity\":\"TitanAHSL122_SQL_LogSize_summary\"}},\"Property\":\"Frequency\"}},\"filter\":{\"Version\":2,\"From\":[{\"Name\":\"t\",\"Entity\":\"TitanAHSL122_SQL_LogSize_summary\",\"Type\":0}],\"Where\":[{\"Condition\":{\"In\":{\"Expressions\":[{\"Column\":{\"Expression\":{\"SourceRef\":{\"Source\":\"t\"}},\"Property\":\"Frequency\"}}],\"Values\":[[{\"Literal\":{\"Value\":\"'CurrentLogSize'\"}}]]}}}]},\"type\":\"Categorical\",\"howCreated\":1,\"objects\":{}}]",
          "height": 161.02,
          "width": 166.85,
          "x": 698.92,
          "y": 100.34,
          "z": 7000.00
        }
      ],
      "width": 1280.00
    },
    {
      "config": "{}",
      "displayName": "DataDump",
      "displayOption": 1,
      "filters": "[]",
      "height": 720.00,
      "name": "ReportSection8e37410b2a1330cad30b",
      "ordinal": 2,
      "visualContainers": [
        {
          "config": "{\"name\":\"3d0891026610e4891d00\",\"layouts\":[{\"id\":0,\"position\":{\"x\":339.9695585996956,\"y\":11.689497716894977,\"z\":1000,\"width\":300.0304414003044,\"height\":50.6544901065449}}],\"singleVisual\":{\"visualType\":\"textbox\",\"drillFilterOtherVisuals\":true,\"objects\":{\"general\":[{\"properties\":{\"paragraphs\":[{\"textRuns\":[{\"value\":\"Data Dump\",\"textStyle\":{\"fontSize\":\"16pt\"}}]}]}}]}}}",
          "filters": "[]",
          "height": 50.65,
          "width": 300.03,
          "x": 339.96,
          "y": 11.68,
          "z": 1000.00
        },
        {
          "config": "{\"name\":\"6c1e00a853a9d6bb4911\",\"layouts\":[{\"id\":0,\"position\":{\"x\":6.818873668188736,\"y\":62.343987823439875,\"z\":0,\"width\":1236.1643835616437,\"height\":639.0258751902587}}],\"singleVisual\":{\"visualType\":\"tableEx\",\"projections\":{\"Values\":[{\"queryRef\":\"TitanAHSL122_SQL_LogSize_summary.Collection_Time\"},{\"queryRef\":\"Sum(TitanAHSL122_SQL_LogSize_summary.CurrentSizeMB)\"},{\"queryRef\":\"TitanAHSL122_SQL_LogSize_summary.Date\"},{\"queryRef\":\"TitanAHSL122_SQL_LogSize_summary.DBName\"},{\"queryRef\":\"TitanAHSL122_SQL_LogSize_summary.Frequency\"},{\"queryRef\":\"TitanAHSL122_SQL_LogSize_summary.ServerName\"},{\"queryRef\":\"TitanAHSL122_SQL_LogSize_summary.Hour\"}]},\"prototypeQuery\":{\"Version\":2,\"From\":[{\"Name\":\"t\",\"Entity\":\"TitanAHSL122_SQL_LogSize_summary\",\"Type\":0}],\"Select\":[{\"Column\":{\"Expression\":{\"SourceRef\":{\"Source\":\"t\"}},\"Property\":\"Collection_Time\"},\"Name\":\"TitanAHSL122_SQL_LogSize_summary.Collection_Time\"},{\"Aggregation\":{\"Expression\":{\"Column\":{\"Expression\":{\"SourceRef\":{\"Source\":\"t\"}},\"Property\":\"CurrentSizeMB\"}},\"Function\":0},\"Name\":\"Sum(TitanAHSL122_SQL_LogSize_summary.CurrentSizeMB)\"},{\"Column\":{\"Expression\":{\"SourceRef\":{\"Source\":\"t\"}},\"Property\":\"Date\"},\"Name\":\"TitanAHSL122_SQL_LogSize_summary.Date\"},{\"Column\":{\"Expression\":{\"SourceRef\":{\"Source\":\"t\"}},\"Property\":\"DBName\"},\"Name\":\"TitanAHSL122_SQL_LogSize_summary.DBName\"},{\"Column\":{\"Expression\":{\"SourceRef\":{\"Source\":\"t\"}},\"Property\":\"Frequency\"},\"Name\":\"TitanAHSL122_SQL_LogSize_summary.Frequency\"},{\"Column\":{\"Expression\":{\"SourceRef\":{\"Source\":\"t\"}},\"Property\":\"ServerName\"},\"Name\":\"TitanAHSL122_SQL_LogSize_summary.ServerName\"},{\"Column\":{\"Expression\":{\"SourceRef\":{\"Source\":\"t\"}},\"Property\":\"Hour\"},\"Name\":\"TitanAHSL122_SQL_LogSize_summary.Hour\"}],\"OrderBy\":[{\"Direction\":1,\"Expression\":{\"Column\":{\"Expression\":{\"SourceRef\":{\"Source\":\"t\"}},\"Property\":\"ServerName\"}}}]},\"drillFilterOtherVisuals\":true,\"objects\":{\"columnWidth\":[{\"properties\":{\"value\":{\"expr\":{\"Literal\":{\"Value\":\"218.29114713216958D\"}}}},\"selector\":{\"metadata\":\"Sum(TitanAHSL122_SQL_LogSize_summary.Hour)\"}}]}}}",
          "filters": "[]",
          "height": 639.02,
          "width": 1236.16,
          "x": 6.81,
          "y": 62.34,
          "z": 0.00
        }
      ],
      "width": 1280.00
    },
    {
      "config": "{\"objects\":{\"outspacePane\":[{\"properties\":{\"width\":{\"expr\":{\"Literal\":{\"Value\":\"392L\"}}}}}]}}",
      "displayName": "Red Jobs",
      "displayOption": 1,
      "filters": "[]",
      "height": 720.00,
      "name": "ReportSection96580ce329569c19e6b3",
      "ordinal": 1,
      "visualContainers": [
        {
          "config": "{\"name\":\"0784f4f8165c02236601\",\"layouts\":[{\"id\":0,\"position\":{\"x\":513.7750385208012,\"y\":0,\"z\":1000,\"width\":220.8936825885978,\"height\":53.251155624036976}}],\"singleVisual\":{\"visualType\":\"textbox\",\"drillFilterOtherVisuals\":true,\"objects\":{\"general\":[{\"properties\":{\"paragraphs\":[{\"textRuns\":[{\"value\":\"WhereScape Jobs\",\"textStyle\":{\"fontSize\":\"18pt\"}}]}]}}]}}}",
          "filters": "[]",
          "height": 53.25,
          "width": 220.89,
          "x": 513.77,
          "y": 0.00,
          "z": 1000.00
        },
        {
          "config": "{\"name\":\"27db6ef5e2ab3696d926\",\"layouts\":[{\"id\":0,\"position\":{\"x\":12.132701421800949,\"y\":53.58609794628752,\"z\":0,\"width\":1239.5576619273302,\"height\":251.75355450236967}}],\"singleVisual\":{\"visualType\":\"tableEx\",\"projections\":{\"Values\":[{\"queryRef\":\"TitanJobStatus.JobName\"},{\"queryRef\":\"TitanJobStatus.StartTime\"},{\"queryRef\":\"Sum(TitanJobStatus.HoursElapsed)\"},{\"queryRef\":\"Sum(TitanJobStatus.MinutesElapsed)\"},{\"queryRef\":\"Sum(TitanJobStatus.RunTimeMins)\"},{\"queryRef\":\"Sum(TitanJobStatus.AverageRunTimeMins)\"},{\"queryRef\":\"TitanJobStatus.RecordType\"},{\"queryRef\":\"TitanJobStatus.Status\"},{\"queryRef\":\"TitanJobStatus.AttentionFlag\"}]},\"prototypeQuery\":{\"Version\":2,\"From\":[{\"Name\":\"t\",\"Entity\":\"TitanJobStatus\",\"Type\":0}],\"Select\":[{\"Column\":{\"Expression\":{\"SourceRef\":{\"Source\":\"t\"}},\"Property\":\"AttentionFlag\"},\"Name\":\"TitanJobStatus.AttentionFlag\"},{\"Aggregation\":{\"Expression\":{\"Column\":{\"Expression\":{\"SourceRef\":{\"Source\":\"t\"}},\"Property\":\"AverageRunTimeMins\"}},\"Function\":0},\"Name\":\"Sum(TitanJobStatus.AverageRunTimeMins)\"},{\"Aggregation\":{\"Expression\":{\"Column\":{\"Expression\":{\"SourceRef\":{\"Source\":\"t\"}},\"Property\":\"HoursElapsed\"}},\"Function\":0},\"Name\":\"Sum(TitanJobStatus.HoursElapsed)\"},{\"Column\":{\"Expression\":{\"SourceRef\":{\"Source\":\"t\"}},\"Property\":\"JobName\"},\"Name\":\"TitanJobStatus.JobName\"},{\"Aggregation\":{\"Expression\":{\"Column\":{\"Expression\":{\"SourceRef\":{\"Source\":\"t\"}},\"Property\":\"MinutesElapsed\"}},\"Function\":0},\"Name\":\"Sum(TitanJobStatus.MinutesElapsed)\"},{\"Column\":{\"Expression\":{\"SourceRef\":{\"Source\":\"t\"}},\"Property\":\"RecordType\"},\"Name\":\"TitanJobStatus.RecordType\"},{\"Aggregation\":{\"Expression\":{\"Column\":{\"Expression\":{\"SourceRef\":{\"Source\":\"t\"}},\"Property\":\"RunTimeMins\"}},\"Function\":0},\"Name\":\"Sum(TitanJobStatus.RunTimeMins)\"},{\"Column\":{\"Expression\":{\"SourceRef\":{\"Source\":\"t\"}},\"Property\":\"StartTime\"},\"Name\":\"TitanJobStatus.StartTime\"},{\"Column\":{\"Expression\":{\"SourceRef\":{\"Source\":\"t\"}},\"Property\":\"Status\"},\"Name\":\"TitanJobStatus.Status\"}],\"OrderBy\":[{\"Direction\":1,\"Expression\":{\"Column\":{\"Expression\":{\"SourceRef\":{\"Source\":\"t\"}},\"Property\":\"JobName\"}}}]},\"drillFilterOtherVisuals\":true,\"objects\":{\"values\":[{\"properties\":{\"backColor\":{\"solid\":{\"color\":{\"expr\":{\"Aggregation\":{\"Expression\":{\"Column\":{\"Expression\":{\"SourceRef\":{\"Entity\":\"TitanJobStatus\"}},\"Property\":\"PercentOverUnderColour\"}},\"Function\":3}}}}}},\"selector\":{\"data\":[{\"dataViewWildcard\":{\"matchingOption\":1}}],\"metadata\":\"TitanJobStatus.JobName\"}},{\"properties\":{\"fontColorPrimary\":{\"solid\":{\"color\":{\"expr\":{\"ThemeDataColor\":{\"ColorId\":1,\"Percent\":0}}}}}}}],\"columnWidth\":[{\"properties\":{\"value\":{\"expr\":{\"Literal\":{\"Value\":\"96.05529481468301D\"}}}},\"selector\":{\"metadata\":\"TitanJobStatus.AttentionFlag\"}},{\"properties\":{\"value\":{\"expr\":{\"Literal\":{\"Value\":\"130.77412740556204D\"}}}},\"selector\":{\"metadata\":\"TitanJobStatus.Status\"}},{\"properties\":{\"value\":{\"expr\":{\"Literal\":{\"Value\":\"144.71883259087903D\"}}}},\"selector\":{\"metadata\":\"TitanJobStatus.RecordType\"}},{\"properties\":{},\"selector\":{\"metadata\":\"Sum(TitanJobStatus.AverageRunTimeMins)\"}},{\"properties\":{\"value\":{\"expr\":{\"Literal\":{\"Value\":\"263.43766518175806D\"}}}},\"selector\":{\"metadata\":\"TitanJobStatus.JobName\"}}]}}}",
          "filters": "[{\"name\":\"Filterc62899c40990b719d086\",\"expression\":{\"Column\":{\"Expression\":{\"SourceRef\":{\"Entity\":\"TitanJobStatus\"}},\"Property\":\"RecordType\"}},\"filter\":{\"Version\":2,\"From\":[{\"Name\":\"t\",\"Entity\":\"TitanJobStatus\",\"Type\":0}],\"Where\":[{\"Condition\":{\"In\":{\"Expressions\":[{\"Column\":{\"Expression\":{\"SourceRef\":{\"Source\":\"t\"}},\"Property\":\"RecordType\"}}],\"Values\":[[{\"Literal\":{\"Value\":\"'Current'\"}}]]}}}]},\"type\":\"Categorical\",\"howCreated\":0,\"objects\":{},\"isHiddenInViewMode\":false}]",
          "height": 251.75,
          "width": 1239.55,
          "x": 12.13,
          "y": 53.58,
          "z": 0.00
        },
        {
          "config": "{\"name\":\"8eaafee2046ca61ec1ba\",\"layouts\":[{\"id\":0,\"position\":{\"x\":12.132701421800949,\"y\":327.5829383886256,\"z\":2000,\"width\":1239.5576619273302,\"height\":242.65402843601896}}],\"singleVisual\":{\"visualType\":\"BulletChart1443347686880\",\"projections\":{\"Value\":[{\"queryRef\":\"Sum(TitanJobStatus.RunTimeMins)\"}],\"TargetValue\":[{\"queryRef\":\"Sum(TitanJobStatus.AverageRunTimeMins)\"}],\"Category\":[{\"queryRef\":\"TitanJobStatus.JobName\",\"active\":true}]},\"prototypeQuery\":{\"Version\":2,\"From\":[{\"Name\":\"t\",\"Entity\":\"TitanJobStatus\",\"Type\":0}],\"Select\":[{\"Aggregation\":{\"Expression\":{\"Column\":{\"Expression\":{\"SourceRef\":{\"Source\":\"t\"}},\"Property\":\"RunTimeMins\"}},\"Function\":0},\"Name\":\"Sum(TitanJobStatus.RunTimeMins)\"},{\"Aggregation\":{\"Expression\":{\"Column\":{\"Expression\":{\"SourceRef\":{\"Source\":\"t\"}},\"Property\":\"AverageRunTimeMins\"}},\"Function\":0},\"Name\":\"Sum(TitanJobStatus.AverageRunTimeMins)\"},{\"Column\":{\"Expression\":{\"SourceRef\":{\"Source\":\"t\"}},\"Property\":\"JobName\"},\"Name\":\"TitanJobStatus.JobName\"}],\"OrderBy\":[{\"Direction\":2,\"Expression\":{\"Aggregation\":{\"Expression\":{\"Column\":{\"Expression\":{\"SourceRef\":{\"Source\":\"t\"}},\"Property\":\"RunTimeMins\"}},\"Function\":0}}}]},\"drillFilterOtherVisuals\":true,\"hasDefaultSort\":true,\"objects\":{\"values\":[{\"properties\":{\"targetValue\":{\"expr\":{\"Literal\":{\"Value\":\"-6D\"}}}}}],\"labels\":[{\"properties\":{\"show\":{\"expr\":{\"Literal\":{\"Value\":\"true\"}}}}}],\"orientation\":[{\"properties\":{\"orientation\":{\"expr\":{\"Literal\":{\"Value\":\"'HorizontalLeft'\"}}}}}]},\"vcObjects\":{\"border\":[{\"properties\":{\"show\":{\"expr\":{\"Literal\":{\"Value\":\"true\"}}}}}],\"general\":[{\"properties\":{\"keepLayerOrder\":{\"expr\":{\"Literal\":{\"Value\":\"false\"}}}}}],\"background\":[{\"properties\":{\"show\":{\"expr\":{\"Literal\":{\"Value\":\"true\"}}}}}]}}}",
          "filters": "[{\"name\":\"Filterbc204ec5309bbe551e00\",\"expression\":{\"HierarchyLevel\":{\"Expression\":{\"Hierarchy\":{\"Expression\":{\"SourceRef\":{\"Entity\":\"TitanJobStatus\"}},\"Hierarchy\":\"AttentionFlag Hierarchy\"}},\"Level\":\"RecordType\"}},\"filter\":{\"Version\":2,\"From\":[{\"Name\":\"t\",\"Entity\":\"TitanJobStatus\",\"Type\":0}],\"Where\":[{\"Condition\":{\"In\":{\"Expressions\":[{\"Column\":{\"Expression\":{\"SourceRef\":{\"Source\":\"t\"}},\"Property\":\"RecordType\"}}],\"Values\":[[{\"Literal\":{\"Value\":\"'Current'\"}}]]}}}]},\"type\":\"Categorical\",\"cachedDisplayNames\":[{\"id\":{\"scopeId\":{\"Comparison\":{\"ComparisonKind\":0,\"Left\":{\"Column\":{\"Expression\":{\"SourceRef\":{\"Entity\":\"TitanJobStatus\"}},\"Property\":\"RecordType\"}},\"Right\":{\"Literal\":{\"Value\":\"'Current'\"}}}}},\"displayName\":\"Current\"}],\"howCreated\":1,\"objects\":{}}]",
          "height": 242.65,
          "width": 1239.55,
          "x": 12.13,
          "y": 327.58,
          "z": 2000.00
        }
      ],
      "width": 1280.00
    },
    {
      "config": "{}",
      "displayName": "WhoIsActive",
      "displayOption": 1,
      "filters": "[]",
      "height": 720.00,
      "name": "ReportSectionfc4159d0d6678bb540e0",
      "ordinal": 3,
      "visualContainers": [
        {
          "config": "{\"name\":\"697ec8890c120d2b7280\",\"layouts\":[{\"id\":0,\"position\":{\"x\":50.292758089368256,\"y\":55.22342064714945,\"z\":0,\"width\":1213.9291217257319,\"height\":335.2850539291217}}],\"singleVisual\":{\"visualType\":\"tableEx\",\"projections\":{\"Values\":[{\"queryRef\":\"ahsl122_Titan_WhoIsActive.session_id\"},{\"queryRef\":\"ahsl122_Titan_WhoIsActive.blocking_session_id\"},{\"queryRef\":\"ahsl122_Titan_WhoIsActive.dd hh:mm:ss.mss\"},{\"queryRef\":\"ahsl122_Titan_WhoIsActive.database_name\"},{\"queryRef\":\"ahsl122_Titan_WhoIsActive.start_time\"},{\"queryRef\":\"ahsl122_Titan_WhoIsActive.login_name\"},{\"queryRef\":\"ahsl122_Titan_WhoIsActive.physical_reads\"},{\"queryRef\":\"ahsl122_Titan_WhoIsActive.program_name\"},{\"queryRef\":\"ahsl122_Titan_WhoIsActive.status\"},{\"queryRef\":\"ahsl122_Titan_WhoIsActive.host_name\"}]},\"prototypeQuery\":{\"Version\":2,\"From\":[{\"Name\":\"a\",\"Entity\":\"ahsl122_Titan_WhoIsActive\",\"Type\":0}],\"Select\":[{\"Column\":{\"Expression\":{\"SourceRef\":{\"Source\":\"a\"}},\"Property\":\"blocking_session_id\"},\"Name\":\"ahsl122_Titan_WhoIsActive.blocking_session_id\"},{\"Column\":{\"Expression\":{\"SourceRef\":{\"Source\":\"a\"}},\"Property\":\"database_name\"},\"Name\":\"ahsl122_Titan_WhoIsActive.database_name\"},{\"Column\":{\"Expression\":{\"SourceRef\":{\"Source\":\"a\"}},\"Property\":\"start_time\"},\"Name\":\"ahsl122_Titan_WhoIsActive.start_time\"},{\"Column\":{\"Expression\":{\"SourceRef\":{\"Source\":\"a\"}},\"Property\":\"dd hh:mm:ss.mss\"},\"Name\":\"ahsl122_Titan_WhoIsActive.dd hh:mm:ss.mss\"},{\"Column\":{\"Expression\":{\"SourceRef\":{\"Source\":\"a\"}},\"Property\":\"login_name\"},\"Name\":\"ahsl122_Titan_WhoIsActive.login_name\"},{\"Column\":{\"Expression\":{\"SourceRef\":{\"Source\":\"a\"}},\"Property\":\"physical_reads\"},\"Name\":\"ahsl122_Titan_WhoIsActive.physical_reads\"},{\"Column\":{\"Expression\":{\"SourceRef\":{\"Source\":\"a\"}},\"Property\":\"program_name\"},\"Name\":\"ahsl122_Titan_WhoIsActive.program_name\"},{\"Column\":{\"Expression\":{\"SourceRef\":{\"Source\":\"a\"}},\"Property\":\"session_id\"},\"Name\":\"ahsl122_Titan_WhoIsActive.session_id\"},{\"Column\":{\"Expression\":{\"SourceRef\":{\"Source\":\"a\"}},\"Property\":\"status\"},\"Name\":\"ahsl122_Titan_WhoIsActive.status\"},{\"Column\":{\"Expression\":{\"SourceRef\":{\"Source\":\"a\"}},\"Property\":\"host_name\"},\"Name\":\"ahsl122_Titan_WhoIsActive.host_name\"}],\"OrderBy\":[{\"Direction\":2,\"Expression\":{\"Column\":{\"Expression\":{\"SourceRef\":{\"Source\":\"a\"}},\"Property\":\"database_name\"}}}]},\"columnProperties\":{\"ahsl122_Titan_WhoIsActive.blocking_session_id\":{\"displayName\":\"BlkSessionID\"}},\"drillFilterOtherVisuals\":true,\"filterSortOrder\":3,\"objects\":{\"columnWidth\":[{\"properties\":{\"value\":{\"expr\":{\"Literal\":{\"Value\":\"97.29199048949212D\"}}}},\"selector\":{\"metadata\":\"ahsl122_Titan_WhoIsActive.physical_reads\"}},{\"properties\":{\"value\":{\"expr\":{\"Literal\":{\"Value\":\"90.88497564036778D\"}}}},\"selector\":{\"metadata\":\"ahsl122_Titan_WhoIsActive.blocking_session_id\"}},{\"properties\":{\"value\":{\"expr\":{\"Literal\":{\"Value\":\"196.0886643037653D\"}}}},\"selector\":{\"metadata\":\"ahsl122_Titan_WhoIsActive.program_name\"}}]}}}",
          "filters": "[{\"name\":\"Filterff501b55a6c7308c30e4\",\"expression\":{\"Column\":{\"Expression\":{\"SourceRef\":{\"Entity\":\"ahsl122_Titan_WhoIsActive\"}},\"Property\":\"session_id\"}},\"type\":\"Categorical\",\"howCreated\":0,\"isHiddenInViewMode\":false,\"ordinal\":0},{\"name\":\"Filter1eda838a3e7390e1ec20\",\"expression\":{\"Column\":{\"Expression\":{\"SourceRef\":{\"Entity\":\"ahsl122_Titan_WhoIsActive\"}},\"Property\":\"blocking_session_id\"}},\"type\":\"Categorical\",\"howCreated\":0,\"objects\":{\"general\":[{\"properties\":{}}]},\"isHiddenInViewMode\":false,\"ordinal\":1},{\"name\":\"Filter096913d14492c35a7a9b\",\"expression\":{\"Column\":{\"Expression\":{\"SourceRef\":{\"Entity\":\"ahsl122_Titan_WhoIsActive\"}},\"Property\":\"database_name\"}},\"type\":\"Categorical\",\"howCreated\":0,\"isHiddenInViewMode\":false,\"ordinal\":2},{\"name\":\"Filterd2ddb39eb6de74b4431e\",\"expression\":{\"Column\":{\"Expression\":{\"SourceRef\":{\"Entity\":\"ahsl122_Titan_WhoIsActive\"}},\"Property\":\"dd hh:mm:ss.mss\"}},\"type\":\"Categorical\",\"howCreated\":0,\"isHiddenInViewMode\":false,\"ordinal\":3},{\"name\":\"Filterd5f6a1f11770d9cc778a\",\"expression\":{\"Column\":{\"Expression\":{\"SourceRef\":{\"Entity\":\"ahsl122_Titan_WhoIsActive\"}},\"Property\":\"login_name\"}},\"type\":\"Categorical\",\"howCreated\":0,\"isHiddenInViewMode\":false,\"ordinal\":4},{\"name\":\"Filter100e60a51438c0a97eba\",\"expression\":{\"Column\":{\"Expression\":{\"SourceRef\":{\"Entity\":\"ahsl122_Titan_WhoIsActive\"}},\"Property\":\"physical_reads\"}},\"type\":\"Categorical\",\"howCreated\":0,\"isHiddenInViewMode\":false,\"ordinal\":5},{\"name\":\"Filterca185a617eaea9055163\",\"expression\":{\"Column\":{\"Expression\":{\"SourceRef\":{\"Entity\":\"ahsl122_Titan_WhoIsActive\"}},\"Property\":\"program_name\"}},\"type\":\"Categorical\",\"howCreated\":0,\"isHiddenInViewMode\":false,\"ordinal\":6},{\"name\":\"Filter71d0575703605bb59ee6\",\"expression\":{\"Column\":{\"Expression\":{\"SourceRef\":{\"Entity\":\"ahsl122_Titan_WhoIsActive\"}},\"Property\":\"start_time\"}},\"type\":\"Categorical\",\"howCreated\":0,\"isHiddenInViewMode\":false,\"ordinal\":7},{\"name\":\"Filtera18284434ccd9e65980e\",\"expression\":{\"Column\":{\"Expression\":{\"SourceRef\":{\"Entity\":\"ahsl122_Titan_WhoIsActive\"}},\"Property\":\"wait_info\"}},\"type\":\"Categorical\",\"howCreated\":1,\"isHiddenInViewMode\":false,\"ordinal\":8}]",
          "height": 335.28,
          "width": 1213.92,
          "x": 50.29,
          "y": 55.22,
          "z": 0.00
        },
        {
          "config": "{\"name\":\"c012b9676c7e0630a091\",\"layouts\":[{\"id\":0,\"position\":{\"x\":51.2788906009245,\"y\":426.0092449922958,\"z\":1000,\"width\":1212.9429892141754,\"height\":293.8674884437596}}],\"singleVisual\":{\"visualType\":\"tableEx\",\"projections\":{\"Values\":[{\"queryRef\":\"ahsl122_Titan_WhoIsActive.session_id\"},{\"queryRef\":\"ahsl122_Titan_WhoIsActive.sql_text\"}]},\"prototypeQuery\":{\"Version\":2,\"From\":[{\"Name\":\"a\",\"Entity\":\"ahsl122_Titan_WhoIsActive\",\"Type\":0}],\"Select\":[{\"Column\":{\"Expression\":{\"SourceRef\":{\"Source\":\"a\"}},\"Property\":\"session_id\"},\"Name\":\"ahsl122_Titan_WhoIsActive.session_id\"},{\"Column\":{\"Expression\":{\"SourceRef\":{\"Source\":\"a\"}},\"Property\":\"sql_text\"},\"Name\":\"ahsl122_Titan_WhoIsActive.sql_text\"}],\"OrderBy\":[{\"Direction\":2,\"Expression\":{\"Column\":{\"Expression\":{\"SourceRef\":{\"Source\":\"a\"}},\"Property\":\"sql_text\"}}}]},\"drillFilterOtherVisuals\":true,\"objects\":{\"columnWidth\":[{\"properties\":{\"value\":{\"expr\":{\"Literal\":{\"Value\":\"1094D\"}}}},\"selector\":{\"metadata\":\"ahsl122_Titan_WhoIsActive.sql_text\"}}]}}}",
          "filters": "[]",
          "height": 293.86,
          "width": 1212.94,
          "x": 51.27,
          "y": 426.00,
          "z": 1000.00
        }
      ],
      "width": 1280.00
    }
  ]
}