{
  "config": "{\"version\":\"5.27\",\"themeCollection\":{\"baseTheme\":{\"name\":\"CY21SU11\",\"version\":\"5.28\",\"type\":2},\"customTheme\":{\"name\":\"Ethnicity_and_Priority7762150418145928.json\",\"version\":\"5.28\",\"type\":1}},\"activeSectionIndex\":0,\"bookmarks\":[{\"displayName\":\"WS by Pri&Eth\",\"name\":\"Bookmark81dbe3a82491c7a27efc\",\"children\":[{\"displayName\":\"Median\",\"name\":\"Bookmark20ca730e7421d77578a8\",\"explorationState\":{\"version\":\"1.3\",\"activeSection\":\"ReportSectionf870872b355ee9169841\",\"sections\":{\"ReportSectionf870872b355ee9169841\":{\"filters\":{\"byExpr\":[{\"name\":\"Filter053fb1d3c73e186f8c77\",\"type\":\"Categorical\",\"expression\":{\"Column\":{\"Expression\":{\"SourceRef\":{\"Entity\":\"Surgical_Waitlist_CW\"}},\"Property\":\"IsESPI5Event\"}},\"howCreated\":1}]},\"visualContainers\":{}}},\"objects\":{\"merge\":{\"outspacePane\":[{\"properties\":{\"expanded\":{\"expr\":{\"Literal\":{\"Value\":\"false\"}}},\"visible\":{\"expr\":{\"Literal\":{\"Value\":\"true\"}}}}}]}}},\"options\":{\"targetVisualNames\":[]}},{\"displayName\":\"Average\",\"name\":\"Bookmark4ec28705a7cbb1a8ec15\",\"explorationState\":{\"version\":\"1.3\",\"activeSection\":\"ReportSectionf870872b355ee9169841\",\"sections\":{\"ReportSectionf870872b355ee9169841\":{\"filters\":{\"byExpr\":[{\"name\":\"Filter053fb1d3c73e186f8c77\",\"type\":\"Categorical\",\"expression\":{\"Column\":{\"Expression\":{\"SourceRef\":{\"Entity\":\"Surgical_Waitlist_CW\"}},\"Property\":\"IsESPI5Event\"}},\"howCreated\":1}]},\"visualContainers\":{}}},\"objects\":{\"merge\":{\"outspacePane\":[{\"properties\":{\"expanded\":{\"expr\":{\"Literal\":{\"Value\":\"false\"}}},\"visible\":{\"expr\":{\"Literal\":{\"Value\":\"true\"}}}}}]}}},\"options\":{\"targetVisualNames\":[]}},{\"displayName\":\"90 Percentile\",\"name\":\"Bookmarkabd86ad593241bceecd1\",\"explorationState\":{\"version\":\"1.3\",\"activeSection\":\"ReportSectionf870872b355ee9169841\",\"sections\":{\"ReportSectionf870872b355ee9169841\":{\"filters\":{\"byExpr\":[{\"name\":\"Filter053fb1d3c73e186f8c77\",\"type\":\"Categorical\",\"expression\":{\"Column\":{\"Expression\":{\"SourceRef\":{\"Entity\":\"Surgical_Waitlist_CW\"}},\"Property\":\"IsESPI5Event\"}},\"howCreated\":1}]},\"visualContainers\":{}}},\"objects\":{\"merge\":{\"outspacePane\":[{\"properties\":{\"expanded\":{\"expr\":{\"Literal\":{\"Value\":\"false\"}}},\"visible\":{\"expr\":{\"Literal\":{\"Value\":\"true\"}}}}}]}}},\"options\":{\"targetVisualNames\":[]}}]},{\"displayName\":\"MS - Pri&Eth\",\"name\":\"Bookmarkbdbd3b65ab23e01a61ad\",\"children\":[{\"displayName\":\"Average\",\"name\":\"Bookmarkf4709db07f481d4356e9\",\"explorationState\":{\"version\":\"1.3\",\"activeSection\":\"ReportSection8aa15d500a30a24c20b5\",\"sections\":{\"ReportSection8aa15d500a30a24c20b5\":{\"filters\":{\"byExpr\":[{\"name\":\"Filter053fb1d3c73e186f8c77\",\"type\":\"Categorical\",\"expression\":{\"Column\":{\"Expression\":{\"SourceRef\":{\"Entity\":\"Surgical_Waitlist_CW\"}},\"Property\":\"IsESPI5Event\"}},\"howCreated\":1}]},\"visualContainers\":{}}},\"objects\":{\"merge\":{\"outspacePane\":[{\"properties\":{\"expanded\":{\"expr\":{\"Literal\":{\"Value\":\"false\"}}},\"visible\":{\"expr\":{\"Literal\":{\"Value\":\"true\"}}}}}]}}},\"options\":{\"targetVisualNames\":[]}},{\"displayName\":\"Median\",\"name\":\"Bookmark6d12193e6fa61ab56aff\",\"explorationState\":{\"version\":\"1.3\",\"activeSection\":\"ReportSection8aa15d500a30a24c20b5\",\"sections\":{\"ReportSection8aa15d500a30a24c20b5\":{\"filters\":{\"byExpr\":[{\"name\":\"Filter053fb1d3c73e186f8c77\",\"type\":\"Categorical\",\"expression\":{\"Column\":{\"Expression\":{\"SourceRef\":{\"Entity\":\"Surgical_Waitlist_CW\"}},\"Property\":\"IsESPI5Event\"}},\"howCreated\":1}]},\"visualContainers\":{}}},\"objects\":{\"merge\":{\"outspacePane\":[{\"properties\":{\"expanded\":{\"expr\":{\"Literal\":{\"Value\":\"false\"}}},\"visible\":{\"expr\":{\"Literal\":{\"Value\":\"true\"}}}}}]}}},\"options\":{\"targetVisualNames\":[]}},{\"displayName\":\"90 Percentile\",\"name\":\"Bookmark1bd7118729f1c422c0dc\",\"explorationState\":{\"version\":\"1.3\",\"activeSection\":\"ReportSection8aa15d500a30a24c20b5\",\"sections\":{\"ReportSection8aa15d500a30a24c20b5\":{\"filters\":{\"byExpr\":[{\"name\":\"Filter053fb1d3c73e186f8c77\",\"type\":\"Categorical\",\"expression\":{\"Column\":{\"Expression\":{\"SourceRef\":{\"Entity\":\"Surgical_Waitlist_CW\"}},\"Property\":\"IsESPI5Event\"}},\"howCreated\":1}]},\"visualContainers\":{}}},\"objects\":{\"merge\":{\"outspacePane\":[{\"properties\":{\"expanded\":{\"expr\":{\"Literal\":{\"Value\":\"false\"}}},\"visible\":{\"expr\":{\"Literal\":{\"Value\":\"true\"}}}}}]}}},\"options\":{\"targetVisualNames\":[]}}]},{\"displayName\":\"WS - Wait Dist\",\"name\":\"Bookmark3a3c0f53b79af0614462\",\"children\":[{\"displayName\":\"Priority\",\"name\":\"Bookmarke47ed6ad990f774f30ec\",\"explorationState\":{\"version\":\"1.3\",\"activeSection\":\"ReportSectionc0a2d6c568b8fa534196\",\"sections\":{\"ReportSectionc0a2d6c568b8fa534196\":{\"visualContainers\":{}}},\"objects\":{\"merge\":{\"outspacePane\":[{\"properties\":{\"expanded\":{\"expr\":{\"Literal\":{\"Value\":\"false\"}}},\"visible\":{\"expr\":{\"Literal\":{\"Value\":\"true\"}}}}}]}}},\"options\":{\"targetVisualNames\":[]}},{\"displayName\":\"Booked/Unbooked\",\"name\":\"Bookmarkb9f4a4d933c9ed0173b5\",\"explorationState\":{\"version\":\"1.3\",\"activeSection\":\"ReportSectionc0a2d6c568b8fa534196\",\"sections\":{\"ReportSectionc0a2d6c568b8fa534196\":{\"visualContainers\":{}}},\"objects\":{\"merge\":{\"outspacePane\":[{\"properties\":{\"expanded\":{\"expr\":{\"Literal\":{\"Value\":\"false\"}}},\"visible\":{\"expr\":{\"Literal\":{\"Value\":\"true\"}}}}}]}}},\"options\":{\"targetVisualNames\":[]}},{\"displayName\":\"Ethnicity\",\"name\":\"Bookmark48174159dbfb1a32aee9\",\"explorationState\":{\"version\":\"1.3\",\"activeSection\":\"ReportSectionc0a2d6c568b8fa534196\",\"sections\":{\"ReportSectionc0a2d6c568b8fa534196\":{\"visualContainers\":{}}},\"objects\":{\"merge\":{\"outspacePane\":[{\"properties\":{\"expanded\":{\"expr\":{\"Literal\":{\"Value\":\"false\"}}},\"visible\":{\"expr\":{\"Literal\":{\"Value\":\"true\"}}}}}]}}},\"options\":{\"targetVisualNames\":[]}}]},{\"displayName\":\"CW-Booked,Pri&Eth\",\"name\":\"Bookmark37a958372ad3a43fd1dd\",\"children\":[{\"displayName\":\"Booked\",\"name\":\"Bookmark320805e11982bcaf2dd7\",\"explorationState\":{\"version\":\"1.3\",\"activeSection\":\"ReportSection682e36345d02f8f9e44e\",\"sections\":{\"ReportSection682e36345d02f8f9e44e\":{\"visualContainers\":{}}},\"objects\":{\"merge\":{\"outspacePane\":[{\"properties\":{\"expanded\":{\"expr\":{\"Literal\":{\"Value\":\"false\"}}},\"visible\":{\"expr\":{\"Literal\":{\"Value\":\"true\"}}}}}]}}},\"options\":{\"targetVisualNames\":[]}},{\"displayName\":\"Priority\",\"name\":\"Bookmarkbf0159ebbbeeb18e5608\",\"explorationState\":{\"version\":\"1.3\",\"activeSection\":\"ReportSection682e36345d02f8f9e44e\",\"sections\":{\"ReportSection682e36345d02f8f9e44e\":{\"visualContainers\":{}}},\"objects\":{\"merge\":{\"outspacePane\":[{\"properties\":{\"expanded\":{\"expr\":{\"Literal\":{\"Value\":\"false\"}}},\"visible\":{\"expr\":{\"Literal\":{\"Value\":\"true\"}}}}}]}}},\"options\":{\"targetVisualNames\":[]}},{\"displayName\":\"Ethnicity\",\"name\":\"Bookmarkeeeb11118b8a2a361631\",\"explorationState\":{\"version\":\"1.3\",\"activeSection\":\"ReportSection682e36345d02f8f9e44e\",\"sections\":{\"ReportSection682e36345d02f8f9e44e\":{\"visualContainers\":{}}},\"objects\":{\"merge\":{\"outspacePane\":[{\"properties\":{\"expanded\":{\"expr\":{\"Literal\":{\"Value\":\"false\"}}},\"visible\":{\"expr\":{\"Literal\":{\"Value\":\"true\"}}}}}]}}},\"options\":{\"targetVisualNames\":[]}}]},{\"displayName\":\"BookingsAdded\",\"name\":\"Bookmark1130ec8fb2faadea08b1\",\"children\":[{\"displayName\":\"Priority\",\"name\":\"Bookmarkfa3416d4ca779070b5b6\",\"explorationState\":{\"version\":\"1.3\",\"activeSection\":\"ReportSection769ace24d4dd6d023b75\",\"sections\":{\"ReportSection769ace24d4dd6d023b75\":{\"visualContainers\":{}}},\"objects\":{\"merge\":{\"outspacePane\":[{\"properties\":{\"expanded\":{\"expr\":{\"Literal\":{\"Value\":\"false\"}}},\"visible\":{\"expr\":{\"Literal\":{\"Value\":\"true\"}}}}}]}}},\"options\":{\"targetVisualNames\":[]}},{\"displayName\":\"Ethnicity\",\"name\":\"Bookmark4e8497f99b54709ba203\",\"explorationState\":{\"version\":\"1.3\",\"activeSection\":\"ReportSection769ace24d4dd6d023b75\",\"sections\":{\"ReportSection769ace24d4dd6d023b75\":{\"visualContainers\":{}}},\"objects\":{\"merge\":{\"outspacePane\":[{\"properties\":{\"expanded\":{\"expr\":{\"Literal\":{\"Value\":\"false\"}}},\"visible\":{\"expr\":{\"Literal\":{\"Value\":\"true\"}}}}}]}}},\"options\":{\"targetVisualNames\":[]}}]},{\"displayName\":\"CW - Booked/Unbooked Table\",\"name\":\"Bookmarkc2e82ab08c449580739c\",\"children\":[{\"displayName\":\"Ethnicity\",\"name\":\"Bookmarkf496fbf777a9b62a5c1d\",\"explorationState\":{\"version\":\"1.3\",\"activeSection\":\"ReportSectionf483120069a34c827d06\",\"sections\":{\"ReportSectionf483120069a34c827d06\":{\"visualContainers\":{}}},\"objects\":{\"merge\":{\"outspacePane\":[{\"properties\":{\"expanded\":{\"expr\":{\"Literal\":{\"Value\":\"false\"}}},\"visible\":{\"expr\":{\"Literal\":{\"Value\":\"true\"}}}}}]}}},\"options\":{\"targetVisualNames\":[]}},{\"displayName\":\"Priority\",\"name\":\"Bookmark6d889b0e51b1f258fbb6\",\"explorationState\":{\"version\":\"1.3\",\"activeSection\":\"ReportSectionf483120069a34c827d06\",\"sections\":{\"ReportSectionf483120069a34c827d06\":{\"visualContainers\":{}}},\"objects\":{\"merge\":{\"outspacePane\":[{\"properties\":{\"expanded\":{\"expr\":{\"Literal\":{\"Value\":\"false\"}}},\"visible\":{\"expr\":{\"Literal\":{\"Value\":\"true\"}}}}}]}}},\"options\":{\"targetVisualNames\":[]}},{\"displayName\":\"Ethnicity&Priority\",\"name\":\"Bookmarka8de3baa04a023d5cd4b\",\"explorationState\":{\"version\":\"1.3\",\"activeSection\":\"ReportSectionf483120069a34c827d06\",\"sections\":{\"ReportSectionf483120069a34c827d06\":{\"visualContainers\":{}}},\"objects\":{\"merge\":{\"outspacePane\":[{\"properties\":{\"expanded\":{\"expr\":{\"Literal\":{\"Value\":\"false\"}}},\"visible\":{\"expr\":{\"Literal\":{\"Value\":\"true\"}}}}}]}}},\"options\":{\"targetVisualNames\":[]}}]}],\"defaultDrillFilterOtherVisuals\":true,\"slowDataSourceSettings\":{\"isCrossHighlightingDisabled\":false,\"isSlicerSelectionsButtonEnabled\":false,\"isFilterSelectionsButtonEnabled\":false,\"isFieldWellButtonEnabled\":false,\"isApplyAllButtonEnabled\":false},\"linguisticSchemaSyncVersion\":2,\"settings\":{\"useNewFilterPaneExperience\":true,\"allowChangeFilterTypes\":true,\"useStylableVisualContainerHeader\":true,\"exportDataMode\":1,\"filterPaneHiddenInEditMode\":false},\"objects\":{\"section\":[{\"properties\":{\"verticalAlignment\":{\"expr\":{\"Literal\":{\"Value\":\"'Top'\"}}}}}],\"outspacePane\":[{\"properties\":{\"expanded\":{\"expr\":{\"Literal\":{\"Value\":\"false\"}}},\"visible\":{\"expr\":{\"Literal\":{\"Value\":\"true\"}}}}}]}}",
  "layoutOptimization": 0,
  "publicCustomVisuals": [
    "BoxandWhiskerByMAQ1823AD39DT234AB532063E128AX",
    "BoxWhiskerChart1455240051538"
  ],
  "resourcePackages": [
    {
      "resourcePackage": {
        "disabled": false,
        "items": [
          {
            "name": "CY21SU11",
            "path": "BaseThemes/CY21SU11.json",
            "type": 202
          }
        ],
        "name": "SharedResources",
        "type": 2
      }
    },
    {
      "resourcePackage": {
        "items": [
          {
            "name": "Ethnicity_and_Priority7762150418145928.json",
            "path": "Ethnicity_and_Priority7762150418145928.json",
            "type": 100
          },
          {
            "name": "HealthNZ_Logo9867032293364086.png",
            "path": "HealthNZ_Logo9867032293364086.png",
            "type": 100
          },
          {
            "name": "HealthNZ_Template_white_no_log6295429036664277.jpg",
            "path": "HealthNZ_Template_white_no_log6295429036664277.jpg",
            "type": 100
          }
        ],
        "name": "RegisteredResources",
        "type": 1
      }
    },
    {
      "resourcePackage": {
        "items": [
          {
            "name": "TornadoChart1452517688218.pbiviz.json",
            "path": "TornadoChart1452517688218.pbiviz.json",
            "type": 5
          }
        ],
        "name": "TornadoChart1452517688218",
        "type": 0
      }
    }
  ],
  "sections": [
    {
      "config": "{\"objects\":{\"background\":[{\"properties\":{\"image\":{\"image\":{\"name\":{\"expr\":{\"Literal\":{\"Value\":\"'HealthNZ Template white no logo.jpg'\"}}},\"url\":{\"expr\":{\"ResourcePackageItem\":{\"PackageName\":\"RegisteredResources\",\"PackageType\":1,\"ItemName\":\"HealthNZ_Template_white_no_log6295429036664277.jpg\"}}},\"scaling\":{\"expr\":{\"Literal\":{\"Value\":\"'Fit'\"}}}}},\"transparency\":{\"expr\":{\"Literal\":{\"Value\":\"0D\"}}}}}]},\"visibility\":0}",
      "displayName": "Report Information",
      "displayOption": 3,
      "filters": "[]",
      "height": 720.00,
      "name": "ReportSection3d6242501e1d15d4a33e",
      "visualContainers": [
        {
          "config": "{\"name\":\"426e4fc96b90d36d2c71\",\"layouts\":[{\"id\":0,\"position\":{\"x\":1008,\"y\":0,\"z\":4000,\"width\":160,\"height\":44,\"tabOrder\":4000}}],\"singleVisual\":{\"visualType\":\"card\",\"projections\":{\"Values\":[{\"queryRef\":\"Min(LastRefresh.LastRefresh)\"}]},\"prototypeQuery\":{\"Version\":2,\"From\":[{\"Name\":\"l\",\"Entity\":\"LastRefresh\",\"Type\":0}],\"Select\":[{\"Aggregation\":{\"Expression\":{\"Column\":{\"Expression\":{\"SourceRef\":{\"Source\":\"l\"}},\"Property\":\"LastRefresh\"}},\"Function\":4},\"Name\":\"Min(LastRefresh.LastRefresh)\"}],\"OrderBy\":[{\"Direction\":1,\"Expression\":{\"Aggregation\":{\"Expression\":{\"Column\":{\"Expression\":{\"SourceRef\":{\"Source\":\"l\"}},\"Property\":\"LastRefresh\"}},\"Function\":4}}}]},\"columnProperties\":{\"Min(LastRefresh.LastRefresh)\":{\"displayName\":\"Refreshed on\"}},\"drillFilterOtherVisuals\":true,\"hasDefaultSort\":true,\"objects\":{\"labels\":[{\"properties\":{\"fontSize\":{\"expr\":{\"Literal\":{\"Value\":\"11D\"}}},\"color\":{\"solid\":{\"color\":{\"expr\":{\"Literal\":{\"Value\":\"'#252423'\"}}}}},\"bold\":{\"expr\":{\"Literal\":{\"Value\":\"true\"}}},\"underline\":{\"expr\":{\"Literal\":{\"Value\":\"true\"}}}}}],\"categoryLabels\":[{\"properties\":{\"fontSize\":{\"expr\":{\"Literal\":{\"Value\":\"10D\"}}},\"color\":{\"solid\":{\"color\":{\"expr\":{\"ThemeDataColor\":{\"ColorId\":1,\"Percent\":0}}}}},\"show\":{\"expr\":{\"Literal\":{\"Value\":\"false\"}}}}}],\"wordWrap\":[{\"properties\":{\"show\":{\"expr\":{\"Literal\":{\"Value\":\"false\"}}}}}]},\"vcObjects\":{\"title\":[{\"properties\":{\"show\":{\"expr\":{\"Literal\":{\"Value\":\"false\"}}},\"text\":{\"expr\":{\"Literal\":{\"Value\":\"'Refreshed On'\"}}},\"alignment\":{\"expr\":{\"Literal\":{\"Value\":\"'center'\"}}},\"fontColor\":{\"solid\":{\"color\":{\"expr\":{\"ThemeDataColor\":{\"ColorId\":0,\"Percent\":0}}}}}}}],\"background\":[{\"properties\":{\"show\":{\"expr\":{\"Literal\":{\"Value\":\"false\"}}}}}]}}}",
          "filters": "[]",
          "height": 44.00,
          "width": 160.00,
          "x": 1008.00,
          "y": 0.00,
          "z": 4000.00
        },
        {
          "config": "{\"name\":\"72d82fa5681cac2006c6\",\"layouts\":[{\"id\":0,\"position\":{\"x\":0,\"y\":69.14893617021276,\"z\":0,\"width\":1256.3829787234042,\"height\":629.7872340425532,\"tabOrder\":0}}],\"singleVisual\":{\"visualType\":\"textbox\",\"drillFilterOtherVisuals\":true,\"objects\":{\"general\":[{\"properties\":{\"paragraphs\":[{\"textRuns\":[{\"value\":\"Owner\",\"textStyle\":{\"fontWeight\":\"bold\",\"fontSize\":\"10.5pt\"}},{\"value\":\"\\t\\t\\t:\"},{\"value\":\"\\t Paul Browne, Production Planning Team \",\"textStyle\":{\"fontSize\":\"10.5pt\"}}]},{\"textRuns\":[{\"value\":\"\"}]},{\"textRuns\":[{\"value\":\"Description \",\"textStyle\":{\"fontWeight\":\"bold\",\"fontSize\":\"10.5pt\"}},{\"value\":\"\\t\"},{\"value\":\":     This data set comprises of 3 components and the snapshot data is from July \",\"textStyle\":{\"fontSize\":\"10.5pt\"}},{\"value\":\"2021:\",\"textStyle\":{\"fontSize\":\"14px\"}},{\"value\":\"  \",\"textStyle\":{\"fontSize\":\"10.5pt\"}}]},{\"textRuns\":[{\"value\":\"\"}]},{\"textRuns\":[{\"value\":\"\\t\\t\\t\\t\\t\\t\\t\\t\"},{\"value\":\"a) Current Waitlist\\t\\t\\t\\t\\t\\t-\\tPatients waiting for surgery as at report run date\",\"textStyle\":{\"fontSize\":\"10.5pt\"}}]},{\"textRuns\":[{\"value\":\"\\t\\t\\t\\t\\t\\t\\t\\tb\"},{\"value\":\") Monthly snapshot trends\\t\\t-\\tSnapshot of patients waiting at the end of each month (cumulative data)\",\"textStyle\":{\"fontSize\":\"10.5pt\"}}]},{\"textRuns\":[{\"value\":\"\\t\\t\\t\\t\\t\\t\\t\\tc\"},{\"value\":\") Weekly snapshot trends\\t\\t-\\tSnapshot of patients waiting at the end of each week (cumulative data)\",\"textStyle\":{\"fontSize\":\"10.5pt\"}}]},{\"textRuns\":[{\"value\":\"\\t\\t\\t\"}]},{\"textRuns\":[{\"value\":\"\\t\\t\\t\\t\\t\\t\\t\\t\",\"textStyle\":{\"fontSize\":\"10.5pt\"}}]},{\"textRuns\":[{\"value\":\"Definition/KPI:\",\"textStyle\":{\"fontWeight\":\"bold\",\"fontSize\":\"10.5pt\"}},{\"value\":\"\\t\",\"textStyle\":{\"fontSize\":\"10.5pt\"}},{\"value\":\"ESPI5\",\"textStyle\":{\"fontWeight\":\"bold\",\"fontSize\":\"10.5pt\"}},{\"value\":\" is a KPI reported to the Ministry of Health that consists of normal, non-ACC patients and are subject to compliance \",\"textStyle\":{\"fontSize\":\"10.5pt\"}}]},{\"textRuns\":[{\"value\":\"\\t\\t\\t\\t\\t\\t\\twith a target of 120 days to treat from the date of commitment to the patient.\",\"textStyle\":{\"fontSize\":\"10.5pt\"}}]},{\"textRuns\":[{\"value\":\"\\t\\t\\t\\t\\t\\t\\t\",\"textStyle\":{\"fontSize\":\"10.5pt\"}},{\"value\":\"Non ESPI5\",\"textStyle\":{\"fontWeight\":\"bold\",\"fontSize\":\"10.5pt\"}},{\"value\":\" are staged, planned, ACC, \",\"textStyle\":{\"fontSize\":\"10.5pt\"}},{\"value\":\"arranged\",\"textStyle\":{\"fontSize\":\"14px\"}},{\"value\":\" admissions that does not have a target for treatment. \",\"textStyle\":{\"fontSize\":\"10.5pt\"}}]},{\"textRuns\":[{\"value\":\"\\t\\t\\t\\t\\t\\t\\t \"},{\"value\":\"Non-Compliance % \",\"textStyle\":{\"fontWeight\":\"bold\"}},{\"value\":\"- Numbers waiting >120 days / Total waiting\"}]},{\"textRuns\":[{\"value\":\"\\t\\t\\t \\t\\t\\t\\t \"},{\"value\":\"% Booked\",\"textStyle\":{\"fontWeight\":\"bold\",\"fontSize\":\"13.3333px\"}},{\"value\":\"- Numbers waiting booked / Total waiting\",\"textStyle\":{\"fontSize\":\"13.3333px\"}}]},{\"textRuns\":[{\"value\":\"\\t\\t\\t\\t\\t\\t\\t \"},{\"value\":\"% Unbooked\",\"textStyle\":{\"fontWeight\":\"bold\",\"fontSize\":\"13.3333px\"}},{\"value\":\"- Numbers waiting booked / Total waiting\",\"textStyle\":{\"fontSize\":\"13.3333px\"}}]},{\"textRuns\":[{\"value\":\"\\t\\t\\t\\t\\t\\t\\t \"},{\"value\":\"Total Days Waiting\",\"textStyle\":{\"fontWeight\":\"bold\",\"fontSize\":\"13.3333px\"}},{\"value\":\"- Number of days waiting\",\"textStyle\":{\"fontSize\":\"13.3333px\"}}]},{\"textRuns\":[{\"value\":\"\\t\"}]},{\"textRuns\":[{\"value\":\"Definitions: \",\"textStyle\":{\"fontWeight\":\"bold\",\"fontSize\":\"10.5pt\"}}]},{\"textRuns\":[{\"value\":\"\"}]},{\"textRuns\":[{\"value\":\"Priority\",\"textStyle\":{\"fontSize\":\"10.5pt\"}},{\"value\":\"\\t\\t\\t\\t\\t\\t\"},{\"value\":\"-\",\"textStyle\":{\"fontSize\":\"10.5pt\"}},{\"value\":\"\\t\\t\\t\"},{\"value\":\"Priorities as populated in the front-end\",\"textStyle\":{\"fontSize\":\"10.5pt\"}}]},{\"textRuns\":[{\"value\":\"Mapped Priority\",\"textStyle\":{\"fontSize\":\"10.5pt\"}},{\"value\":\"\\t\\t\\t\"},{\"value\":\"-\",\"textStyle\":{\"fontSize\":\"10.5pt\"}},{\"value\":\"\\t\\t\\t\"},{\"value\":\"Priorities grouped into P1, P2, P3 and P4\",\"textStyle\":{\"fontSize\":\"10.5pt\"}}]},{\"textRuns\":[{\"value\":\"Ethnicity & Priority\",\"textStyle\":{\"fontSize\":\"10.5pt\"}},{\"value\":\"\\t\"},{\"value\":\"-\",\"textStyle\":{\"fontSize\":\"10.5pt\"}},{\"value\":\"\\t\\t\\t\"},{\"value\":\"Concatenation of Ethnicity and Mapped Priority\",\"textStyle\":{\"fontSize\":\"10.5pt\"}}]},{\"textRuns\":[{\"value\":\"\"}]},{\"textRuns\":[{\"value\":\"Acronyms in the Table name:\",\"textStyle\":{\"fontWeight\":\"bold\",\"fontSize\":\"10.5pt\"}}]},{\"textRuns\":[{\"value\":\"\"}]},{\"textRuns\":[{\"value\":\"CW\\t\\t-\\tCurrent Waitlist\",\"textStyle\":{\"fontSize\":\"10.5pt\"}}]},{\"textRuns\":[{\"value\":\"\"}]},{\"textRuns\":[{\"value\":\"\"}]},{\"textRuns\":[{\"value\":\"\"}]},{\"textRuns\":[{\"value\":\"\\t\\t\\t\\t\\t\",\"textStyle\":{\"fontSize\":\"10.5pt\"}}]},{\"textRuns\":[{\"value\":\"\"}]},{\"textRuns\":[{\"value\":\"\\t\\t\\t\\t\\t\\t\\t\\t \",\"textStyle\":{\"fontSize\":\"10.5pt\"}}]},{\"textRuns\":[{\"value\":\"\"}]},{\"textRuns\":[{\"value\":\"\"}]}]}}]},\"vcObjects\":{\"border\":[{\"properties\":{\"show\":{\"expr\":{\"Literal\":{\"Value\":\"true\"}}},\"color\":{\"solid\":{\"color\":{\"expr\":{\"Literal\":{\"Value\":\"'#B8D9F8'\"}}}}},\"radius\":{\"expr\":{\"Literal\":{\"Value\":\"14D\"}}}}}],\"dropShadow\":[{\"properties\":{\"show\":{\"expr\":{\"Literal\":{\"Value\":\"true\"}}},\"color\":{\"solid\":{\"color\":{\"expr\":{\"ThemeDataColor\":{\"ColorId\":0,\"Percent\":-0.1}}}}}}}]}}}",
          "filters": "[]",
          "height": 629.78,
          "width": 1256.38,
          "x": 0.00,
          "y": 69.14,
          "z": 0.00
        },
        {
          "config": "{\"name\":\"842d2b0795578d382b74\",\"layouts\":[{\"id\":0,\"position\":{\"x\":0,\"y\":0,\"z\":3000,\"width\":123.60515021459227,\"height\":61.802575107296136,\"tabOrder\":3000}}],\"singleVisual\":{\"visualType\":\"image\",\"drillFilterOtherVisuals\":true,\"objects\":{\"general\":[{\"properties\":{\"imageUrl\":{\"expr\":{\"ResourcePackageItem\":{\"PackageName\":\"RegisteredResources\",\"PackageType\":1,\"ItemName\":\"HealthNZ_Logo9867032293364086.png\"}}}}}]}}}",
          "filters": "[]",
          "height": 61.80,
          "width": 123.60,
          "x": 0.00,
          "y": 0.00,
          "z": 3000.00
        },
        {
          "config": "{\"name\":\"e71cd5244d53e2713759\",\"layouts\":[{\"id\":0,\"position\":{\"x\":970.9871244635193,\"y\":6.866952789699571,\"z\":2000,\"width\":189.52789699570815,\"height\":49.44206008583691,\"tabOrder\":2000}}],\"singleVisual\":{\"visualType\":\"textbox\",\"drillFilterOtherVisuals\":true,\"objects\":{\"general\":[{\"properties\":{\"paragraphs\":[{\"textRuns\":[{\"value\":\"As At:\",\"textStyle\":{\"fontWeight\":\"bold\"}}]},{\"textRuns\":[{\"value\":\"Data and Analytics (HIT)\",\"textStyle\":{\"fontWeight\":\"bold\",\"color\":\"#000000\"}}]}]}}]},\"vcObjects\":{\"background\":[{\"properties\":{\"show\":{\"expr\":{\"Literal\":{\"Value\":\"false\"}}}}}]}}}",
          "filters": "[]",
          "height": 49.44,
          "width": 189.52,
          "x": 970.98,
          "y": 6.86,
          "z": 2000.00
        },
        {
          "config": "{\"name\":\"efb303a6935d1c335015\",\"layouts\":[{\"id\":0,\"position\":{\"x\":462.83261802575106,\"y\":6.866952789699571,\"z\":1000,\"width\":350.2145922746781,\"height\":43.94849785407725,\"tabOrder\":1000}}],\"singleVisual\":{\"visualType\":\"textbox\",\"drillFilterOtherVisuals\":true,\"objects\":{\"general\":[{\"properties\":{\"paragraphs\":[{\"textRuns\":[{\"value\":\"\"}],\"horizontalTextAlignment\":\"center\"}]}}]},\"vcObjects\":{\"background\":[{\"properties\":{\"color\":{\"solid\":{\"color\":{\"expr\":{\"ThemeDataColor\":{\"ColorId\":3,\"Percent\":0}}}}},\"transparency\":{\"expr\":{\"Literal\":{\"Value\":\"16D\"}}},\"show\":{\"expr\":{\"Literal\":{\"Value\":\"false\"}}}}}],\"title\":[{\"properties\":{\"show\":{\"expr\":{\"Literal\":{\"Value\":\"true\"}}},\"fontColor\":{\"solid\":{\"color\":{\"expr\":{\"Literal\":{\"Value\":\"'#000000'\"}}}}},\"text\":{\"expr\":{\"Literal\":{\"Value\":\"'REPORT INFORMATION'\"}}},\"fontSize\":{\"expr\":{\"Literal\":{\"Value\":\"16D\"}}},\"fontFamily\":{\"expr\":{\"Literal\":{\"Value\":\"'''Arial Black'''\"}}},\"background\":{\"solid\":{\"color\":{\"expr\":{\"Literal\":{\"Value\":\"null\"}}}}},\"bold\":{\"expr\":{\"Literal\":{\"Value\":\"true\"}}},\"heading\":{\"expr\":{\"Literal\":{\"Value\":\"'Normal'\"}}},\"alignment\":{\"expr\":{\"Literal\":{\"Value\":\"'center'\"}}}}}]}}}",
          "filters": "[]",
          "height": 43.94,
          "width": 350.21,
          "x": 462.83,
          "y": 6.86,
          "z": 1000.00
        }
      ],
      "width": 1280.00
    },
    {
      "config": "{\"objects\":{\"background\":[{\"properties\":{\"image\":{\"image\":{\"name\":{\"expr\":{\"Literal\":{\"Value\":\"'HealthNZ Template white no logo.jpg'\"}}},\"url\":{\"expr\":{\"ResourcePackageItem\":{\"PackageName\":\"RegisteredResources\",\"PackageType\":1,\"ItemName\":\"HealthNZ_Template_white_no_log6295429036664277.jpg\"}}},\"scaling\":{\"expr\":{\"Literal\":{\"Value\":\"'Fit'\"}}}}},\"transparency\":{\"expr\":{\"Literal\":{\"Value\":\"0D\"}}}}}]},\"visibility\":1}",
      "displayName": "Release Notes",
      "displayOption": 3,
      "filters": "[]",
      "height": 720.00,
      "name": "ReportSection41042c27506407bb5e13",
      "ordinal": 1,
      "visualContainers": [
        {
          "config": "{\"name\":\"307c5bb16007b8a41c01\",\"layouts\":[{\"id\":0,\"position\":{\"x\":0,\"y\":0,\"z\":4000,\"width\":123.60515021459227,\"height\":61.802575107296136,\"tabOrder\":4000}}],\"singleVisual\":{\"visualType\":\"image\",\"drillFilterOtherVisuals\":true,\"objects\":{\"general\":[{\"properties\":{\"imageUrl\":{\"expr\":{\"ResourcePackageItem\":{\"PackageName\":\"RegisteredResources\",\"PackageType\":1,\"ItemName\":\"HealthNZ_Logo9867032293364086.png\"}}}}}]}}}",
          "filters": "[]",
          "height": 61.80,
          "width": 123.60,
          "x": 0.00,
          "y": 0.00,
          "z": 4000.00
        },
        {
          "config": "{\"name\":\"448bb58f84935881ebd6\",\"layouts\":[{\"id\":0,\"position\":{\"x\":0,\"y\":69.14893617021276,\"z\":0,\"width\":1256.3829787234042,\"height\":629.7872340425532,\"tabOrder\":0}}],\"singleVisual\":{\"visualType\":\"textbox\",\"drillFilterOtherVisuals\":true,\"objects\":{\"general\":[{\"properties\":{\"paragraphs\":[{\"textRuns\":[{\"value\":\"Date                                                      Description of Enhancement                                                                                        Author\",\"textStyle\":{\"fontFamily\":\"Arial\",\"fontSize\":\"10pt\",\"textDecoration\":\"underline\"}}]},{\"textRuns\":[{\"value\":\"06 Dec 2022                                         Surgical Waitlist - data exploration for users to 'Analyze in Excel'\",\"textStyle\":{\"fontFamily\":\"Arial\",\"fontSize\":\"10pt\"}},{\"value\":\"                             Eric Liu\",\"textStyle\":{\"fontFamily\":\"Arial\",\"fontSize\":\"13.3333px\"}}]},{\"textRuns\":[{\"value\":\"                                                                                  \",\"textStyle\":{\"fontFamily\":\"Arial\",\"fontSize\":\"13.3333px\"}}]},{\"textRuns\":[{\"value\":\"\"}]},{\"textRuns\":[{\"value\":\"\"}]},{\"textRuns\":[{\"value\":\"\"}]},{\"textRuns\":[{\"value\":\"\\t\\t\\t\\t\\t\",\"textStyle\":{\"fontSize\":\"10.5pt\"}}]},{\"textRuns\":[{\"value\":\"\"}]},{\"textRuns\":[{\"value\":\"\\t\\t\\t\\t\\t\\t\\t\\t \",\"textStyle\":{\"fontSize\":\"10.5pt\"}}]},{\"textRuns\":[{\"value\":\"\"}]},{\"textRuns\":[{\"value\":\"\"}]}]}}]},\"vcObjects\":{\"border\":[{\"properties\":{\"show\":{\"expr\":{\"Literal\":{\"Value\":\"true\"}}},\"color\":{\"solid\":{\"color\":{\"expr\":{\"Literal\":{\"Value\":\"'#B8D9F8'\"}}}}},\"radius\":{\"expr\":{\"Literal\":{\"Value\":\"14D\"}}}}}],\"dropShadow\":[{\"properties\":{\"show\":{\"expr\":{\"Literal\":{\"Value\":\"true\"}}},\"color\":{\"solid\":{\"color\":{\"expr\":{\"ThemeDataColor\":{\"ColorId\":0,\"Percent\":-0.1}}}}}}}]}}}",
          "filters": "[]",
          "height": 629.78,
          "width": 1256.38,
          "x": 0.00,
          "y": 69.14,
          "z": 0.00
        },
        {
          "config": "{\"name\":\"4999a29a07257da32063\",\"layouts\":[{\"id\":0,\"position\":{\"x\":1013,\"y\":0,\"z\":3000,\"width\":160,\"height\":44,\"tabOrder\":3000}}],\"singleVisual\":{\"visualType\":\"card\",\"projections\":{\"Values\":[{\"queryRef\":\"Min(LastRefresh.LastRefresh)\"}]},\"prototypeQuery\":{\"Version\":2,\"From\":[{\"Name\":\"l\",\"Entity\":\"LastRefresh\",\"Type\":0}],\"Select\":[{\"Aggregation\":{\"Expression\":{\"Column\":{\"Expression\":{\"SourceRef\":{\"Source\":\"l\"}},\"Property\":\"LastRefresh\"}},\"Function\":4},\"Name\":\"Min(LastRefresh.LastRefresh)\"}],\"OrderBy\":[{\"Direction\":1,\"Expression\":{\"Aggregation\":{\"Expression\":{\"Column\":{\"Expression\":{\"SourceRef\":{\"Source\":\"l\"}},\"Property\":\"LastRefresh\"}},\"Function\":4}}}]},\"columnProperties\":{\"Min(LastRefresh.LastRefresh)\":{\"displayName\":\"Refreshed on\"}},\"drillFilterOtherVisuals\":true,\"hasDefaultSort\":true,\"objects\":{\"labels\":[{\"properties\":{\"fontSize\":{\"expr\":{\"Literal\":{\"Value\":\"11D\"}}},\"color\":{\"solid\":{\"color\":{\"expr\":{\"Literal\":{\"Value\":\"'#252423'\"}}}}},\"bold\":{\"expr\":{\"Literal\":{\"Value\":\"true\"}}},\"underline\":{\"expr\":{\"Literal\":{\"Value\":\"true\"}}}}}],\"categoryLabels\":[{\"properties\":{\"fontSize\":{\"expr\":{\"Literal\":{\"Value\":\"10D\"}}},\"color\":{\"solid\":{\"color\":{\"expr\":{\"ThemeDataColor\":{\"ColorId\":1,\"Percent\":0}}}}},\"show\":{\"expr\":{\"Literal\":{\"Value\":\"false\"}}}}}],\"wordWrap\":[{\"properties\":{\"show\":{\"expr\":{\"Literal\":{\"Value\":\"false\"}}}}}]},\"vcObjects\":{\"title\":[{\"properties\":{\"show\":{\"expr\":{\"Literal\":{\"Value\":\"false\"}}},\"text\":{\"expr\":{\"Literal\":{\"Value\":\"'Refreshed On'\"}}},\"alignment\":{\"expr\":{\"Literal\":{\"Value\":\"'center'\"}}},\"fontColor\":{\"solid\":{\"color\":{\"expr\":{\"ThemeDataColor\":{\"ColorId\":0,\"Percent\":0}}}}}}}],\"background\":[{\"properties\":{\"show\":{\"expr\":{\"Literal\":{\"Value\":\"false\"}}}}}]}}}",
          "filters": "[]",
          "height": 44.00,
          "width": 160.00,
          "x": 1013.00,
          "y": 0.00,
          "z": 3000.00
        },
        {
          "config": "{\"name\":\"53dc2d874095a039612c\",\"layouts\":[{\"id\":0,\"position\":{\"x\":970.9871244635193,\"y\":6.866952789699571,\"z\":2000,\"width\":189.52789699570815,\"height\":49.44206008583691,\"tabOrder\":2000}}],\"singleVisual\":{\"visualType\":\"textbox\",\"drillFilterOtherVisuals\":true,\"objects\":{\"general\":[{\"properties\":{\"paragraphs\":[{\"textRuns\":[{\"value\":\"As At:\",\"textStyle\":{\"fontWeight\":\"bold\",\"color\":\"#000000\"}}]},{\"textRuns\":[{\"value\":\"Data and Analytics (HIT)\",\"textStyle\":{\"fontWeight\":\"bold\",\"color\":\"#000000\"}}]}]}}]},\"vcObjects\":{\"background\":[{\"properties\":{\"show\":{\"expr\":{\"Literal\":{\"Value\":\"false\"}}}}}]}}}",
          "filters": "[]",
          "height": 49.44,
          "width": 189.52,
          "x": 970.98,
          "y": 6.86,
          "z": 2000.00
        },
        {
          "config": "{\"name\":\"6f0c00974cea45720bae\",\"layouts\":[{\"id\":0,\"position\":{\"x\":462.83261802575106,\"y\":6.866952789699571,\"z\":1000,\"width\":350.2145922746781,\"height\":43.94849785407725,\"tabOrder\":1000}}],\"singleVisual\":{\"visualType\":\"textbox\",\"drillFilterOtherVisuals\":true,\"objects\":{\"general\":[{\"properties\":{\"paragraphs\":[{\"textRuns\":[{\"value\":\"\"}],\"horizontalTextAlignment\":\"center\"}]}}]},\"vcObjects\":{\"background\":[{\"properties\":{\"color\":{\"solid\":{\"color\":{\"expr\":{\"ThemeDataColor\":{\"ColorId\":3,\"Percent\":0}}}}},\"transparency\":{\"expr\":{\"Literal\":{\"Value\":\"16D\"}}},\"show\":{\"expr\":{\"Literal\":{\"Value\":\"false\"}}}}}],\"title\":[{\"properties\":{\"show\":{\"expr\":{\"Literal\":{\"Value\":\"true\"}}},\"fontColor\":{\"solid\":{\"color\":{\"expr\":{\"Literal\":{\"Value\":\"'#000000'\"}}}}},\"text\":{\"expr\":{\"Literal\":{\"Value\":\"'REPORT INFORMATION'\"}}},\"fontSize\":{\"expr\":{\"Literal\":{\"Value\":\"16D\"}}},\"fontFamily\":{\"expr\":{\"Literal\":{\"Value\":\"'''Arial Black'''\"}}},\"background\":{\"solid\":{\"color\":{\"expr\":{\"Literal\":{\"Value\":\"null\"}}}}},\"bold\":{\"expr\":{\"Literal\":{\"Value\":\"true\"}}},\"heading\":{\"expr\":{\"Literal\":{\"Value\":\"'Normal'\"}}},\"alignment\":{\"expr\":{\"Literal\":{\"Value\":\"'center'\"}}}}}]}}}",
          "filters": "[]",
          "height": 43.94,
          "width": 350.21,
          "x": 462.83,
          "y": 6.86,
          "z": 1000.00
        }
      ],
      "width": 1280.00
    }
  ],
  "theme": "Ethnicity_and_Priority7762150418145928.json"
}