{
  "explorationState": "{\"version\":\"1.8\",\"activeSection\":\"\",\"sections\":{\"ReportSection73733527d60088e33127\":{\"visualContainers\":{\"6c27a8af2ce95ea85664\":{\"singleVisual\":{\"visualType\":\"funnel\",\"mobileObjects\":{\"categoryAxis\":[{\"properties\":{\"fontSize\":{\"expr\":{\"Literal\":{\"Value\":\"8D\"}}}}}],\"labels\":[{\"properties\":{\"fontSize\":{\"expr\":{\"Literal\":{\"Value\":\"8D\"}}}}}]}}},\"7768d6ac625840d57c74\":{\"singleVisual\":{\"visualType\":\"card\",\"mobileVcObjects\":{\"dropShadow\":[{\"properties\":{\"show\":{\"expr\":{\"Literal\":{\"Value\":\"false\"}}}}}]},\"mobileObjects\":{\"labels\":[{\"properties\":{\"fontSize\":{\"expr\":{\"Literal\":{\"Value\":\"20D\"}}}}}],\"categoryLabels\":[{\"properties\":{\"fontSize\":{\"expr\":{\"Literal\":{\"Value\":\"8D\"}}},\"show\":{\"expr\":{\"Literal\":{\"Value\":\"false\"}}}}}]}}},\"69cb5270c4b7ce08002d\":{\"singleVisual\":{\"visualType\":\"card\",\"mobileObjects\":{\"labels\":[{\"properties\":{\"fontSize\":{\"expr\":{\"Literal\":{\"Value\":\"20D\"}}}}}],\"categoryLabels\":[{\"properties\":{\"fontSize\":{\"expr\":{\"Literal\":{\"Value\":\"8D\"}}}}}]}}},\"69c8be816d10ea2d05c5\":{\"singleVisual\":{\"visualType\":\"card\",\"mobileObjects\":{\"labels\":[{\"properties\":{\"fontSize\":{\"expr\":{\"Literal\":{\"Value\":\"20D\"}}}}}],\"categoryLabels\":[{\"properties\":{\"fontSize\":{\"expr\":{\"Literal\":{\"Value\":\"8D\"}}}}}]}}},\"bd45a7a0d63a25c7302d\":{\"singleVisual\":{\"visualType\":\"textbox\",\"mobileVcObjects\":{\"background\":[{\"properties\":{\"color\":{\"solid\":{\"color\":{\"expr\":{\"Literal\":{\"Value\":\"'#DCF1F9'\"}}}}}}}]}}},\"19c96b1804bcc4457828\":{\"singleVisual\":{\"visualType\":\"card\",\"mobileObjects\":{\"labels\":[{\"properties\":{\"fontSize\":{\"expr\":{\"Literal\":{\"Value\":\"10D\"}}}}}]}}},\"9b5ba72f1934a8f572c6\":{\"singleVisual\":{\"visualType\":\"donutChart\",\"mobileObjects\":{\"dataPoint\":[{\"properties\":{\"fill\":{\"solid\":{\"color\":{\"expr\":{\"Literal\":{\"Value\":\"'#02733E'\"}}}}}},\"selector\":{\"data\":[{\"scopeId\":{\"Comparison\":{\"ComparisonKind\":0,\"Left\":{\"Column\":{\"Expression\":{\"SourceRef\":{\"Entity\":\"__Fact_MainQuery\"}},\"Property\":\"Triage 6hr Graph Desc\"}},\"Right\":{\"Literal\":{\"Value\":\"'Compliant'\"}}}}}]}}]}}}}}}}",
  "objectId": "",
  "type": 4
}