{
  "config": "{\"version\":\"5.37\",\"themeCollection\":{\"baseTheme\":{\"name\":\"CY20SU09\",\"version\":\"5.17\",\"type\":2}},\"activeSectionIndex\":0,\"defaultDrillFilterOtherVisuals\":true,\"linguisticSchemaSyncVersion\":2,\"settings\":{\"useNewFilterPaneExperience\":true,\"allowChangeFilterTypes\":true,\"useStylableVisualContainerHeader\":true,\"exportDataMode\":1,\"allowDataPointLassoSelect\":false},\"objects\":{\"section\":[{\"properties\":{\"verticalAlignment\":{\"expr\":{\"Literal\":{\"Value\":\"'Middle'\"}}}}}],\"outspacePane\":[{\"properties\":{\"expanded\":{\"expr\":{\"Literal\":{\"Value\":\"false\"}}}}}]}}",
  "layoutOptimization": 0,
  "resourcePackages": [
    {
      "resourcePackage": {
        "disabled": false,
        "items": [
          {
            "name": "CY20SU09",
            "path": "BaseThemes/CY20SU09.json",
            "type": 202
          }
        ],
        "name": "SharedResources",
        "type": 2
      }
    }
  ],
  "sections": [
    {
      "config": "{}",
      "displayName": "Page 1",
      "displayOption": 1,
      "filters": "[]",
      "height": 720.00,
      "name": "ReportSection",
      "visualContainers": [
        {
          "config": "{\"name\":\"6ee871f45c3c929b8bd6\",\"layouts\":[{\"id\":0,\"position\":{\"x\":10.140845070422536,\"y\":0,\"z\":0,\"width\":890.5505761843791,\"height\":38.719590268886044,\"tabOrder\":0}}],\"singleVisual\":{\"visualType\":\"textbox\",\"drillFilterOtherVisuals\":true,\"objects\":{\"general\":[{\"properties\":{\"paragraphs\":[{\"textRuns\":[{\"value\":\"This report was decommissioned and will be removed in Oct 2023.  If you have questions, please send an email to AskHIT.\",\"textStyle\":{\"fontWeight\":\"bold\",\"color\":\"#d64550\"}}]}]}}]}}}",
          "filters": "[]",
          "height": 38.72,
          "width": 890.55,
          "x": 10.14,
          "y": 0.00,
          "z": 0.00
        }
      ],
      "width": 1280.00
    }
  ]
}