{
  "name": "ADHB Template",
  "textClasses": {
    "callout": {
      "fontSize": 15,
      "fontFace": "'Segoe UI Light', wf_segoe-ui_light, helvetica, arial, sans-serif"
    },
    "label": {
      "fontSize": 8
    },
    "title": {
      "fontFace": "'Segoe UI Bold', wf_segoe-ui_bold, helvetica, arial, sans-serif",
      "fontSize": 10
    },
    "header": {
      "fontSize": 10
    }
  },
  "visualStyles": {
    "*": {
      "*": {
        "filterCard": [
          {
            "$id": "Applied",
            "textSize": 12
          },
          {
            "$id": "Available",
            "textSize": 12
          }
        ]
      }
    }
  },
  "dataColors": [
    "#5DA2E1",
    "#2C4154",
    "#E66C37",
    "#6B007B",
    "#E044A7",
    "#744EC2",
    "#D9B300",
    "#D64550"
  ]
}