{
  "config": "{\"version\":\"5.24\",\"themeCollection\":{\"baseTheme\":{\"name\":\"CY21SU07\",\"version\":\"5.24\",\"type\":2}},\"activeSectionIndex\":0,\"defaultDrillFilterOtherVisuals\":true,\"slowDataSourceSettings\":{\"isCrossHighlightingDisabled\":false,\"isSlicerSelectionsButtonEnabled\":false,\"isFilterSelectionsButtonEnabled\":false,\"isFieldWellButtonEnabled\":false,\"isApplyAllButtonEnabled\":false},\"linguisticSchemaSyncVersion\":2,\"settings\":{\"useNewFilterPaneExperience\":true,\"allowChangeFilterTypes\":true,\"useStylableVisualContainerHeader\":true,\"exportDataMode\":1},\"objects\":{\"section\":[{\"properties\":{\"verticalAlignment\":{\"expr\":{\"Literal\":{\"Value\":\"'Top'\"}}}}}],\"outspacePane\":[{\"properties\":{\"expanded\":{\"expr\":{\"Literal\":{\"Value\":\"false\"}}}}}]}}",
  "filters": "[{\"name\":\"Filterc2a3259b936e554a9d66\",\"expression\":{\"Column\":{\"Expression\":{\"SourceRef\":{\"Entity\":\"Acute_KPI_WardCBU\"}},\"Property\":\"LocationDescription\"}},\"filter\":{\"Version\":2,\"From\":[{\"Name\":\"a\",\"Entity\":\"Acute_KPI_WardCBU\",\"Type\":0}],\"Where\":[{\"Condition\":{\"In\":{\"Expressions\":[{\"Column\":{\"Expression\":{\"SourceRef\":{\"Source\":\"a\"}},\"Property\":\"LocationDescription\"}}],\"Values\":[[{\"Literal\":{\"Value\":\"'Auckland City Hospital'\"}}],[{\"Literal\":{\"Value\":\"'Auckland Hospital'\"}}],[{\"Literal\":{\"Value\":\"'Greenlane Clinical Centre'\"}}],[{\"Literal\":{\"Value\":\"'Starship'\"}}]]}}}]},\"type\":\"Categorical\",\"howCreated\":1,\"objects\":{}}]",
  "layoutOptimization": 0,
  "pods": [
    {
      "boundSection": "ReportSection",
      "config": "{}",
      "name": "Pod",
      "referenceScope": 1
    }
  ],
  "resourcePackages": [
    {
      "resourcePackage": {
        "disabled": false,
        "items": [
          {
            "name": "CY21SU07",
            "path": "BaseThemes/CY21SU07.json",
            "type": 202
          }
        ],
        "name": "SharedResources",
        "type": 2
      }
    },
    {
      "resourcePackage": {
        "items": [
          {
            "name": "HealthNZ_Template_white_no_log5114297455240369.jpg",
            "path": "HealthNZ_Template_white_no_log5114297455240369.jpg",
            "type": 100
          },
          {
            "name": "HealthNZ_Template_white_no_log9958094022040125.jpg",
            "path": "HealthNZ_Template_white_no_log9958094022040125.jpg",
            "type": 100
          },
          {
            "name": "MicrosoftTeams-image_(8)1217759084927954.png",
            "path": "MicrosoftTeams-image_(8)1217759084927954.png",
            "type": 100
          }
        ],
        "name": "RegisteredResources",
        "type": 1
      }
    }
  ],
  "sections": [
    {
      "config": "{\"objects\":{\"outspacePane\":[{\"properties\":{\"width\":{\"expr\":{\"Literal\":{\"Value\":\"248L\"}}}}}],\"background\":[{\"properties\":{\"image\":{\"image\":{\"name\":{\"expr\":{\"Literal\":{\"Value\":\"'HealthNZ Template white no logo.jpg'\"}}},\"url\":{\"expr\":{\"ResourcePackageItem\":{\"PackageName\":\"RegisteredResources\",\"PackageType\":1,\"ItemName\":\"HealthNZ_Template_white_no_log5114297455240369.jpg\"}}},\"scaling\":{\"expr\":{\"Literal\":{\"Value\":\"'Fit'\"}}}}},\"transparency\":{\"expr\":{\"Literal\":{\"Value\":\"0D\"}}}}}]}}",
      "displayName": "Summary",
      "displayOption": 1,
      "filters": "[]",
      "height": 720.00,
      "name": "ReportSection",
      "visualContainers": [
        {
          "config": "{\"name\":\"3a64ea06a6a6d96eb4dd\",\"layouts\":[{\"id\":0,\"position\":{\"x\":8.641975308641975,\"y\":12.345679012345679,\"z\":1001,\"width\":158.02469135802468,\"height\":61.72839506172839,\"tabOrder\":1}}],\"singleVisual\":{\"visualType\":\"image\",\"drillFilterOtherVisuals\":true,\"objects\":{\"general\":[{\"properties\":{\"imageUrl\":{\"expr\":{\"ResourcePackageItem\":{\"PackageName\":\"RegisteredResources\",\"PackageType\":1,\"ItemName\":\"MicrosoftTeams-image_(8)1217759084927954.png\"}}}}}]}}}",
          "filters": "[]",
          "height": 61.72,
          "width": 158.02,
          "x": 8.64,
          "y": 12.34,
          "z": 1001.00
        },
        {
          "config": "{\"name\":\"976a3e11e69028267a90\",\"layouts\":[{\"id\":0,\"position\":{\"x\":491.9764507989907,\"y\":0,\"z\":1002,\"width\":394.0117746005046,\"height\":43.06139613120269,\"tabOrder\":2}}],\"singleVisual\":{\"visualType\":\"textbox\",\"drillFilterOtherVisuals\":true,\"objects\":{\"general\":[{\"properties\":{\"paragraphs\":[{\"textRuns\":[{\"value\":\"                  Summary\",\"textStyle\":{\"fontWeight\":\"bold\",\"fontFamily\":\"Arial Black\",\"fontSize\":\"16pt\",\"color\":\"#15284c\"}}]}]}}]},\"vcObjects\":{\"background\":[{\"properties\":{\"show\":{\"expr\":{\"Literal\":{\"Value\":\"false\"}}}}}]}}}",
          "filters": "[]",
          "height": 43.06,
          "width": 394.01,
          "x": 491.97,
          "y": 0.00,
          "z": 1002.00
        },
        {
          "config": "{\"name\":\"da334fa1436403d0d2cf\",\"layouts\":[{\"id\":0,\"position\":{\"x\":9.915492957746478,\"y\":82.92957746478874,\"z\":1000,\"width\":1254.7605633802816,\"height\":600.3380281690141}}],\"singleVisual\":{\"visualType\":\"textbox\",\"drillFilterOtherVisuals\":true,\"objects\":{\"general\":[{\"properties\":{\"paragraphs\":[{\"textRuns\":[{\"value\":\"Description:\",\"textStyle\":{\"fontWeight\":\"bold\",\"fontFamily\":\"Arial\",\"fontSize\":\"8pt\"}},{\"value\":\" \",\"textStyle\":{\"fontFamily\":\"Arial\",\"fontSize\":\"8pt\"}}]},{\"textRuns\":[{\"value\":\"The summary report provides graphical information on discharge process using the defined KPIs while the detail report containing event level details. The purpose of the report is to assist in monitoring discharge planning and identify bottlenecks that impede timely discharges for further improvements.  \",\"textStyle\":{\"fontFamily\":\"Arial\",\"fontSize\":\"8pt\",\"color\":\"#000000\"}}]},{\"textRuns\":[{\"value\":\"\"}]},{\"textRuns\":[{\"value\":\"Owner: Jane Lees (Performance Improvements)\",\"textStyle\":{\"fontFamily\":\"Arial\",\"fontSize\":\"8pt\"}}]},{\"textRuns\":[{\"value\":\"\"}]},{\"textRuns\":[{\"value\":\"Definition of Measures and KPIs:\",\"textStyle\":{\"fontFamily\":\"Arial\",\"fontSize\":\"8pt\"}}]},{\"textRuns\":[{\"value\":\"                                                 \",\"textStyle\":{\"fontWeight\":\"bold\",\"fontFamily\":\"Arial\",\"fontSize\":\"8pt\"}}]},{\"textRuns\":[{\"value\":\"                                                                    Definition                                                                                                                                                                                            Target\",\"textStyle\":{\"fontWeight\":\"bold\",\"fontFamily\":\"Arial\",\"fontSize\":\"8pt\"}}]},{\"textRuns\":[{\"value\":\"\"}]},{\"textRuns\":[{\"value\":\"·    \",\"textStyle\":{\"fontFamily\":\"Arial\",\"fontSize\":\"8pt\",\"color\":\"#1f497d\"}},{\"value\":\" \",\"textStyle\":{\"fontFamily\":\"Arial\",\"fontSize\":\"8pt\",\"color\":\"#000000\"}},{\"value\":\"Discharges by noon: \",\"textStyle\":{\"fontWeight\":\"bold\",\"fontFamily\":\"Arial\",\"fontSize\":\"8pt\",\"color\":\"#000000\"}},{\"value\":\"Proportion of patients discharged by midday.                                                                                          If value is >30%= Green, 20-30%= Amber, <20%= Red\",\"textStyle\":{\"fontFamily\":\"Arial\",\"fontSize\":\"8pt\",\"color\":\"#000000\"}}]},{\"textRuns\":[{\"value\":\"\"}]},{\"textRuns\":[{\"value\":\"·   \",\"textStyle\":{\"fontFamily\":\"Arial\",\"fontSize\":\"8pt\",\"color\":\"#000000\"}},{\"value\":\"Discharges via Transition Lounge:\",\"textStyle\":{\"fontWeight\":\"bold\",\"fontFamily\":\"Arial\",\"fontSize\":\"8pt\",\"color\":\"#000000\"}},{\"value\":\"  Proportion of patients discharged via Transition Lounge                                                   If value is >=25% then Green, <25%= Red\",\"textStyle\":{\"fontFamily\":\"Arial\",\"fontSize\":\"8pt\",\"color\":\"#000000\"}}]},{\"textRuns\":[{\"value\":\"\"}]},{\"textRuns\":[{\"value\":\"·   \",\"textStyle\":{\"fontFamily\":\"Arial\",\"fontSize\":\"8pt\",\"color\":\"#000000\"}},{\"value\":\"EDD correct at 8am:\",\"textStyle\":{\"fontWeight\":\"bold\",\"fontFamily\":\"Arial\",\"fontSize\":\"8pt\",\"color\":\"#000000\"}},{\"value\":\"  Proportion of patients with EDD correct at 8am on day of discharge                                                         If value is >=50% then Green, <50%= Red\",\"textStyle\":{\"fontFamily\":\"Arial\",\"fontSize\":\"8pt\",\"color\":\"#000000\"}}]},{\"textRuns\":[{\"value\":\"\"}]},{\"textRuns\":[{\"value\":\"·   \",\"textStyle\":{\"fontFamily\":\"Arial\",\"fontSize\":\"8pt\",\"color\":\"#000000\"}},{\"value\":\"Bed ready to transfer time:\",\"textStyle\":{\"fontWeight\":\"bold\",\"fontFamily\":\"Arial\",\"fontSize\":\"8pt\",\"color\":\"#000000\"}},{\"value\":\"  Average time in minutes from ward bed ready to patient being transferred                                    If value is <30 minutes =Green, >=30 minutes then Red\",\"textStyle\":{\"fontFamily\":\"Arial\",\"fontSize\":\"8pt\",\"color\":\"#000000\"}}]},{\"textRuns\":[{\"value\":\"\"}]},{\"textRuns\":[{\"value\":\"·   \",\"textStyle\":{\"fontFamily\":\"Arial\",\"fontSize\":\"8pt\",\"color\":\"#000000\"}},{\"value\":\"Ready to go delay count:\",\"textStyle\":{\"fontWeight\":\"bold\",\"fontFamily\":\"Arial\",\"fontSize\":\"8pt\",\"color\":\"#000000\"}},{\"value\":\"  Number of ready to go delays recorded                                                                                             If value is >12= Green, 5-12= Amber, <5= Red\",\"textStyle\":{\"fontFamily\":\"Arial\",\"fontSize\":\"8pt\",\"color\":\"#000000\"}}]},{\"textRuns\":[{\"value\":\"\"}]},{\"textRuns\":[{\"value\":\"·   \",\"textStyle\":{\"fontFamily\":\"Arial\",\"fontSize\":\"8pt\",\"color\":\"#000000\"}},{\"value\":\"Ready to go delay with code: \",\"textStyle\":{\"fontWeight\":\"bold\",\"fontFamily\":\"Arial\",\"fontSize\":\"8pt\",\"color\":\"#000000\"}},{\"value\":\" Proportion of ready to go delays using a pre-existing code                                                        If value is >=75% then Green, <75%= Red\",\"textStyle\":{\"fontFamily\":\"Arial\",\"fontSize\":\"8pt\",\"color\":\"#000000\"}}]},{\"textRuns\":[{\"value\":\"\"}]},{\"textRuns\":[{\"value\":\"·   \",\"textStyle\":{\"fontFamily\":\"Arial\",\"fontSize\":\"8pt\",\"color\":\"#000000\"}},{\"value\":\"Nurse facilitated discharge forms:\",\"textStyle\":{\"fontWeight\":\"bold\",\"fontFamily\":\"Arial\",\"fontSize\":\"8pt\",\"color\":\"#000000\"}},{\"value\":\"  Number of nurse facilitated discharge forms (CR4743)                                                      If value is >8= Green, 1-8= Amber, 0= Red\",\"textStyle\":{\"fontFamily\":\"Arial\",\"fontSize\":\"8pt\",\"color\":\"#000000\"}}]},{\"textRuns\":[{\"value\":\"\"}]},{\"textRuns\":[{\"value\":\"·   \",\"textStyle\":{\"fontFamily\":\"Arial\",\"fontSize\":\"8pt\",\"color\":\"#000000\"}},{\"value\":\"Length of stay:\",\"textStyle\":{\"fontWeight\":\"bold\",\"fontFamily\":\"Arial\",\"fontSize\":\"8pt\",\"color\":\"#000000\"}},{\"value\":\"  Average of length of stay in days  \",\"textStyle\":{\"fontFamily\":\"Arial\",\"fontSize\":\"8pt\",\"color\":\"#000000\"}}]},{\"textRuns\":[{\"value\":\"\"}]},{\"textRuns\":[{\"value\":\"\"}]},{\"textRuns\":[{\"value\":\"Definition of Terms/Acronyms:\",\"textStyle\":{\"fontFamily\":\"Arial\",\"fontSize\":\"8pt\"}}]},{\"textRuns\":[{\"value\":\"\"}]},{\"textRuns\":[{\"value\":\"·   \",\"textStyle\":{\"fontFamily\":\"Arial\",\"fontSize\":\"8pt\",\"color\":\"#000000\"}},{\"value\":\"KPI Green value:\",\"textStyle\":{\"fontWeight\":\"bold\",\"fontFamily\":\"Arial\",\"fontSize\":\"8pt\",\"color\":\"#000000\"}},{\"value\":\"  The KPI reached the target value\",\"textStyle\":{\"fontFamily\":\"Arial\",\"fontSize\":\"8pt\",\"color\":\"#000000\"}}]},{\"textRuns\":[{\"value\":\"·   \",\"textStyle\":{\"fontFamily\":\"Arial\",\"fontSize\":\"8pt\",\"color\":\"#000000\"}},{\"value\":\"KPI Red value:\",\"textStyle\":{\"fontWeight\":\"bold\",\"fontFamily\":\"Arial\",\"fontSize\":\"8pt\",\"color\":\"#000000\"}},{\"value\":\"      The KPI failed the target value\",\"textStyle\":{\"fontFamily\":\"Arial\",\"fontSize\":\"8pt\",\"color\":\"#000000\"}}]}]}}]}}}",
          "filters": "[]",
          "height": 600.33,
          "width": 1254.76,
          "x": 9.91,
          "y": 82.92,
          "z": 1000.00
        }
      ],
      "width": 1280.00
    },
    {
      "config": "{\"objects\":{\"background\":[{\"properties\":{\"image\":{\"image\":{\"name\":{\"expr\":{\"Literal\":{\"Value\":\"'HealthNZ Template white no logo.jpg'\"}}},\"url\":{\"expr\":{\"ResourcePackageItem\":{\"PackageName\":\"RegisteredResources\",\"PackageType\":1,\"ItemName\":\"HealthNZ_Template_white_no_log9958094022040125.jpg\"}}},\"scaling\":{\"expr\":{\"Literal\":{\"Value\":\"'Normal'\"}}}}},\"transparency\":{\"expr\":{\"Literal\":{\"Value\":\"0D\"}}}}}]}}",
      "displayName": "Release Notes",
      "displayOption": 1,
      "filters": "[]",
      "height": 720.00,
      "name": "ReportSectionf45c5d300d3bf1c3eae6",
      "ordinal": 1,
      "visualContainers": [
        {
          "config": "{\"name\":\"f13b0080e5adb87385f1\",\"layouts\":[{\"id\":0,\"position\":{\"x\":9.915492957746478,\"y\":89.2394366197183,\"z\":0,\"width\":1234.9295774647887,\"height\":592.2253521126761}}],\"singleVisual\":{\"visualType\":\"textbox\",\"drillFilterOtherVisuals\":true,\"objects\":{\"general\":[{\"properties\":{\"paragraphs\":[{\"textRuns\":[{\"value\":\"Date                                                      Description of Enhancement                                                                                        Author\",\"textStyle\":{\"textDecoration\":\"underline\"}}]},{\"textRuns\":[{\"value\":\"                                                             Initial Dataset                                                                                                             Gery Smith\"}]},{\"textRuns\":[{\"value\":\"16 May 2022                                        Enhancements - Added Bed Ready KPI                                                                      Hernan Molina\"}]},{\"textRuns\":[{\"value\":\"30 May 2022                                        Enhancements - Added RTG and NFD  KPI's                                                              Hernan Molina\"}]},{\"textRuns\":[{\"value\":\"17 Jun 2022                                         Enhancements - Added LOS Calculation by Ward/CBU in a new page                      Hernan Molina\"}]},{\"textRuns\":[{\"value\":\"30 Jun 2022                                         Enhancements - Added Summary page with descriptions                                         Hernan Molina\"}]},{\"textRuns\":[{\"value\":\"17 Aug 2022                                        Enhancements - Added Handover Hotline KPI  and apply new ADHB template       Hernan Molina\"}]},{\"textRuns\":[{\"value\":\"\"}]}]}}]}}}",
          "filters": "[]",
          "height": 592.22,
          "width": 1234.92,
          "x": 9.91,
          "y": 89.23,
          "z": 0.00
        },
        {
          "config": "{\"name\":\"fd7bcf300d49a40cd508\",\"layouts\":[{\"id\":0,\"position\":{\"x\":8.641975308641975,\"y\":12.345679012345679,\"z\":1,\"width\":158.02469135802468,\"height\":61.72839506172839,\"tabOrder\":1}}],\"singleVisual\":{\"visualType\":\"image\",\"drillFilterOtherVisuals\":true,\"objects\":{\"general\":[{\"properties\":{\"imageUrl\":{\"expr\":{\"ResourcePackageItem\":{\"PackageName\":\"RegisteredResources\",\"PackageType\":1,\"ItemName\":\"MicrosoftTeams-image_(8)1217759084927954.png\"}}}}}]}}}",
          "filters": "[]",
          "height": 61.72,
          "width": 158.02,
          "x": 8.64,
          "y": 12.34,
          "z": 1.00
        }
      ],
      "width": 1280.00
    }
  ]
}