{
	"name": "SelfHostedIR",
	"properties": {
		"type": "SelfHosted",
		"description": "On-premises Integration Runtime for ADHB CDP Dev/Acc enviroments, located in the Revera PRT (Auckland) Datacenter",
		"typeProperties": {
			"linkedInfo": {
				"resourceId": "/subscriptions/785050c2-fb61-4fd3-86fb-6783764452dc/resourcegroups/dev-cdp-rg-ae-1/providers/Microsoft.DataFactory/factories/dev-cdp-adf-ae-ir-devacc/integrationruntimes/VPRT0ADG002",
				"authorizationType": "Rbac"
			}
		}
	}
}