{
  "name": "ADHB Standard Theme",
  "textClasses": {
    "callout": {
      "fontFace": "Segoe UI, wf_segoe-ui_normal, helvetica, arial, sans-serif",
      "fontSize": 24
    },
    "title": {
      "fontFace": "'Segoe UI', wf_segoe-ui_normal, helvetica, arial, sans-serif",
      "fontSize": 9
    },
    "header": {
      "fontSize": 10
    },
    "label": {
      "fontSize": 9
    }
  },
  "bad": "#FD625E",
  "neutral": "#FFA900",
  "good": "#41B652",
  "minimum": "#DEFCFF",
  "center": "#00B1D9",
  "visualStyles": {
    "*": {
      "*": {
        "visualTooltip": [
          {
            "titleFontColor": {
              "solid": {
                "color": "#010101"
              }
            },
            "valueFontColor": {
              "solid": {
                "color": "#000000"
              }
            },
            "background": {
              "solid": {
                "color": "#FFFFFF"
              }
            }
          }
        ],
        "background": [
          {
            "color": {
              "solid": {
                "color": "#FFFFFF"
              }
            }
          }
        ]
      }
    },
    "page": {
      "*": {
        "background": [
          {
            "color": {
              "solid": {
                "color": "#FFFFFF"
              }
            },
            "transparency": 0
          }
        ]
      }
    }
  }
}