{
  "name": "ADHB Template",
  "textClasses": {
    "callout": {
      "fontSize": 12,
      "fontFace": "Arial"
    },
    "label": {
      "fontSize": 8,
      "fontFace": "Arial"
    },
    "title": {
      "fontFace": "'Arial Black'",
      "fontSize": 8
    },
    "header": {
      "fontSize": 8,
      "fontFace": "'Arial Black'"
    }
  },
  "visualStyles": {
    "*": {
      "*": {
        "filterCard": [
          {
            "$id": "Applied",
            "textSize": 10
          },
          {
            "$id": "Available",
            "textSize": 10
          }
        ],
        "border": [
          {
            "color": {
              "solid": {
                "color": "#F6F4EC"
              }
            },
            "show": false,
            "radius": 0
          }
        ],
        "visualHeader": [
          {
            "foreground": {
              "solid": {
                "color": "#15284C"
              }
            }
          }
        ],
        "visualTooltip": [
          {
            "background": {
              "solid": {
                "color": "#15284C"
              }
            }
          }
        ],
        "visualHeaderTooltip": [
          {
            "background": {
              "solid": {
                "color": "#15284C"
              }
            }
          }
        ],
        "outspacePane": [
          {
            "foregroundColor": {
              "solid": {
                "color": "#15284C"
              }
            },
            "titleSize": 10,
            "headerSize": 8,
            "checkboxAndApplyColor": {
              "solid": {
                "color": "#0C818F"
              }
            }
          }
        ],
        "background": [
          {
            "color": {
              "solid": {
                "color": "#FFFFFF"
              }
            },
            "transparency": 100
          }
        ]
      }
    },
    "page": {
      "*": {
        "background": [
          {
            "color": {
              "solid": {
                "color": "#FFFFFF"
              }
            },
            "transparency": 100
          }
        ],
        "outspace": [
          {
            "color": {
              "solid": {
                "color": "#FFFFFF"
              }
            }
          }
        ]
      }
    }
  },
  "dataColors": [
    "#15284C",
    "#0C818F",
    "#30A1AC",
    "#F9E559",
    "#EF7126",
    "#8EDC9D",
    "#5D7296",
    "#F6F4EC",
    "#3599B8",
    "#DFBFBF",
    "#4AC5BB",
    "#5F6B6D",
    "#FB8281",
    "#F4D25A",
    "#7F898A",
    "#A4DDEE",
    "#FDAB89",
    "#B687AC",
    "#28738A",
    "#A78F8F",
    "#168980",
    "#293537",
    "#BB4A4A",
    "#B59525",
    "#475052",
    "#6A9FB0",
    "#BD7150",
    "#7B4F71",
    "#1B4D5C",
    "#706060",
    "#0F5C55",
    "#1C2325"
  ]
}