{
  "config": "{\"version\":\"5.27\",\"themeCollection\":{\"baseTheme\":{\"name\":\"CY21SU11\",\"version\":\"5.28\",\"type\":2}},\"activeSectionIndex\":0,\"defaultDrillFilterOtherVisuals\":true,\"linguisticSchemaSyncVersion\":2,\"settings\":{\"useNewFilterPaneExperience\":true,\"allowChangeFilterTypes\":true,\"useStylableVisualContainerHeader\":true,\"exportDataMode\":1},\"objects\":{\"section\":[{\"properties\":{\"verticalAlignment\":{\"expr\":{\"Literal\":{\"Value\":\"'Top'\"}}}}}]}}",
  "layoutOptimization": 0,
  "resourcePackages": [
    {
      "resourcePackage": {
        "disabled": false,
        "items": [
          {
            "name": "CY21SU11",
            "path": "BaseThemes/CY21SU11.json",
            "type": 202
          }
        ],
        "name": "SharedResources",
        "type": 2
      }
    },
    {
      "resourcePackage": {
        "items": [
          {
            "name": "Audit_Report_Bkgnd7517571848779907.PNG",
            "path": "Audit_Report_Bkgnd7517571848779907.PNG",
            "type": 100
          }
        ],
        "name": "RegisteredResources",
        "type": 1
      }
    }
  ],
  "sections": [
    {
      "config": "{\"objects\":{\"background\":[{\"properties\":{\"image\":{\"image\":{\"name\":{\"expr\":{\"Literal\":{\"Value\":\"'Audit Report Bkgnd.PNG'\"}}},\"url\":{\"expr\":{\"ResourcePackageItem\":{\"PackageName\":\"RegisteredResources\",\"PackageType\":1,\"ItemName\":\"Audit_Report_Bkgnd7517571848779907.PNG\"}}},\"scaling\":{\"expr\":{\"Literal\":{\"Value\":\"'Fit'\"}}}}},\"transparency\":{\"expr\":{\"Literal\":{\"Value\":\"0D\"}}}}}]}}",
      "displayName": "Page 1",
      "displayOption": 1,
      "filters": "[]",
      "height": 720.00,
      "name": "ReportSection",
      "visualContainers": [
        {
          "config": "{\"name\":\"08118b435005069a52b7\",\"layouts\":[{\"id\":0,\"position\":{\"x\":510.63829787234044,\"y\":75.86626139817629,\"z\":1,\"width\":368.63221884498483,\"height\":84.62006079027356}}],\"singleVisual\":{\"visualType\":\"slicer\",\"projections\":{\"Values\":[{\"queryRef\":\"ADGroupMembers.GroupName\",\"active\":true}]},\"prototypeQuery\":{\"Version\":2,\"From\":[{\"Name\":\"a\",\"Entity\":\"ADGroupMembers\",\"Type\":0}],\"Select\":[{\"Column\":{\"Expression\":{\"SourceRef\":{\"Source\":\"a\"}},\"Property\":\"GroupName\"},\"Name\":\"ADGroupMembers.GroupName\"}]},\"drillFilterOtherVisuals\":true,\"objects\":{\"data\":[{\"properties\":{\"mode\":{\"expr\":{\"Literal\":{\"Value\":\"'Dropdown'\"}}}}}],\"general\":[{\"properties\":{\"selfFilterEnabled\":{\"expr\":{\"Literal\":{\"Value\":\"true\"}}}}}]}}}",
          "filters": "[]",
          "height": 84.62,
          "width": 368.63,
          "x": 510.63,
          "y": 75.86,
          "z": 1.00
        },
        {
          "config": "{\"name\":\"9587f810c41b33d02ca2\",\"layouts\":[{\"id\":0,\"position\":{\"x\":6.808510638297872,\"y\":176.048632218845,\"z\":0,\"width\":1263.465045592705,\"height\":531.0638297872341}}],\"singleVisual\":{\"visualType\":\"tableEx\",\"projections\":{\"Values\":[{\"queryRef\":\"ADGroupMembers.GroupName\"},{\"queryRef\":\"ADGroupMembers.displayName\"},{\"queryRef\":\"ADGroupMembers.userPrincipalName\"},{\"queryRef\":\"ADGroupMembers.jobTitle\"},{\"queryRef\":\"ADGroupMembers.mail\"},{\"queryRef\":\"ADGroupMembers.officeLocation\"}]},\"prototypeQuery\":{\"Version\":2,\"From\":[{\"Name\":\"a\",\"Entity\":\"ADGroupMembers\",\"Type\":0}],\"Select\":[{\"Column\":{\"Expression\":{\"SourceRef\":{\"Source\":\"a\"}},\"Property\":\"displayName\"},\"Name\":\"ADGroupMembers.displayName\"},{\"Column\":{\"Expression\":{\"SourceRef\":{\"Source\":\"a\"}},\"Property\":\"GroupName\"},\"Name\":\"ADGroupMembers.GroupName\"},{\"Column\":{\"Expression\":{\"SourceRef\":{\"Source\":\"a\"}},\"Property\":\"jobTitle\"},\"Name\":\"ADGroupMembers.jobTitle\"},{\"Column\":{\"Expression\":{\"SourceRef\":{\"Source\":\"a\"}},\"Property\":\"mail\"},\"Name\":\"ADGroupMembers.mail\"},{\"Column\":{\"Expression\":{\"SourceRef\":{\"Source\":\"a\"}},\"Property\":\"officeLocation\"},\"Name\":\"ADGroupMembers.officeLocation\"},{\"Column\":{\"Expression\":{\"SourceRef\":{\"Source\":\"a\"}},\"Property\":\"userPrincipalName\"},\"Name\":\"ADGroupMembers.userPrincipalName\"}],\"OrderBy\":[{\"Direction\":1,\"Expression\":{\"Column\":{\"Expression\":{\"SourceRef\":{\"Source\":\"a\"}},\"Property\":\"GroupName\"}}}]},\"drillFilterOtherVisuals\":true}}",
          "filters": "[]",
          "height": 531.06,
          "width": 1263.46,
          "x": 6.80,
          "y": 176.04,
          "z": 0.00
        },
        {
          "config": "{\"name\":\"d8a7ec0fb6a087d07c41\",\"layouts\":[{\"id\":0,\"position\":{\"x\":901.6413373860182,\"y\":75.86626139817629,\"z\":2,\"width\":368.63221884498483,\"height\":84.62006079027356}}],\"singleVisual\":{\"visualType\":\"slicer\",\"projections\":{\"Values\":[{\"queryRef\":\"ADGroupMembers.displayName\",\"active\":true}]},\"prototypeQuery\":{\"Version\":2,\"From\":[{\"Name\":\"a\",\"Entity\":\"ADGroupMembers\",\"Type\":0}],\"Select\":[{\"Column\":{\"Expression\":{\"SourceRef\":{\"Source\":\"a\"}},\"Property\":\"displayName\"},\"Name\":\"ADGroupMembers.displayName\"}]},\"columnProperties\":{\"ADGroupMembers.displayName\":{\"displayName\":\"User Name\"}},\"drillFilterOtherVisuals\":true,\"objects\":{\"data\":[{\"properties\":{\"mode\":{\"expr\":{\"Literal\":{\"Value\":\"'Dropdown'\"}}}}}],\"general\":[{\"properties\":{\"selfFilterEnabled\":{\"expr\":{\"Literal\":{\"Value\":\"true\"}}},\"selfFilter\":{\"filter\":{\"Version\":2,\"From\":[{\"Name\":\"a\",\"Entity\":\"ADGroupMembers\",\"Type\":0}],\"Where\":[{\"Condition\":{\"Contains\":{\"Left\":{\"Column\":{\"Expression\":{\"SourceRef\":{\"Source\":\"a\"}},\"Property\":\"displayName\"}},\"Right\":{\"Literal\":{\"Value\":\"'Ali'\"}}}},\"Annotations\":{\"PowerBI.MParameterBehavior\":1}}]}}}}]}}}",
          "filters": "[]",
          "height": 84.62,
          "width": 368.63,
          "x": 901.64,
          "y": 75.86,
          "z": 2.00
        },
        {
          "config": "{\"name\":\"e09df2007ad332a3da47\",\"layouts\":[{\"id\":0,\"position\":{\"x\":6.808510638297872,\"y\":10.699088145896656,\"z\":3,\"width\":496.048632218845,\"height\":46.68693009118541}}],\"singleVisual\":{\"visualType\":\"textbox\",\"drillFilterOtherVisuals\":true,\"objects\":{\"general\":[{\"properties\":{\"paragraphs\":[{\"textRuns\":[{\"value\":\"Active Directory Groups for DW and Reporting \",\"textStyle\":{\"fontWeight\":\"bold\",\"fontSize\":\"16pt\",\"color\":\"#ffffff\"}}]}]}}]},\"vcObjects\":{\"background\":[{\"properties\":{\"show\":{\"expr\":{\"Literal\":{\"Value\":\"false\"}}}}}]}}}",
          "filters": "[]",
          "height": 46.68,
          "width": 496.04,
          "x": 6.80,
          "y": 10.69,
          "z": 3.00
        }
      ],
      "width": 1280.00
    }
  ]
}