{
	"name": "HPD_PSE_Payroll",
	"properties": {
		"description": "Northland SFTP folder",
		"annotations": [],
		"type": "Sftp",
		"typeProperties": {
			"host": "data.psecloud.co.nz",
			"port": 22,
			"skipHostKeyValidation": true,
			"authenticationType": "Basic",
			"userName": "haSFTP",
			"password": {
				"type": "AzureKeyVaultSecret",
				"store": {
					"referenceName": "LS_AKV",
					"type": "LinkedServiceReference"
				},
				"secretName": "HPD-PSEPayroll"
			}
		},
		"connectVia": {
			"referenceName": "SelfHostedIR",
			"type": "IntegrationRuntimeReference"
		}
	}
}