{
	"name": "HPD_MoH",
	"properties": {
		"description": "MoH nightly data files for HPD",
		"annotations": [],
		"type": "Sftp",
		"typeProperties": {
			"host": "10.247.235.26",
			"port": 22,
			"skipHostKeyValidation": true,
			"authenticationType": "Basic",
			"userName": "HPD_SA_HealthAlliance",
			"password": {
				"type": "AzureKeyVaultSecret",
				"store": {
					"referenceName": "LS_AKV",
					"type": "LinkedServiceReference"
				},
				"secretName": "HPD-MoH"
			}
		},
		"connectVia": {
			"referenceName": "SelfHostedIR",
			"type": "IntegrationRuntimeReference"
		}
	}
}