{
	"name": "HPD_APHG_Lab",
	"properties": {
		"description": "APHG (Awanui) SFTP folder",
		"annotations": [],
		"type": "Sftp",
		"typeProperties": {
			"host": "ctd.labapps.nz",
			"port": "22222",
			"skipHostKeyValidation": true,
			"authenticationType": "Basic",
			"userName": "health-alliance-dev",
			"password": {
				"type": "AzureKeyVaultSecret",
				"store": {
					"referenceName": "LS_AKV",
					"type": "LinkedServiceReference"
				},
				"secretName": "HPD-APHG"
			}
		},
		"connectVia": {
			"referenceName": "SelfHostedIR",
			"type": "IntegrationRuntimeReference"
		}
	}
}