{
	"name": "LS_ADLS",
	"properties": {
		"description": "Linked Server to CDP Datalake storage account. Can also use Self Hosted Integration Runtime?",
		"parameters": {
			"StorageAccountURL": {
				"type": "string",
				"defaultValue": "https://devcdpadlsae1.dfs.core.windows.net"
			},
			"StorageAccountSecret": {
				"type": "string",
				"defaultValue": "adlscdpaccountkey"
			}
		},
		"annotations": [],
		"type": "AzureBlobFS",
		"typeProperties": {
			"url": "@{linkedService().StorageAccountURL}"
		}
	},
	"type": "Microsoft.DataFactory/factories/linkedservices"
}