{
	"name": "LS_AZSQL_CDP",
	"properties": {
		"description": "Generic Linked Service to Azure SQL Server, using managed Identity",
		"parameters": {
			"KVConStrSecretName": {
				"type": "string",
				"defaultValue": "az-sql-mi-admin-password"
			},
			"DatabaseName": {
				"type": "string",
				"defaultValue": "ADM_CONFIG"
			}
		},
		"annotations": [],
		"type": "AzureSqlDatabase",
		"typeProperties": {
			"connectionString": "Integrated Security=False;Encrypt=True;Connection Timeout=30;Data Source=dev-cdp-sqlmi-ae-1.792150d6ca9e.database.windows.net;Initial Catalog=@{linkedService().DatabaseName};User ID=adhbsqladmin",
			"password": {
				"type": "AzureKeyVaultSecret",
				"store": {
					"referenceName": "LS_AKV",
					"type": "LinkedServiceReference"
				},
				"secretName": {
					"value": "@linkedService().KVConStrSecretName",
					"type": "Expression"
				}
			}
		},
		"connectVia": {
			"referenceName": "SelfHostedIR",
			"type": "IntegrationRuntimeReference"
		}
	},
	"type": "Microsoft.DataFactory/factories/linkedservices"
}