{
	"name": "LS_Databricks",
	"properties": {
		"description": "Linked Service Connecting to the Dev Databricks Instance",
		"parameters": {
			"DataBricksWorkSpaceURL": {
				"type": "string",
				"defaultValue": "https://adb-1296242858425512.12.azuredatabricks.net"
			},
			"WorkspaceResourceID": {
				"type": "string",
				"defaultValue": "/subscriptions/785050c2-fb61-4fd3-86fb-6783764452dc/resourceGroups/dev-cdp-rg-ae-1/providers/Microsoft.Databricks/workspaces/dev-cdp-cluster-adb-ae-1"
			},
			"ClusterID": {
				"type": "string",
				"defaultValue": "0412-022457-g2v3a4eu"
			}
		},
		"annotations": [],
		"type": "AzureDatabricks",
		"typeProperties": {
			"domain": "@linkedService().DataBricksWorkSpaceURL",
			"authentication": "MSI",
			"workspaceResourceId": "@linkedService().WorkspaceResourceID",
			"existingClusterId": "@linkedService().ClusterID"
		}
	},
	"type": "Microsoft.DataFactory/factories/linkedservices"
}