{
	"name": "LS_HPD_ABS",
	"properties": {
		"description": "HPD Azure Blob Storage",
		"parameters": {
			"HPD_StorageAccountName": {
				"type": "string",
				"defaultValue": "devhpdimportsaae1"
			},
			"HPD_StorageAccountSecret": {
				"type": "string",
				"defaultValue": "abshpdaccountkey"
			}
		},
		"annotations": [],
		"type": "AzureBlobStorage",
		"typeProperties": {
			"connectionString": "DefaultEndpointsProtocol=https;AccountName=@{linkedService().HPD_StorageAccountName};",
			"accountKey": {
				"type": "AzureKeyVaultSecret",
				"store": {
					"referenceName": "LS_AKV",
					"type": "LinkedServiceReference"
				},
				"secretName": {
					"value": "@linkedService().HPD_StorageAccountSecret",
					"type": "Expression"
				}
			}
		},
		"connectVia": {
			"referenceName": "SelfHostedIR",
			"type": "IntegrationRuntimeReference"
		}
	}
}