{
	"name": "LS_MSSQL_OnPrem",
	"properties": {
		"description": "Linked Service to OnPrem SQL Server (Generic)",
		"parameters": {
			"ServerName": {
				"type": "string",
				"defaultValue": "VHAL0CSS021AG01.healthcare.huarahi.health.govt.nz,2773"
			},
			"DatabaseName": {
				"type": "string",
				"defaultValue": "DA_CRDS"
			},
			"SecretName": {
				"type": "string",
				"defaultValue": "SvcBSaaGDev-Password"
			}
		},
		"annotations": [],
		"type": "SqlServer",
		"typeProperties": {
			"connectionString": "Integrated Security=True;Data Source=@{linkedService().ServerName};Initial Catalog=@{linkedService().DatabaseName}",
			"userName": "HEALTHCARE\\Svc_BSaaG_Dev",
			"password": {
				"type": "AzureKeyVaultSecret",
				"store": {
					"referenceName": "LS_AKV",
					"type": "LinkedServiceReference"
				},
				"secretName": {
					"value": "@linkedService().SecretName",
					"type": "Expression"
				}
			}
		},
		"connectVia": {
			"referenceName": "SelfHostedIR",
			"type": "IntegrationRuntimeReference"
		}
	},
	"type": "Microsoft.DataFactory/factories/linkedservices"
}