{
	"name": "LS_Networkdrive",
	"properties": {
		"parameters": {
			"NetworkStorageAccount": {
				"type": "string",
				"defaultValue": "healthcare\\svc_hpd_adf_acc"
			},
			"NetworkStorageKey": {
				"type": "string",
				"defaultValue": "networkStorage"
			},
			"NetworkStorageHost": {
				"type": "string",
				"defaultValue": "\\\\healthcare.huarahi.health.govt.nz\\appfst"
			}
		},
		"annotations": [],
		"type": "FileServer",
		"typeProperties": {
			"host": "@{linkedService().NetworkStorageHost}",
			"userId": "@{linkedService().NetworkStorageAccount}",
			"password": {
				"type": "AzureKeyVaultSecret",
				"store": {
					"referenceName": "LS_AKV",
					"type": "LinkedServiceReference"
				},
				"secretName": {
					"value": "@{linkedService().NetworkStorageKey}",
					"type": "Expression"
				}
			}
		},
		"connectVia": {
			"referenceName": "SelfHostedIR",
			"type": "IntegrationRuntimeReference"
		}
	},
	"type": "Microsoft.DataFactory/factories/linkedservices"
}