{
  "config": "{\"version\":\"5.42\",\"themeCollection\":{\"baseTheme\":{\"name\":\"CY21SU04\",\"version\":\"5.20\",\"type\":2},\"customTheme\":{\"name\":\"ADHB_Template5164802502526136.json\",\"version\":\"5.28\",\"type\":1}},\"activeSectionIndex\":0,\"defaultDrillFilterOtherVisuals\":true,\"slowDataSourceSettings\":{\"isCrossHighlightingDisabled\":false,\"isSlicerSelectionsButtonEnabled\":false,\"isFilterSelectionsButtonEnabled\":false,\"isFieldWellButtonEnabled\":false,\"isApplyAllButtonEnabled\":false},\"linguisticSchemaSyncVersion\":2,\"settings\":{\"useNewFilterPaneExperience\":true,\"allowChangeFilterTypes\":true,\"useStylableVisualContainerHeader\":true,\"exportDataMode\":1,\"pauseQueries\":false},\"objects\":{\"section\":[{\"properties\":{\"verticalAlignment\":{\"expr\":{\"Literal\":{\"Value\":\"'Top'\"}}}}}],\"outspacePane\":[{\"properties\":{\"expanded\":{\"expr\":{\"Literal\":{\"Value\":\"false\"}}}}}]}}",
  "filters": "[]",
  "layoutOptimization": 0,
  "pods": [
    {
      "boundSection": "ReportSectionca7d3cc42e794aba7496",
      "config": "{}",
      "name": "Pod",
      "parameters": "[{\"name\":\"Param_Filter4384b84aadb7d004a274\",\"boundFilter\":\"Filter4384b84aadb7d004a274\",\"fieldExpr\":{\"Column\":{\"Expression\":{\"SourceRef\":{\"Entity\":\"STAFF_Flu_Vaccinations\"}},\"Property\":\"Ethnicity\"}}},{\"name\":\"Param_Filterc89caddb44c4cb020b68\",\"boundFilter\":\"Filterc89caddb44c4cb020b68\",\"fieldExpr\":{\"Column\":{\"Expression\":{\"SourceRef\":{\"Entity\":\"STAFF_Flu_Vaccinations\"}},\"Property\":\"Directorate\"}}},{\"name\":\"Param_Filterad2272077750417b861d\",\"boundFilter\":\"Filterad2272077750417b861d\",\"fieldExpr\":{\"Column\":{\"Expression\":{\"SourceRef\":{\"Entity\":\"STAFF_Flu_Vaccinations\"}},\"Property\":\"OccupationGroup\"}}}]",
      "type": 1
    }
  ],
  "resourcePackages": [
    {
      "resourcePackage": {
        "disabled": false,
        "items": [
          {
            "name": "CY21SU04",
            "path": "BaseThemes/CY21SU04.json",
            "type": 202
          }
        ],
        "name": "SharedResources",
        "type": 2
      }
    },
    {
      "resourcePackage": {
        "items": [
          {
            "name": "ADHB_Template5164802502526136.json",
            "path": "ADHB_Template5164802502526136.json",
            "type": 100
          },
          {
            "name": "HealthNZ_Logo_(1)5181473713934104.png",
            "path": "HealthNZ_Logo_(1)5181473713934104.png",
            "type": 100
          },
          {
            "name": "HealthNZ_Template_-_teal_no_lo1187366294903216.jpg",
            "path": "HealthNZ_Template_-_teal_no_lo1187366294903216.jpg",
            "type": 100
          },
          {
            "name": "HealthNZ_Template_-_teal_no_lo42828887955419037.jpg",
            "path": "HealthNZ_Template_-_teal_no_lo42828887955419037.jpg",
            "type": 100
          },
          {
            "name": "HealthNZ_Template_-_teal_no_lo4831822584466212.jpg",
            "path": "HealthNZ_Template_-_teal_no_lo4831822584466212.jpg",
            "type": 100
          },
          {
            "name": "HealthNZ_Template_-_teal_no_lo8662809118146855.jpg",
            "path": "HealthNZ_Template_-_teal_no_lo8662809118146855.jpg",
            "type": 100
          }
        ],
        "name": "RegisteredResources",
        "type": 1
      }
    },
    {
      "resourcePackage": {
        "items": [
          {
            "name": "BulletChart1443347686880.pbiviz.json",
            "path": "BulletChart1443347686880.pbiviz.json",
            "type": 5
          }
        ],
        "name": "BulletChart1443347686880",
        "type": 0
      }
    },
    {
      "resourcePackage": {
        "items": [
          {
            "name": "BulletChart832EC06300814F26921DEFC2DE8606BE.pbiviz.json",
            "path": "BulletChart832EC06300814F26921DEFC2DE8606BE.pbiviz.json",
            "type": 5
          }
        ],
        "name": "BulletChart832EC06300814F26921DEFC2DE8606BE",
        "type": 0
      }
    },
    {
      "resourcePackage": {
        "items": [
          {
            "name": "LinearGauge1450736844786.pbiviz.json",
            "path": "LinearGauge1450736844786.pbiviz.json",
            "type": 5
          }
        ],
        "name": "LinearGauge1450736844786",
        "type": 0
      }
    },
    {
      "resourcePackage": {
        "items": [
          {
            "name": "linearGauge2EBA8C0A99F94BF297BCCB1CF5427E68.pbiviz.json",
            "path": "linearGauge2EBA8C0A99F94BF297BCCB1CF5427E68.pbiviz.json",
            "type": 5
          }
        ],
        "name": "linearGauge2EBA8C0A99F94BF297BCCB1CF5427E68",
        "type": 0
      }
    },
    {
      "resourcePackage": {
        "items": [
          {
            "name": "PBI_CV_73744D90_4DC9_4F18_8BA5_EE8FA5C98035.pbiviz.json",
            "path": "PBI_CV_73744D90_4DC9_4F18_8BA5_EE8FA5C98035.pbiviz.json",
            "type": 5
          }
        ],
        "name": "PBI_CV_73744D90_4DC9_4F18_8BA5_EE8FA5C98035",
        "type": 0
      }
    },
    {
      "resourcePackage": {
        "items": [
          {
            "name": "PBI_CV_9272D058_BEA0_476A_B090_A712545F92FA.pbiviz.json",
            "path": "PBI_CV_9272D058_BEA0_476A_B090_A712545F92FA.pbiviz.json",
            "type": 5
          }
        ],
        "name": "PBI_CV_9272D058_BEA0_476A_B090_A712545F92FA",
        "type": 0
      }
    },
    {
      "resourcePackage": {
        "items": [
          {
            "name": "Sunburst1445472000808.pbiviz.json",
            "path": "Sunburst1445472000808.pbiviz.json",
            "type": 5
          }
        ],
        "name": "Sunburst1445472000808",
        "type": 0
      }
    },
    {
      "resourcePackage": {
        "items": [
          {
            "name": "WaffleChart1453776852267.pbiviz.json",
            "path": "WaffleChart1453776852267.pbiviz.json",
            "type": 5
          }
        ],
        "name": "WaffleChart1453776852267",
        "type": 0
      }
    }
  ],
  "sections": [
    {
      "config": "{\"objects\":{\"background\":[{\"properties\":{\"image\":{\"image\":{\"name\":{\"expr\":{\"Literal\":{\"Value\":\"'HealthNZ Template - teal no logo (1).jpg'\"}}},\"url\":{\"expr\":{\"ResourcePackageItem\":{\"PackageName\":\"RegisteredResources\",\"PackageType\":1,\"ItemName\":\"HealthNZ_Template_-_teal_no_lo1187366294903216.jpg\"}}},\"scaling\":{\"expr\":{\"Literal\":{\"Value\":\"'Normal'\"}}}}},\"transparency\":{\"expr\":{\"Literal\":{\"Value\":\"0D\"}}}}}],\"outspacePane\":[{\"properties\":{\"width\":{\"expr\":{\"Literal\":{\"Value\":\"363L\"}}}}}]}}",
      "displayName": "Summary",
      "displayOption": 1,
      "filters": "[{\"name\":\"Filter5737604129931400d095\",\"expression\":{\"Column\":{\"Expression\":{\"SourceRef\":{\"Entity\":\"STAFF_Flu_Vaccinations\"}},\"Property\":\"Ethnicity\"}},\"filter\":{\"Version\":2,\"From\":[{\"Name\":\"s\",\"Entity\":\"STAFF_Flu_Vaccinations\",\"Type\":0}],\"Where\":[{\"Condition\":{\"Not\":{\"Expression\":{\"In\":{\"Expressions\":[{\"Column\":{\"Expression\":{\"SourceRef\":{\"Source\":\"s\"}},\"Property\":\"Ethnicity\"}}],\"Values\":[[{\"Literal\":{\"Value\":\"'Undefined'\"}}]]}}}}}]},\"type\":\"Categorical\",\"howCreated\":1,\"objects\":{\"general\":[{\"properties\":{\"isInvertedSelectionMode\":{\"expr\":{\"Literal\":{\"Value\":\"true\"}}}}}]}}]",
      "height": 720.00,
      "name": "ReportSection45285b8b306b803003dc",
      "visualContainers": [
        {
          "config": "{\"name\":\"05a4cf34db5403baa2e9\",\"layouts\":[{\"id\":0,\"position\":{\"x\":0,\"y\":0,\"z\":10000,\"width\":192.045944005743,\"height\":61.56496769562096}}],\"singleVisual\":{\"visualType\":\"image\",\"drillFilterOtherVisuals\":true,\"objects\":{\"general\":[{\"properties\":{\"imageUrl\":{\"expr\":{\"ResourcePackageItem\":{\"PackageName\":\"RegisteredResources\",\"PackageType\":1,\"ItemName\":\"HealthNZ_Logo_(1)5181473713934104.png\"}}}}}]}}}",
          "filters": "[]",
          "height": 61.56,
          "width": 192.04,
          "x": 0.00,
          "y": 0.00,
          "z": 10000.00
        },
        {
          "config": "{\"name\":\"05fa63059054c04952b5\",\"layouts\":[{\"id\":0,\"position\":{\"x\":848.1649484536082,\"y\":11.876288659793813,\"z\":7000,\"width\":212.78350515463916,\"height\":57.4020618556701}}],\"singleVisual\":{\"visualType\":\"textbox\",\"drillFilterOtherVisuals\":true,\"objects\":{\"general\":[{\"properties\":{\"paragraphs\":[{\"textRuns\":[{\"value\":\"As At:\",\"textStyle\":{\"fontSize\":\"12pt\",\"color\":\"#000000\"}}]},{\"textRuns\":[{\"value\":\"Data & Analytics (HIT)\",\"textStyle\":{\"fontSize\":\"12pt\",\"color\":\"#000000\"}}]}]}}]},\"vcObjects\":{\"background\":[{\"properties\":{\"show\":{\"expr\":{\"Literal\":{\"Value\":\"false\"}}}}}]}}}",
          "filters": "[]",
          "height": 57.40,
          "width": 212.78,
          "x": 848.16,
          "y": 11.87,
          "z": 7000.00
        },
        {
          "config": "{\"name\":\"14df67c5495b21adb4c5\",\"layouts\":[{\"id\":0,\"position\":{\"x\":110.84536082474226,\"y\":111.83505154639174,\"z\":9000,\"width\":231.58762886597935,\"height\":60.371134020618555}}],\"singleVisual\":{\"visualType\":\"textbox\",\"drillFilterOtherVisuals\":true,\"objects\":{\"general\":[{\"properties\":{\"paragraphs\":[{\"textRuns\":[{\"value\":\"flu vaccinated staff\",\"textStyle\":{\"fontSize\":\"12pt\"}}]},{\"textRuns\":[{\"value\":\"out of \",\"textStyle\":{\"fontSize\":\"12pt\"}},{\"value\":{\"propertyIdentifier\":{\"objectName\":\"values\",\"propertyName\":\"expr\"},\"selector\":{\"id\":\"Total\"}},\"textStyle\":{\"fontWeight\":\"bold\",\"fontSize\":\"12pt\"}},{\"value\":\"  total staff\",\"textStyle\":{\"fontSize\":\"12pt\"}}]}]}}],\"values\":[{\"properties\":{\"expr\":{\"expr\":{\"Aggregation\":{\"Expression\":{\"Column\":{\"Expression\":{\"Subquery\":{\"Query\":{\"Version\":2,\"From\":[{\"Name\":\"#\",\"Entity\":\"#Dataset Measures\",\"Type\":0}],\"Select\":[{\"Measure\":{\"Expression\":{\"SourceRef\":{\"Source\":\"#\"}},\"Property\":\"Total Active Staff\"},\"Name\":\"#Dataset Measures.Total Active Staff\"}]}}},\"Property\":\"#Dataset Measures.Total Active Staff\"}},\"Function\":3},\"Annotations\":{\"NaturalLanguage\":{\"version\":1,\"kind\":\"NaturalLanguage\",\"annotation\":{\"name\":\"Total\",\"utterance\":\"total active staff\"}}}}}},\"selector\":{\"id\":\"Total\"}}]},\"vcObjects\":{\"background\":[{\"properties\":{\"show\":{\"expr\":{\"Literal\":{\"Value\":\"false\"}}}}}]}}}",
          "filters": "[]",
          "height": 60.37,
          "width": 231.58,
          "x": 110.84,
          "y": 111.83,
          "z": 9000.00
        },
        {
          "config": "{\"name\":\"19f7d7c023b00b39656b\",\"layouts\":[{\"id\":0,\"position\":{\"x\":10.886597938144329,\"y\":104.90721649484536,\"z\":0,\"width\":86.10309278350515,\"height\":58.391752577319586}}],\"singleVisual\":{\"visualType\":\"card\",\"projections\":{\"Values\":[{\"queryRef\":\"#Dataset Measures.Vaccinated Staff\"}]},\"prototypeQuery\":{\"Version\":2,\"From\":[{\"Name\":\"#\",\"Entity\":\"#Dataset Measures\",\"Type\":0}],\"Select\":[{\"Measure\":{\"Expression\":{\"SourceRef\":{\"Source\":\"#\"}},\"Property\":\"Vaccinated Staff\"},\"Name\":\"#Dataset Measures.Vaccinated Staff\"}],\"OrderBy\":[{\"Direction\":2,\"Expression\":{\"Measure\":{\"Expression\":{\"SourceRef\":{\"Source\":\"#\"}},\"Property\":\"Vaccinated Staff\"}}}]},\"drillFilterOtherVisuals\":true,\"hasDefaultSort\":true,\"objects\":{\"categoryLabels\":[{\"properties\":{\"show\":{\"expr\":{\"Literal\":{\"Value\":\"false\"}}}}}],\"labels\":[{\"properties\":{\"fontFamily\":{\"expr\":{\"Literal\":{\"Value\":\"'''Segoe UI Bold'', wf_segoe-ui_bold, helvetica, arial, sans-serif'\"}}},\"fontSize\":{\"expr\":{\"Literal\":{\"Value\":\"20D\"}}}}}]},\"vcObjects\":{\"background\":[{\"properties\":{\"transparency\":{\"expr\":{\"Literal\":{\"Value\":\"100D\"}}}}}]}}}",
          "filters": "[]",
          "height": 58.39,
          "width": 86.10,
          "x": 10.88,
          "y": 104.90,
          "z": 0.00
        },
        {
          "config": "{\"name\":\"2e38e6d3205419839469\",\"layouts\":[{\"id\":0,\"position\":{\"x\":796.3218390804599,\"y\":104.82758620689656,\"z\":4000,\"width\":454.25287356321843,\"height\":575.632183908046}}],\"singleVisual\":{\"visualType\":\"hundredPercentStackedBarChart\",\"projections\":{\"Category\":[{\"queryRef\":\"STAFF_Flu_Vaccinations.Directorate\",\"active\":true}],\"Y\":[{\"queryRef\":\"#Dataset Measures.Total Active Staff\"}],\"Series\":[{\"queryRef\":\"STAFF_Flu_Vaccinations.StaffVaccinated\"}]},\"prototypeQuery\":{\"Version\":2,\"From\":[{\"Name\":\"s\",\"Entity\":\"STAFF_Flu_Vaccinations\",\"Type\":0},{\"Name\":\"#\",\"Entity\":\"#Dataset Measures\",\"Type\":0}],\"Select\":[{\"Measure\":{\"Expression\":{\"SourceRef\":{\"Source\":\"#\"}},\"Property\":\"Total Active Staff\"},\"Name\":\"#Dataset Measures.Total Active Staff\",\"NativeReferenceName\":\"Total Active Staff\"},{\"Column\":{\"Expression\":{\"SourceRef\":{\"Source\":\"s\"}},\"Property\":\"StaffVaccinated\"},\"Name\":\"STAFF_Flu_Vaccinations.StaffVaccinated\",\"NativeReferenceName\":\"StaffVaccinated\"},{\"Column\":{\"Expression\":{\"SourceRef\":{\"Source\":\"s\"}},\"Property\":\"Directorate\"},\"Name\":\"STAFF_Flu_Vaccinations.Directorate\",\"NativeReferenceName\":\"Directorate1\"}],\"OrderBy\":[{\"Direction\":2,\"Expression\":{\"Column\":{\"Expression\":{\"SourceRef\":{\"Source\":\"s\"}},\"Property\":\"StaffVaccinated\"}}}]},\"queryFieldParametersByRole\":{\"Category\":[{\"index\":0,\"length\":1,\"expr\":{\"Column\":{\"Expression\":{\"SourceRef\":{\"Entity\":\"Y-axis\"}},\"Property\":\"Y-axis\"}}}]},\"columnProperties\":{\"STAFF_Flu_Vaccinations.Directorate\":{\"displayName\":\"Directorate\"}},\"drillFilterOtherVisuals\":true,\"objects\":{\"labels\":[{\"properties\":{\"show\":{\"expr\":{\"Literal\":{\"Value\":\"true\"}}},\"labelPrecision\":{\"expr\":{\"Literal\":{\"Value\":\"0L\"}}}}}],\"smallMultiplesLayout\":[{\"properties\":{\"columnCount\":{\"expr\":{\"Literal\":{\"Value\":\"1L\"}}},\"rowCount\":{\"expr\":{\"Literal\":{\"Value\":\"5L\"}}}}}],\"legend\":[{\"properties\":{\"showGradientLegend\":{\"expr\":{\"Literal\":{\"Value\":\"false\"}}},\"show\":{\"expr\":{\"Literal\":{\"Value\":\"false\"}}},\"position\":{\"expr\":{\"Literal\":{\"Value\":\"'TopCenter'\"}}}}}],\"valueAxis\":[{\"properties\":{\"showAxisTitle\":{\"expr\":{\"Literal\":{\"Value\":\"false\"}}},\"show\":{\"expr\":{\"Literal\":{\"Value\":\"false\"}}}}}],\"categoryAxis\":[{\"properties\":{\"showAxisTitle\":{\"expr\":{\"Literal\":{\"Value\":\"false\"}}},\"concatenateLabels\":{\"expr\":{\"Literal\":{\"Value\":\"true\"}}}}}],\"dataPoint\":[{\"properties\":{\"fill\":{\"solid\":{\"color\":{\"expr\":{\"ThemeDataColor\":{\"ColorId\":3,\"Percent\":0}}}}}},\"selector\":{\"data\":[{\"scopeId\":{\"Comparison\":{\"ComparisonKind\":0,\"Left\":{\"Column\":{\"Expression\":{\"SourceRef\":{\"Entity\":\"STAFF_Flu_Vaccinations\"}},\"Property\":\"StaffVaccinated\"}},\"Right\":{\"Literal\":{\"Value\":\"'Y'\"}}}}}]}},{\"properties\":{\"fill\":{\"solid\":{\"color\":{\"expr\":{\"Literal\":{\"Value\":\"'#5DA2E1'\"}}}}}},\"selector\":{\"data\":[{\"scopeId\":{\"Comparison\":{\"ComparisonKind\":0,\"Left\":{\"Column\":{\"Expression\":{\"SourceRef\":{\"Entity\":\"STAFF_Flu_Vaccinations\"}},\"Property\":\"StaffVaccinated\"}},\"Right\":{\"Literal\":{\"Value\":\"'N'\"}}}}}]}}]},\"vcObjects\":{\"title\":[{\"properties\":{\"fontSize\":{\"expr\":{\"Literal\":{\"Value\":\"10D\"}}},\"text\":{\"expr\":{\"Literal\":{\"Value\":\"'By Directorate'\"}}},\"show\":{\"expr\":{\"Literal\":{\"Value\":\"false\"}}}}}],\"background\":[{\"properties\":{\"show\":{\"expr\":{\"Literal\":{\"Value\":\"false\"}}}}}]}}}",
          "filters": "[]",
          "height": 575.63,
          "width": 454.25,
          "x": 796.32,
          "y": 104.82,
          "z": 4000.00
        },
        {
          "config": "{\"name\":\"4d05a79dd3be026a00a3\",\"layouts\":[{\"id\":0,\"position\":{\"x\":457.0114942528736,\"y\":30.3448275862069,\"z\":11000,\"width\":298.8505747126437,\"height\":81.83908045977012}}],\"singleVisual\":{\"visualType\":\"slicer\",\"projections\":{\"Values\":[{\"queryRef\":\"Y-axis.Y-axis\",\"active\":true}]},\"prototypeQuery\":{\"Version\":2,\"From\":[{\"Name\":\"y\",\"Entity\":\"Y-axis\",\"Type\":0}],\"Select\":[{\"Column\":{\"Expression\":{\"SourceRef\":{\"Source\":\"y\"}},\"Property\":\"Y-axis\"},\"Name\":\"Y-axis.Y-axis\",\"NativeReferenceName\":\"Y-axis\"}]},\"drillFilterOtherVisuals\":true,\"objects\":{\"general\":[{\"properties\":{\"filter\":{\"filter\":{\"Version\":2,\"From\":[{\"Name\":\"y\",\"Entity\":\"Y-axis\",\"Type\":0}],\"Where\":[{\"Condition\":{\"In\":{\"Expressions\":[{\"Column\":{\"Expression\":{\"SourceRef\":{\"Source\":\"y\"}},\"Property\":\"Y-axis Fields\"}}],\"Values\":[[{\"Literal\":{\"Value\":\"'''STAFF_Flu_Vaccinations''[Directorate]'\"}}]]}}}]}}}}],\"selection\":[{\"properties\":{\"strictSingleSelect\":{\"expr\":{\"Literal\":{\"Value\":\"true\"}}}}}],\"header\":[{\"properties\":{\"text\":{\"expr\":{\"Literal\":{\"Value\":\"'Categories'\"}}}}}]},\"vcObjects\":{\"background\":[{\"properties\":{\"transparency\":{\"expr\":{\"Literal\":{\"Value\":\"100D\"}}}}}]},\"cachedFilterDisplayItems\":[{\"id\":{\"scopeId\":{\"Comparison\":{\"ComparisonKind\":0,\"Left\":{\"Column\":{\"Expression\":{\"SourceRef\":{\"Entity\":\"Y-axis\"}},\"Property\":\"Y-axis Fields\"}},\"Right\":{\"Literal\":{\"Value\":\"'''STAFF_Flu_Vaccinations''[Directorate]'\"}}}}},\"displayName\":\"Directorate\"}]}}",
          "filters": "[]",
          "height": 81.83,
          "width": 298.85,
          "x": 457.01,
          "y": 30.34,
          "z": 11000.00
        },
        {
          "config": "{\"name\":\"4e5be1badd83c160a9c0\",\"layouts\":[{\"id\":0,\"position\":{\"x\":6.927835051546391,\"y\":179.1340206185567,\"z\":1000,\"width\":290.96907216494844,\"height\":122.72164948453607}}],\"singleVisual\":{\"visualType\":\"hundredPercentStackedBarChart\",\"projections\":{\"Y\":[{\"queryRef\":\"#Dataset Measures.Vaccinated Staff\"},{\"queryRef\":\"#Dataset Measures.Unvaccinated Staff\"}]},\"prototypeQuery\":{\"Version\":2,\"From\":[{\"Name\":\"#\",\"Entity\":\"#Dataset Measures\",\"Type\":0}],\"Select\":[{\"Measure\":{\"Expression\":{\"SourceRef\":{\"Source\":\"#\"}},\"Property\":\"Unvaccinated Staff\"},\"Name\":\"#Dataset Measures.Unvaccinated Staff\"},{\"Measure\":{\"Expression\":{\"SourceRef\":{\"Source\":\"#\"}},\"Property\":\"Vaccinated Staff\"},\"Name\":\"#Dataset Measures.Vaccinated Staff\"}],\"OrderBy\":[{\"Direction\":2,\"Expression\":{\"Measure\":{\"Expression\":{\"SourceRef\":{\"Source\":\"#\"}},\"Property\":\"Vaccinated Staff\"}}}]},\"drillFilterOtherVisuals\":true,\"hasDefaultSort\":true,\"objects\":{\"labels\":[{\"properties\":{\"show\":{\"expr\":{\"Literal\":{\"Value\":\"true\"}}},\"labelPrecision\":{\"expr\":{\"Literal\":{\"Value\":\"0L\"}}}}}],\"legend\":[{\"properties\":{\"showGradientLegend\":{\"expr\":{\"Literal\":{\"Value\":\"true\"}}},\"show\":{\"expr\":{\"Literal\":{\"Value\":\"true\"}}},\"position\":{\"expr\":{\"Literal\":{\"Value\":\"'Top'\"}}}}}],\"categoryAxis\":[{\"properties\":{\"show\":{\"expr\":{\"Literal\":{\"Value\":\"false\"}}},\"concatenateLabels\":{\"expr\":{\"Literal\":{\"Value\":\"true\"}}}}}],\"valueAxis\":[{\"properties\":{\"show\":{\"expr\":{\"Literal\":{\"Value\":\"false\"}}}}}],\"dataPoint\":[{\"properties\":{\"fill\":{\"solid\":{\"color\":{\"expr\":{\"Literal\":{\"Value\":\"'#2C4154'\"}}}}}},\"selector\":{\"metadata\":\"#Dataset Measures.Vaccinated Staff\"}},{\"properties\":{\"fill\":{\"solid\":{\"color\":{\"expr\":{\"Literal\":{\"Value\":\"'#5DA2E1'\"}}}}}},\"selector\":{\"metadata\":\"#Dataset Measures.Unvaccinated Staff\"}}]},\"vcObjects\":{\"title\":[{\"properties\":{\"show\":{\"expr\":{\"Literal\":{\"Value\":\"false\"}}}}}],\"background\":[{\"properties\":{\"show\":{\"expr\":{\"Literal\":{\"Value\":\"false\"}}}}}]}}}",
          "filters": "[]",
          "height": 122.72,
          "width": 290.96,
          "x": 6.92,
          "y": 179.13,
          "z": 1000.00
        },
        {
          "config": "{\"name\":\"59581a020029863130be\",\"layouts\":[{\"id\":0,\"position\":{\"x\":10.886597938144329,\"y\":459.2164948453608,\"z\":6000,\"width\":289.97938144329896,\"height\":214.76288659793812}}],\"singleVisual\":{\"visualType\":\"lineChart\",\"projections\":{\"Category\":[{\"queryRef\":\"Date.Date\",\"active\":true}],\"Y\":[{\"queryRef\":\"#Dataset Measures.Vaccinated Staff Running Total\"}]},\"prototypeQuery\":{\"Version\":2,\"From\":[{\"Name\":\"d\",\"Entity\":\"Date\",\"Type\":0},{\"Name\":\"#\",\"Entity\":\"#Dataset Measures\",\"Type\":0}],\"Select\":[{\"Column\":{\"Expression\":{\"SourceRef\":{\"Source\":\"d\"}},\"Property\":\"Date\"},\"Name\":\"Date.Date\"},{\"Measure\":{\"Expression\":{\"SourceRef\":{\"Source\":\"#\"}},\"Property\":\"Vaccinated Staff Running Total\"},\"Name\":\"#Dataset Measures.Vaccinated Staff Running Total\"}],\"OrderBy\":[{\"Direction\":1,\"Expression\":{\"Column\":{\"Expression\":{\"SourceRef\":{\"Source\":\"d\"}},\"Property\":\"Date\"}}}]},\"drillFilterOtherVisuals\":true,\"hasDefaultSort\":true,\"objects\":{\"categoryAxis\":[{\"properties\":{\"show\":{\"expr\":{\"Literal\":{\"Value\":\"true\"}}},\"showAxisTitle\":{\"expr\":{\"Literal\":{\"Value\":\"false\"}}}}}],\"valueAxis\":[{\"properties\":{\"show\":{\"expr\":{\"Literal\":{\"Value\":\"true\"}}},\"showAxisTitle\":{\"expr\":{\"Literal\":{\"Value\":\"false\"}}}}}],\"dataPoint\":[{\"properties\":{\"fill\":{\"solid\":{\"color\":{\"expr\":{\"ThemeDataColor\":{\"ColorId\":3,\"Percent\":0}}}}}},\"selector\":{\"metadata\":\"#Dataset Measures.Vaccinated Staff Running Total\"}}]},\"vcObjects\":{\"title\":[{\"properties\":{\"text\":{\"expr\":{\"Literal\":{\"Value\":\"'Staff Vaccination Running Total'\"}}}}}],\"background\":[{\"properties\":{\"show\":{\"expr\":{\"Literal\":{\"Value\":\"false\"}}}}}]}}}",
          "filters": "[]",
          "height": 214.76,
          "width": 289.97,
          "x": 10.88,
          "y": 459.21,
          "z": 6000.00
        },
        {
          "config": "{\"name\":\"84648909409c416d0076\",\"layouts\":[{\"id\":0,\"position\":{\"x\":855.4773869346733,\"y\":0,\"z\":8000,\"width\":184.69490308686287,\"height\":54.21392677674084}}],\"singleVisual\":{\"visualType\":\"card\",\"projections\":{\"Values\":[{\"queryRef\":\"Min(STAFF_Flu_Vaccinations.Vaccination_date)\"}]},\"prototypeQuery\":{\"Version\":2,\"From\":[{\"Name\":\"s\",\"Entity\":\"STAFF_Flu_Vaccinations\",\"Type\":0}],\"Select\":[{\"Aggregation\":{\"Expression\":{\"Column\":{\"Expression\":{\"SourceRef\":{\"Source\":\"s\"}},\"Property\":\"Vaccination_date\"}},\"Function\":4},\"Name\":\"Min(STAFF_Flu_Vaccinations.Vaccination_date)\"}],\"OrderBy\":[{\"Direction\":1,\"Expression\":{\"Aggregation\":{\"Expression\":{\"Column\":{\"Expression\":{\"SourceRef\":{\"Source\":\"s\"}},\"Property\":\"Vaccination_date\"}},\"Function\":4}}}]},\"drillFilterOtherVisuals\":true,\"hasDefaultSort\":true,\"objects\":{\"labels\":[{\"properties\":{\"color\":{\"solid\":{\"color\":{\"expr\":{\"ThemeDataColor\":{\"ColorId\":1,\"Percent\":0}}}}},\"fontSize\":{\"expr\":{\"Literal\":{\"Value\":\"12D\"}}},\"fontFamily\":{\"expr\":{\"Literal\":{\"Value\":\"'''Segoe UI Semibold'', wf_segoe-ui_semibold, helvetica, arial, sans-serif'\"}}}}}],\"categoryLabels\":[{\"properties\":{\"show\":{\"expr\":{\"Literal\":{\"Value\":\"false\"}}}}}]},\"vcObjects\":{\"background\":[{\"properties\":{\"show\":{\"expr\":{\"Literal\":{\"Value\":\"false\"}}}}}]}}}",
          "filters": "[]",
          "height": 54.21,
          "width": 184.69,
          "x": 855.47,
          "y": 0.00,
          "z": 8000.00
        },
        {
          "config": "{\"name\":\"855754b1b6350bb61b32\",\"layouts\":[{\"id\":0,\"position\":{\"x\":349.42528735632186,\"y\":101.14942528735634,\"z\":2000,\"width\":469.8850574712644,\"height\":572.8735632183908}}],\"singleVisual\":{\"visualType\":\"barChart\",\"projections\":{\"Category\":[{\"queryRef\":\"STAFF_Flu_Vaccinations.Directorate\",\"active\":true}],\"Y\":[{\"queryRef\":\"#Dataset Measures.Total Active Staff\"}],\"Series\":[{\"queryRef\":\"STAFF_Flu_Vaccinations.StaffVaccinated\"}]},\"prototypeQuery\":{\"Version\":2,\"From\":[{\"Name\":\"s\",\"Entity\":\"STAFF_Flu_Vaccinations\",\"Type\":0},{\"Name\":\"#\",\"Entity\":\"#Dataset Measures\",\"Type\":0}],\"Select\":[{\"Measure\":{\"Expression\":{\"SourceRef\":{\"Source\":\"#\"}},\"Property\":\"Total Active Staff\"},\"Name\":\"#Dataset Measures.Total Active Staff\",\"NativeReferenceName\":\"Total Active Staff\"},{\"Column\":{\"Expression\":{\"SourceRef\":{\"Source\":\"s\"}},\"Property\":\"StaffVaccinated\"},\"Name\":\"STAFF_Flu_Vaccinations.StaffVaccinated\",\"NativeReferenceName\":\"StaffVaccinated\"},{\"Column\":{\"Expression\":{\"SourceRef\":{\"Source\":\"s\"}},\"Property\":\"Directorate\"},\"Name\":\"STAFF_Flu_Vaccinations.Directorate\",\"NativeReferenceName\":\"Directorate1\"}],\"OrderBy\":[{\"Direction\":2,\"Expression\":{\"Column\":{\"Expression\":{\"SourceRef\":{\"Source\":\"s\"}},\"Property\":\"StaffVaccinated\"}}}]},\"queryFieldParametersByRole\":{\"Category\":[{\"index\":0,\"length\":1,\"expr\":{\"Column\":{\"Expression\":{\"SourceRef\":{\"Entity\":\"Y-axis\"}},\"Property\":\"Y-axis\"}}}]},\"columnProperties\":{\"STAFF_Flu_Vaccinations.Directorate\":{\"displayName\":\"Directorate\"}},\"drillFilterOtherVisuals\":true,\"objects\":{\"labels\":[{\"properties\":{\"show\":{\"expr\":{\"Literal\":{\"Value\":\"true\"}}},\"labelPosition\":{\"expr\":{\"Literal\":{\"Value\":\"'InsideCenter'\"}}},\"labelDisplayUnits\":{\"expr\":{\"Literal\":{\"Value\":\"1D\"}}}}}],\"smallMultiplesLayout\":[{\"properties\":{\"columnCount\":{\"expr\":{\"Literal\":{\"Value\":\"1L\"}}},\"rowCount\":{\"expr\":{\"Literal\":{\"Value\":\"5L\"}}}}}],\"legend\":[{\"properties\":{\"showGradientLegend\":{\"expr\":{\"Literal\":{\"Value\":\"false\"}}},\"show\":{\"expr\":{\"Literal\":{\"Value\":\"false\"}}}}}],\"valueAxis\":[{\"properties\":{\"showAxisTitle\":{\"expr\":{\"Literal\":{\"Value\":\"false\"}}},\"show\":{\"expr\":{\"Literal\":{\"Value\":\"false\"}}}}}],\"categoryAxis\":[{\"properties\":{\"showAxisTitle\":{\"expr\":{\"Literal\":{\"Value\":\"false\"}}},\"concatenateLabels\":{\"expr\":{\"Literal\":{\"Value\":\"true\"}}}}}],\"dataPoint\":[{\"properties\":{\"fill\":{\"solid\":{\"color\":{\"expr\":{\"ThemeDataColor\":{\"ColorId\":2,\"Percent\":0}}}}}},\"selector\":{\"data\":[{\"scopeId\":{\"Comparison\":{\"ComparisonKind\":0,\"Left\":{\"Column\":{\"Expression\":{\"SourceRef\":{\"Entity\":\"STAFF_Flu_Vaccinations\"}},\"Property\":\"StaffVaccinated\"}},\"Right\":{\"Literal\":{\"Value\":\"'N'\"}}}}}]}},{\"properties\":{\"fill\":{\"solid\":{\"color\":{\"expr\":{\"ThemeDataColor\":{\"ColorId\":3,\"Percent\":0}}}}}},\"selector\":{\"data\":[{\"scopeId\":{\"Comparison\":{\"ComparisonKind\":0,\"Left\":{\"Column\":{\"Expression\":{\"SourceRef\":{\"Entity\":\"STAFF_Flu_Vaccinations\"}},\"Property\":\"StaffVaccinated\"}},\"Right\":{\"Literal\":{\"Value\":\"'Y'\"}}}}}]}}]},\"vcObjects\":{\"title\":[{\"properties\":{\"fontSize\":{\"expr\":{\"Literal\":{\"Value\":\"10D\"}}},\"text\":{\"expr\":{\"Literal\":{\"Value\":\"'By Directorate'\"}}},\"show\":{\"expr\":{\"Literal\":{\"Value\":\"false\"}}}}}],\"background\":[{\"properties\":{\"show\":{\"expr\":{\"Literal\":{\"Value\":\"false\"}}}}}]}}}",
          "filters": "[]",
          "height": 572.87,
          "width": 469.88,
          "x": 349.42,
          "y": 101.14,
          "z": 2000.00
        },
        {
          "config": "{\"name\":\"cc1e9a43543b8c42eddb\",\"layouts\":[{\"id\":0,\"position\":{\"x\":6.927835051546391,\"y\":307.7938144329897,\"z\":5000,\"width\":330.5567010309278,\"height\":146.4742268041237}}],\"singleVisual\":{\"visualType\":\"barChart\",\"projections\":{\"Y\":[{\"queryRef\":\"#Dataset Measures.Vaccinated Staff Onsite\"},{\"queryRef\":\"#Dataset Measures.Vaccinated Staff Offsite\"},{\"queryRef\":\"#Dataset Measures.Unvaccinated Staff\"}]},\"prototypeQuery\":{\"Version\":2,\"From\":[{\"Name\":\"#\",\"Entity\":\"#Dataset Measures\",\"Type\":0}],\"Select\":[{\"Measure\":{\"Expression\":{\"SourceRef\":{\"Source\":\"#\"}},\"Property\":\"Vaccinated Staff Offsite\"},\"Name\":\"#Dataset Measures.Vaccinated Staff Offsite\"},{\"Measure\":{\"Expression\":{\"SourceRef\":{\"Source\":\"#\"}},\"Property\":\"Vaccinated Staff Onsite\"},\"Name\":\"#Dataset Measures.Vaccinated Staff Onsite\"},{\"Measure\":{\"Expression\":{\"SourceRef\":{\"Source\":\"#\"}},\"Property\":\"Unvaccinated Staff\"},\"Name\":\"#Dataset Measures.Unvaccinated Staff\"}],\"OrderBy\":[{\"Direction\":2,\"Expression\":{\"Measure\":{\"Expression\":{\"SourceRef\":{\"Source\":\"#\"}},\"Property\":\"Vaccinated Staff Onsite\"}}}]},\"columnProperties\":{\"#Dataset Measures.Vaccinated Staff Onsite\":{\"displayName\":\"Onsite\"},\"#Dataset Measures.Vaccinated Staff Offsite\":{\"displayName\":\"Offsite\"},\"#Dataset Measures.Unvaccinated Staff\":{\"displayName\":\"Unvaccinated\"}},\"drillFilterOtherVisuals\":true,\"hasDefaultSort\":true,\"objects\":{\"labels\":[{\"properties\":{\"show\":{\"expr\":{\"Literal\":{\"Value\":\"true\"}}},\"labelDisplayUnits\":{\"expr\":{\"Literal\":{\"Value\":\"1D\"}}}}}],\"valueAxis\":[{\"properties\":{\"show\":{\"expr\":{\"Literal\":{\"Value\":\"false\"}}},\"showAxisTitle\":{\"expr\":{\"Literal\":{\"Value\":\"false\"}}}}}],\"categoryAxis\":[{\"properties\":{\"show\":{\"expr\":{\"Literal\":{\"Value\":\"false\"}}},\"concatenateLabels\":{\"expr\":{\"Literal\":{\"Value\":\"true\"}}}}}],\"dataPoint\":[{\"properties\":{\"fill\":{\"solid\":{\"color\":{\"expr\":{\"Literal\":{\"Value\":\"'#2C4154'\"}}}}}},\"selector\":{\"metadata\":\"#Dataset Measures.Vaccinated Staff Onsite\"}},{\"properties\":{\"fill\":{\"solid\":{\"color\":{\"expr\":{\"ThemeDataColor\":{\"ColorId\":2,\"Percent\":-0.25}}}}}},\"selector\":{\"metadata\":\"#Dataset Measures.Vaccinated Staff Offsite\"}},{\"properties\":{\"fill\":{\"solid\":{\"color\":{\"expr\":{\"ThemeDataColor\":{\"ColorId\":2,\"Percent\":0}}}}}},\"selector\":{\"metadata\":\"#Dataset Measures.Unvaccinated Staff\"}}]},\"vcObjects\":{\"title\":[{\"properties\":{\"text\":{\"expr\":{\"Literal\":{\"Value\":\"'By Vaccination Location'\"}}}}}],\"background\":[{\"properties\":{\"show\":{\"expr\":{\"Literal\":{\"Value\":\"false\"}}}}}]}}}",
          "filters": "[]",
          "height": 146.47,
          "width": 330.55,
          "x": 6.92,
          "y": 307.79,
          "z": 5000.00
        },
        {
          "config": "{\"name\":\"f0011232d2b37097b037\",\"layouts\":[{\"id\":0,\"position\":{\"x\":450.251256281407,\"y\":0,\"z\":3000,\"width\":249.9353912419239,\"height\":42.26848528356066}}],\"singleVisual\":{\"visualType\":\"textbox\",\"drillFilterOtherVisuals\":true,\"objects\":{\"general\":[{\"properties\":{\"paragraphs\":[{\"textRuns\":[{\"value\":\"Staff Flu Vaccination\",\"textStyle\":{\"fontWeight\":\"bold\",\"fontSize\":\"16pt\",\"color\":\"#000000\"}}]}]}}]},\"vcObjects\":{\"background\":[{\"properties\":{\"show\":{\"expr\":{\"Literal\":{\"Value\":\"false\"}}}}}]}}}",
          "filters": "[]",
          "height": 42.26,
          "width": 249.93,
          "x": 450.25,
          "y": 0.00,
          "z": 3000.00
        }
      ],
      "width": 1280.00
    },
    {
      "config": "{\"objects\":{\"background\":[{\"properties\":{\"image\":{\"image\":{\"name\":{\"expr\":{\"Literal\":{\"Value\":\"'HealthNZ Template - teal no logo (1).jpg'\"}}},\"url\":{\"expr\":{\"ResourcePackageItem\":{\"PackageName\":\"RegisteredResources\",\"PackageType\":1,\"ItemName\":\"HealthNZ_Template_-_teal_no_lo42828887955419037.jpg\"}}},\"scaling\":{\"expr\":{\"Literal\":{\"Value\":\"'Normal'\"}}}}},\"transparency\":{\"expr\":{\"Literal\":{\"Value\":\"0D\"}}}}}]}}",
      "displayName": "Report Information",
      "displayOption": 1,
      "filters": "[]",
      "height": 720.00,
      "name": "ReportSectionad00b50410b96364e1a5",
      "ordinal": 2,
      "visualContainers": [
        {
          "config": "{\"name\":\"03e9dffebe5768820008\",\"layouts\":[{\"id\":0,\"position\":{\"x\":288.52835606604447,\"y\":0,\"z\":0,\"width\":622.0818377602296,\"height\":81.78033022254127}}],\"singleVisual\":{\"visualType\":\"textbox\",\"drillFilterOtherVisuals\":true,\"objects\":{\"general\":[{\"properties\":{\"paragraphs\":[{\"textRuns\":[{\"value\":\"Report Information\",\"textStyle\":{\"fontWeight\":\"bold\",\"fontSize\":\"20pt\",\"textDecoration\":\"underline\",\"color\":\"#000000\"}}]},{\"textRuns\":[{\"value\":\"\"}]}]}}]},\"vcObjects\":{\"background\":[{\"properties\":{\"show\":{\"expr\":{\"Literal\":{\"Value\":\"false\"}}}}}]}}}",
          "filters": "[]",
          "height": 81.78,
          "width": 622.08,
          "x": 288.52,
          "y": 0.00,
          "z": 0.00
        },
        {
          "config": "{\"name\":\"930ebf02c335100dd7e4\",\"layouts\":[{\"id\":0,\"position\":{\"x\":0,\"y\":0,\"z\":3000,\"width\":192.045944005743,\"height\":61.56496769562096}}],\"singleVisual\":{\"visualType\":\"image\",\"drillFilterOtherVisuals\":true,\"objects\":{\"general\":[{\"properties\":{\"imageUrl\":{\"expr\":{\"ResourcePackageItem\":{\"PackageName\":\"RegisteredResources\",\"PackageType\":1,\"ItemName\":\"HealthNZ_Logo_(1)5181473713934104.png\"}}}}}]}}}",
          "filters": "[]",
          "height": 61.56,
          "width": 192.04,
          "x": 0.00,
          "y": 0.00,
          "z": 3000.00
        },
        {
          "config": "{\"name\":\"95440f248a0436029d5b\",\"layouts\":[{\"id\":0,\"position\":{\"x\":15.620961952620243,\"y\":102.9145728643216,\"z\":1000,\"width\":957.4730796841349,\"height\":539.3826274228284}}],\"singleVisual\":{\"visualType\":\"textbox\",\"drillFilterOtherVisuals\":true,\"objects\":{\"general\":[{\"properties\":{\"paragraphs\":[{\"textRuns\":[{\"value\":\"Description: \",\"textStyle\":{\"fontSize\":\"12pt\"}}]},{\"textRuns\":[{\"value\":\"This report has been created to understand staff flu vaccination rates for 2023. \",\"textStyle\":{\"fontSize\":\"12pt\"}}]},{\"textRuns\":[{\"value\":\"Data is from MoH and refreshed weekly via Waitemata DHB. \",\"textStyle\":{\"fontSize\":\"12pt\"}}]},{\"textRuns\":[{\"value\":\"\"}]},{\"textRuns\":[{\"value\":\"Business rule:\",\"textStyle\":{\"fontSize\":\"12pt\"}}]},{\"textRuns\":[{\"value\":\"\"}]},{\"textRuns\":[{\"value\":\"If staff have more than one role at ADHB, we arbitrarily select one of their roles to ensure that their vaccination data is not duplicated in the dashboard. \",\"textStyle\":{\"fontSize\":\"12pt\"}}],\"listType\":\"ordered\"},{\"textRuns\":[{\"value\":\"\"}]},{\"textRuns\":[{\"value\":\"Caveat: \",\"textStyle\":{\"fontSize\":\"12pt\",\"color\":\"#242424\"}},{\"value\":\"Duplicated vaccinated data found in MoH dataset. Working with WDHB to rectify.\",\"textStyle\":{\"fontSize\":\"12pt\"}}]},{\"textRuns\":[{\"value\":\"\"}]},{\"textRuns\":[{\"value\":\"\"}]},{\"textRuns\":[{\"value\":\"Owner: Jennie Montague\",\"textStyle\":{\"fontSize\":\"12pt\"}}]},{\"textRuns\":[{\"value\":\"\"}]},{\"textRuns\":[{\"value\":\"Definition of Measures and KPIs:\",\"textStyle\":{\"fontSize\":\"12pt\"}}]},{\"textRuns\":[{\"value\":\"\"}]},{\"textRuns\":[{\"value\":\"Definition of Terms/Acronyms:\",\"textStyle\":{\"fontSize\":\"12pt\"}}]}]}}]},\"vcObjects\":{\"background\":[{\"properties\":{\"transparency\":{\"expr\":{\"Literal\":{\"Value\":\"100D\"}}}}}]}}}",
          "filters": "[]",
          "height": 539.38,
          "width": 957.47,
          "x": 15.62,
          "y": 102.91,
          "z": 1000.00
        },
        {
          "config": "{\"name\":\"d9955fd87c1a37d194c0\",\"layouts\":[{\"id\":0,\"position\":{\"x\":0,\"y\":672.6202440775304,\"z\":2000,\"width\":1089.7918162239769,\"height\":35.83632447954056}}],\"singleVisual\":{\"visualType\":\"textbox\",\"drillFilterOtherVisuals\":true,\"objects\":{\"general\":[{\"properties\":{\"paragraphs\":[{\"textRuns\":[{\"value\":\"Confidential: This dataset may contain National Health Information (NHI).  The user is responsible for taking measures to protect sensitive data and personal information.  This document is for ADHB internal use only.\",\"textStyle\":{\"fontSize\":\"8pt\"}}]}]}}]},\"vcObjects\":{\"background\":[{\"properties\":{\"show\":{\"expr\":{\"Literal\":{\"Value\":\"false\"}}}}}]}}}",
          "filters": "[]",
          "height": 35.83,
          "width": 1089.79,
          "x": 0.00,
          "y": 672.62,
          "z": 2000.00
        }
      ],
      "width": 1280.00
    },
    {
      "config": "{\"objects\":{\"background\":[{\"properties\":{\"image\":{\"image\":{\"name\":{\"expr\":{\"Literal\":{\"Value\":\"'HealthNZ Template - teal no logo (1).jpg'\"}}},\"url\":{\"expr\":{\"ResourcePackageItem\":{\"PackageName\":\"RegisteredResources\",\"PackageType\":1,\"ItemName\":\"HealthNZ_Template_-_teal_no_lo8662809118146855.jpg\"}}},\"scaling\":{\"expr\":{\"Literal\":{\"Value\":\"'Normal'\"}}}}},\"transparency\":{\"expr\":{\"Literal\":{\"Value\":\"0D\"}}}}}]},\"type\":2}",
      "displayName": "By RC Name",
      "displayOption": 1,
      "filters": "[{\"name\":\"Filter4384b84aadb7d004a274\",\"expression\":{\"Column\":{\"Expression\":{\"SourceRef\":{\"Entity\":\"STAFF_Flu_Vaccinations\"}},\"Property\":\"Ethnicity\"}},\"type\":\"Categorical\",\"howCreated\":5},{\"name\":\"Filterc89caddb44c4cb020b68\",\"expression\":{\"Column\":{\"Expression\":{\"SourceRef\":{\"Entity\":\"STAFF_Flu_Vaccinations\"}},\"Property\":\"Directorate\"}},\"filter\":{\"Version\":2,\"From\":[{\"Name\":\"s\",\"Entity\":\"STAFF_Flu_Vaccinations\",\"Type\":0}],\"Where\":[{\"Condition\":{\"In\":{\"Expressions\":[{\"Column\":{\"Expression\":{\"SourceRef\":{\"Source\":\"s\"}},\"Property\":\"Directorate\"}}],\"Values\":[[{\"Literal\":{\"Value\":\"'Adult Community & LTC'\"}}]]}}}]},\"type\":\"Categorical\",\"howCreated\":5},{\"name\":\"Filterad2272077750417b861d\",\"expression\":{\"Column\":{\"Expression\":{\"SourceRef\":{\"Entity\":\"STAFF_Flu_Vaccinations\"}},\"Property\":\"OccupationGroup\"}},\"type\":\"Categorical\",\"howCreated\":5}]",
      "height": 720.00,
      "name": "ReportSectionca7d3cc42e794aba7496",
      "ordinal": 1,
      "visualContainers": [
        {
          "config": "{\"name\":\"058b70d86952d153197a\",\"layouts\":[{\"id\":0,\"position\":{\"x\":810.1149425287357,\"y\":30.3448275862069,\"z\":1000,\"width\":340.2298850574713,\"height\":40.45977011494253}}],\"singleVisual\":{\"visualType\":\"textbox\",\"drillFilterOtherVisuals\":true,\"objects\":{\"general\":[{\"properties\":{\"paragraphs\":[{\"textRuns\":[{\"value\":\"Directorate:  \",\"textStyle\":{\"fontWeight\":\"bold\",\"fontSize\":\"10.5pt\",\"color\":\"#000000\"}},{\"value\":{\"propertyIdentifier\":{\"objectName\":\"values\",\"propertyName\":\"expr\"},\"selector\":{\"id\":\"Value\"}},\"textStyle\":{\"fontWeight\":\"bold\",\"fontSize\":\"10.5pt\",\"color\":\"#000000\"}},{\"value\":\" \",\"textStyle\":{\"fontWeight\":\"bold\",\"fontSize\":\"10.5pt\",\"color\":\"#000000\"}}]}]}}],\"values\":[{\"properties\":{\"expr\":{\"expr\":{\"Aggregation\":{\"Expression\":{\"Column\":{\"Expression\":{\"Subquery\":{\"Query\":{\"Version\":2,\"From\":[{\"Name\":\"s\",\"Entity\":\"STAFF_Flu_Vaccinations\",\"Type\":0}],\"Select\":[{\"Column\":{\"Expression\":{\"SourceRef\":{\"Source\":\"s\"}},\"Property\":\"Directorate\"},\"Name\":\"STAFF_Flu_Vaccinations.Directorate\"}],\"OrderBy\":[{\"Direction\":1,\"Expression\":{\"Column\":{\"Expression\":{\"SourceRef\":{\"Source\":\"s\"}},\"Property\":\"Directorate\"}}}]}}},\"Property\":\"STAFF_Flu_Vaccinations.Directorate\"}},\"Function\":3},\"Annotations\":{\"NaturalLanguage\":{\"version\":1,\"kind\":\"NaturalLanguage\",\"annotation\":{\"name\":\"Value\",\"utterance\":\"which directorate\"}}}}}},\"selector\":{\"id\":\"Value\"}}]},\"vcObjects\":{\"background\":[{\"properties\":{\"transparency\":{\"expr\":{\"Literal\":{\"Value\":\"100D\"}}}}}]}}}",
          "filters": "[]",
          "height": 40.45,
          "width": 340.22,
          "x": 810.11,
          "y": 30.34,
          "z": 1000.00
        },
        {
          "config": "{\"name\":\"4b831c35e7b81bac3790\",\"layouts\":[{\"id\":0,\"position\":{\"x\":230.80459770114945,\"y\":10.114942528735632,\"z\":3000,\"width\":100.22988505747128,\"height\":40.45977011494253}}],\"singleVisual\":{\"visualType\":\"actionButton\",\"drillFilterOtherVisuals\":true,\"objects\":{\"icon\":[{\"properties\":{\"shapeType\":{\"expr\":{\"Literal\":{\"Value\":\"'back'\"}}}},\"selector\":{\"id\":\"default\"}}]},\"vcObjects\":{\"visualLink\":[{\"properties\":{\"show\":{\"expr\":{\"Literal\":{\"Value\":\"true\"}}},\"type\":{\"expr\":{\"Literal\":{\"Value\":\"'Back'\"}}}}}],\"background\":[{\"properties\":{\"transparency\":{\"expr\":{\"Literal\":{\"Value\":\"100D\"}}}}}]}}}",
          "filters": "[]",
          "height": 40.45,
          "width": 100.22,
          "x": 230.80,
          "y": 10.11,
          "z": 3000.00
        },
        {
          "config": "{\"name\":\"76dfe9207650de087b87\",\"layouts\":[{\"id\":0,\"position\":{\"x\":0,\"y\":0,\"z\":2000,\"width\":192.045944005743,\"height\":61.56496769562096}}],\"singleVisual\":{\"visualType\":\"image\",\"drillFilterOtherVisuals\":true,\"objects\":{\"general\":[{\"properties\":{\"imageUrl\":{\"expr\":{\"ResourcePackageItem\":{\"PackageName\":\"RegisteredResources\",\"PackageType\":1,\"ItemName\":\"HealthNZ_Logo_(1)5181473713934104.png\"}}}}}]}}}",
          "filters": "[]",
          "height": 61.56,
          "width": 192.04,
          "x": 0.00,
          "y": 0.00,
          "z": 2000.00
        },
        {
          "config": "{\"name\":\"a412b78f0a82602e6ed5\",\"layouts\":[{\"id\":0,\"position\":{\"x\":199.5402298850575,\"y\":50.57471264367817,\"z\":4000,\"width\":111.26436781609196,\"height\":42.298850574712645}}],\"singleVisual\":{\"visualType\":\"textbox\",\"drillFilterOtherVisuals\":true,\"objects\":{\"general\":[{\"properties\":{\"paragraphs\":[{\"textRuns\":[{\"value\":\"Click to go back\",\"textStyle\":{\"fontWeight\":\"bold\"}}]}]}}]},\"vcObjects\":{\"background\":[{\"properties\":{\"transparency\":{\"expr\":{\"Literal\":{\"Value\":\"100D\"}}}}}]}}}",
          "filters": "[]",
          "height": 42.29,
          "width": 111.26,
          "x": 199.54,
          "y": 50.57,
          "z": 4000.00
        },
        {
          "config": "{\"name\":\"eae6b940b67945892840\",\"layouts\":[{\"id\":0,\"position\":{\"x\":387.12643678160924,\"y\":36.781609195402304,\"z\":0,\"width\":783.4482758620691,\"height\":668.5057471264369}}],\"singleVisual\":{\"visualType\":\"barChart\",\"projections\":{\"Category\":[{\"queryRef\":\"STAFF_Flu_Vaccinations.RCName\",\"active\":true}],\"Y\":[{\"queryRef\":\"#Dataset Measures.Vaccinated Staff\"},{\"queryRef\":\"#Dataset Measures.Unvaccinated Staff\"}]},\"prototypeQuery\":{\"Version\":2,\"From\":[{\"Name\":\"s\",\"Entity\":\"STAFF_Flu_Vaccinations\",\"Type\":0},{\"Name\":\"#\",\"Entity\":\"#Dataset Measures\",\"Type\":0}],\"Select\":[{\"Column\":{\"Expression\":{\"SourceRef\":{\"Source\":\"s\"}},\"Property\":\"RCName\"},\"Name\":\"STAFF_Flu_Vaccinations.RCName\",\"NativeReferenceName\":\"RCName\"},{\"Measure\":{\"Expression\":{\"SourceRef\":{\"Source\":\"#\"}},\"Property\":\"Vaccinated Staff\"},\"Name\":\"#Dataset Measures.Vaccinated Staff\",\"NativeReferenceName\":\"Vaccinated Staff\"},{\"Measure\":{\"Expression\":{\"SourceRef\":{\"Source\":\"#\"}},\"Property\":\"Unvaccinated Staff\"},\"Name\":\"#Dataset Measures.Unvaccinated Staff\",\"NativeReferenceName\":\"Unvaccinated Staff\"}],\"OrderBy\":[{\"Direction\":2,\"Expression\":{\"Measure\":{\"Expression\":{\"SourceRef\":{\"Source\":\"#\"}},\"Property\":\"Vaccinated Staff\"}}}]},\"drillFilterOtherVisuals\":true,\"hasDefaultSort\":true,\"objects\":{\"labels\":[{\"properties\":{\"show\":{\"expr\":{\"Literal\":{\"Value\":\"true\"}}}}}],\"legend\":[{\"properties\":{\"showGradientLegend\":{\"expr\":{\"Literal\":{\"Value\":\"true\"}}},\"show\":{\"expr\":{\"Literal\":{\"Value\":\"true\"}}}}}],\"dataPoint\":[{\"properties\":{\"fill\":{\"solid\":{\"color\":{\"expr\":{\"Literal\":{\"Value\":\"'#2C4154'\"}}}}}},\"selector\":{\"metadata\":\"#Dataset Measures.Vaccinated Staff\"}},{\"properties\":{\"fill\":{\"solid\":{\"color\":{\"expr\":{\"ThemeDataColor\":{\"ColorId\":2,\"Percent\":0}}}}}},\"selector\":{\"metadata\":\"#Dataset Measures.Unvaccinated Staff\"}}],\"totals\":[{\"properties\":{\"show\":{\"expr\":{\"Literal\":{\"Value\":\"false\"}}}}}],\"categoryAxis\":[{\"properties\":{\"concatenateLabels\":{\"expr\":{\"Literal\":{\"Value\":\"true\"}}}}}]},\"vcObjects\":{\"background\":[{\"properties\":{\"color\":{\"solid\":{\"color\":{\"expr\":{\"ThemeDataColor\":{\"ColorId\":0,\"Percent\":0}}}}},\"transparency\":{\"expr\":{\"Literal\":{\"Value\":\"100D\"}}}}}],\"title\":[{\"properties\":{\"show\":{\"expr\":{\"Literal\":{\"Value\":\"true\"}}}}}]}}}",
          "filters": "[]",
          "height": 668.50,
          "width": 783.44,
          "x": 387.12,
          "y": 36.78,
          "z": 0.00
        }
      ],
      "width": 1280.00
    },
    {
      "config": "{\"objects\":{\"background\":[{\"properties\":{\"image\":{\"image\":{\"name\":{\"expr\":{\"Literal\":{\"Value\":\"'HealthNZ Template - teal no logo (1).jpg'\"}}},\"url\":{\"expr\":{\"ResourcePackageItem\":{\"PackageName\":\"RegisteredResources\",\"PackageType\":1,\"ItemName\":\"HealthNZ_Template_-_teal_no_lo4831822584466212.jpg\"}}},\"scaling\":{\"expr\":{\"Literal\":{\"Value\":\"'Normal'\"}}}}},\"transparency\":{\"expr\":{\"Literal\":{\"Value\":\"0D\"}}}}}]},\"visibility\":1}",
      "displayName": "Release Notes",
      "displayOption": 1,
      "filters": "[]",
      "height": 720.00,
      "name": "ReportSectionec28c105ba6812083209",
      "ordinal": 3,
      "visualContainers": [
        {
          "config": "{\"name\":\"03e9dffebe5768820008\",\"layouts\":[{\"id\":0,\"position\":{\"x\":8.269921033740129,\"y\":14.702081837760229,\"z\":0,\"width\":1158.707824838478,\"height\":641.3783201722899}}],\"singleVisual\":{\"visualType\":\"textbox\",\"drillFilterOtherVisuals\":true,\"objects\":{\"general\":[{\"properties\":{\"paragraphs\":[{\"textRuns\":[{\"value\":\"Date                                                      Description of Enhancement                                                                                        Author\",\"textStyle\":{\"textDecoration\":\"underline\"}}]},{\"textRuns\":[{\"value\":\"27/Apr 2023                                         Added field parameter and added RC Name page                                                    Eric Liu\"}]},{\"textRuns\":[{\"value\":\"16 May 2022                                         Report creation                                                                                                 Janesa Ramirez\"}]},{\"textRuns\":[{\"value\":\"\"}]}]}}]},\"vcObjects\":{\"background\":[{\"properties\":{\"transparency\":{\"expr\":{\"Literal\":{\"Value\":\"100D\"}}}}}]}}}",
          "filters": "[]",
          "height": 641.37,
          "width": 1158.70,
          "x": 8.26,
          "y": 14.70,
          "z": 0.00
        }
      ],
      "width": 1280.00
    }
  ],
  "theme": "ADHB_Template5164802502526136.json"
}