{
  "config": "{\"version\":\"5.37\",\"themeCollection\":{\"baseTheme\":{\"name\":\"CY21SU04\",\"version\":\"5.20\",\"type\":2},\"customTheme\":{\"name\":\"ADHB_Template39759223763621065.json\",\"version\":\"5.28\",\"type\":1}},\"activeSectionIndex\":0,\"defaultDrillFilterOtherVisuals\":true,\"slowDataSourceSettings\":{\"isCrossHighlightingDisabled\":false,\"isSlicerSelectionsButtonEnabled\":false,\"isFilterSelectionsButtonEnabled\":false,\"isFieldWellButtonEnabled\":false,\"isApplyAllButtonEnabled\":false},\"linguisticSchemaSyncVersion\":2,\"settings\":{\"useNewFilterPaneExperience\":true,\"allowChangeFilterTypes\":true,\"useStylableVisualContainerHeader\":true,\"exportDataMode\":1},\"objects\":{\"section\":[{\"properties\":{\"verticalAlignment\":{\"expr\":{\"Literal\":{\"Value\":\"'Top'\"}}}}}],\"outspacePane\":[{\"properties\":{\"expanded\":{\"expr\":{\"Literal\":{\"Value\":\"false\"}}}}}]}}",
  "filters": "[]",
  "layoutOptimization": 0,
  "resourcePackages": [
    {
      "resourcePackage": {
        "disabled": false,
        "items": [
          {
            "name": "CY21SU04",
            "path": "BaseThemes/CY21SU04.json",
            "type": 202
          }
        ],
        "name": "SharedResources",
        "type": 2
      }
    },
    {
      "resourcePackage": {
        "items": [
          {
            "name": "ADHB_Template39759223763621065.json",
            "path": "ADHB_Template39759223763621065.json",
            "type": 100
          },
          {
            "name": "background_2166232996824486.PNG",
            "path": "background_2166232996824486.PNG",
            "type": 100
          },
          {
            "name": "background_24287039285561518.PNG",
            "path": "background_24287039285561518.PNG",
            "type": 100
          }
        ],
        "name": "RegisteredResources",
        "type": 1
      }
    }
  ],
  "sections": [
    {
      "config": "{\"visibility\":1}",
      "displayName": "Page 1",
      "displayOption": 1,
      "filters": "[]",
      "height": 720.00,
      "name": "ReportSection3e80ce045e330734d447",
      "ordinal": 2,
      "visualContainers": [
        {
          "config": "{\"name\":\"05bbc4b50ea98be305bb\",\"layouts\":[{\"id\":0,\"position\":{\"x\":780.6896551724138,\"y\":404.59770114942535,\"z\":2000,\"width\":454.25287356321843,\"height\":164.5977011494253,\"tabOrder\":2000}}],\"singleVisual\":{\"visualType\":\"card\",\"projections\":{\"Values\":[{\"queryRef\":\"#Dataset Measures.Child Presentations Yday\"}]},\"prototypeQuery\":{\"Version\":2,\"From\":[{\"Name\":\"#\",\"Entity\":\"#Dataset Measures\",\"Type\":0}],\"Select\":[{\"Measure\":{\"Expression\":{\"SourceRef\":{\"Source\":\"#\"}},\"Property\":\"Child Presentations Yday\"},\"Name\":\"#Dataset Measures.Child Presentations Yday\"}],\"OrderBy\":[{\"Direction\":2,\"Expression\":{\"Measure\":{\"Expression\":{\"SourceRef\":{\"Source\":\"#\"}},\"Property\":\"Child Presentations Yday\"}}}]},\"drillFilterOtherVisuals\":true,\"hasDefaultSort\":true}}",
          "filters": "[]",
          "height": 164.60,
          "width": 454.25,
          "x": 780.69,
          "y": 404.60,
          "z": 2000.00
        },
        {
          "config": "{\"name\":\"0c65298b545974c62e2a\",\"layouts\":[{\"id\":0,\"position\":{\"x\":780.2955665024631,\"y\":98.42364532019704,\"z\":1000,\"width\":479.70443349753697,\"height\":107.29064039408867,\"tabOrder\":1000}}],\"singleVisual\":{\"visualType\":\"card\",\"projections\":{\"Values\":[{\"queryRef\":\"#Dataset Measures.Today Date\"}]},\"prototypeQuery\":{\"Version\":2,\"From\":[{\"Name\":\"#\",\"Entity\":\"#Dataset Measures\",\"Type\":0}],\"Select\":[{\"Measure\":{\"Expression\":{\"SourceRef\":{\"Source\":\"#\"}},\"Property\":\"Today StartDate\"},\"Name\":\"#Dataset Measures.Today Date\"}],\"OrderBy\":[{\"Direction\":1,\"Expression\":{\"Measure\":{\"Expression\":{\"SourceRef\":{\"Source\":\"#\"}},\"Property\":\"Today StartDate\"}}}]},\"drillFilterOtherVisuals\":true,\"hasDefaultSort\":true}}",
          "filters": "[]",
          "height": 107.29,
          "width": 479.70,
          "x": 780.30,
          "y": 98.42,
          "z": 1000.00
        },
        {
          "config": "{\"name\":\"0d611c62d8b0b750948a\",\"layouts\":[{\"id\":0,\"position\":{\"x\":20.39408866995074,\"y\":98.42364532019704,\"z\":0,\"width\":479.70443349753697,\"height\":515.1724137931035,\"tabOrder\":0}}],\"singleVisual\":{\"visualType\":\"tableEx\",\"projections\":{\"Values\":[{\"queryRef\":\"#Dataset Measures.Adult Presentations Today\"},{\"queryRef\":\"#Dataset Measures.Child Presentations Today\"},{\"queryRef\":\"#Dataset Measures.Total Inpatient Visits\"},{\"queryRef\":\"Event.VisitStartDate\"}]},\"prototypeQuery\":{\"Version\":2,\"From\":[{\"Name\":\"#\",\"Entity\":\"#Dataset Measures\",\"Type\":0},{\"Name\":\"e\",\"Entity\":\"Event\",\"Type\":0}],\"Select\":[{\"Measure\":{\"Expression\":{\"SourceRef\":{\"Source\":\"#\"}},\"Property\":\"Adult Presentations Today\"},\"Name\":\"#Dataset Measures.Adult Presentations Today\"},{\"Measure\":{\"Expression\":{\"SourceRef\":{\"Source\":\"#\"}},\"Property\":\"Child Presentations Today\"},\"Name\":\"#Dataset Measures.Child Presentations Today\"},{\"Measure\":{\"Expression\":{\"SourceRef\":{\"Source\":\"#\"}},\"Property\":\"Total Inpatient Visits\"},\"Name\":\"#Dataset Measures.Total Inpatient Visits\"},{\"Column\":{\"Expression\":{\"SourceRef\":{\"Source\":\"e\"}},\"Property\":\"VisitStartDate\"},\"Name\":\"Event.VisitStartDate\"}],\"OrderBy\":[{\"Direction\":2,\"Expression\":{\"Column\":{\"Expression\":{\"SourceRef\":{\"Source\":\"e\"}},\"Property\":\"VisitStartDate\"}}}]},\"columnProperties\":{\"#Dataset Measures.Adult Presentations Today\":{\"displayName\":\"Adult\"},\"#Dataset Measures.Child Presentations Today\":{\"displayName\":\"Child\"}},\"drillFilterOtherVisuals\":true,\"filterSortOrder\":3,\"objects\":{},\"vcObjects\":{\"title\":[{\"properties\":{\"text\":{\"expr\":{\"Literal\":{\"Value\":\"'Acute Patients through ED Per Hour'\"}}},\"fontSize\":{\"expr\":{\"Literal\":{\"Value\":\"12D\"}}}}}],\"visualTooltip\":[{\"properties\":{\"fontSize\":{\"expr\":{\"Literal\":{\"Value\":\"8D\"}}}}}],\"dropShadow\":[{\"properties\":{\"show\":{\"expr\":{\"Literal\":{\"Value\":\"true\"}}},\"color\":{\"solid\":{\"color\":{\"expr\":{\"ThemeDataColor\":{\"ColorId\":0,\"Percent\":-0.3}}}}}}}],\"border\":[{\"properties\":{\"show\":{\"expr\":{\"Literal\":{\"Value\":\"true\"}}},\"color\":{\"solid\":{\"color\":{\"expr\":{\"ThemeDataColor\":{\"ColorId\":2,\"Percent\":0.6}}}}},\"radius\":{\"expr\":{\"Literal\":{\"Value\":\"15D\"}}}}}],\"visualHeader\":[{\"properties\":{\"showPersonalizeVisualButton\":{\"expr\":{\"Literal\":{\"Value\":\"false\"}}}}}]}}}",
          "filters": "[{\"name\":\"Filter3894a0a840aa1eee39aa\",\"expression\":{\"Column\":{\"Expression\":{\"SourceRef\":{\"Entity\":\"Time\"}},\"Property\":\"HourBandDesc\"}},\"type\":\"Categorical\",\"howCreated\":1,\"isHiddenInViewMode\":false,\"ordinal\":0},{\"name\":\"Filter613f63e27ad6e7a874ca\",\"expression\":{\"Column\":{\"Expression\":{\"SourceRef\":{\"Entity\":\"Time\"}},\"Property\":\"Hours24\"}},\"type\":\"Categorical\",\"howCreated\":1,\"isHiddenInViewMode\":false,\"ordinal\":3}]",
          "height": 515.17,
          "width": 479.70,
          "x": 20.39,
          "y": 98.42,
          "z": 0.00
        }
      ],
      "width": 1280.00
    },
    {
      "config": "{\"objects\":{\"background\":[{\"properties\":{\"image\":{\"image\":{\"name\":{\"expr\":{\"Literal\":{\"Value\":\"'background 2.PNG'\"}}},\"url\":{\"expr\":{\"ResourcePackageItem\":{\"PackageName\":\"RegisteredResources\",\"PackageType\":1,\"ItemName\":\"background_24287039285561518.PNG\"}}},\"scaling\":{\"expr\":{\"Literal\":{\"Value\":\"'Fit'\"}}}}},\"transparency\":{\"expr\":{\"Literal\":{\"Value\":\"0D\"}}}}}],\"outspacePane\":[{\"properties\":{\"width\":{\"expr\":{\"Literal\":{\"Value\":\"415L\"}}}}}]}}",
      "displayName": "Dataset Information",
      "displayOption": 1,
      "filters": "[]",
      "height": 720.00,
      "name": "ReportSectionad00b50410b96364e1a5",
      "visualContainers": [
        {
          "config": "{\"name\":\"03e9dffebe5768820008\",\"layouts\":[{\"id\":0,\"position\":{\"x\":9.670329670329672,\"y\":0,\"z\":0,\"width\":622.4175824175825,\"height\":81.75824175824177}}],\"singleVisual\":{\"visualType\":\"textbox\",\"drillFilterOtherVisuals\":true,\"objects\":{\"general\":[{\"properties\":{\"paragraphs\":[{\"textRuns\":[{\"value\":\"Dataset Information\",\"textStyle\":{\"fontWeight\":\"bold\",\"fontSize\":\"28pt\",\"textDecoration\":\"underline\",\"color\":\"#ffffff\"}}]},{\"textRuns\":[{\"value\":\"\"}]}]}}]},\"vcObjects\":{\"background\":[{\"properties\":{\"show\":{\"expr\":{\"Literal\":{\"Value\":\"false\"}}}}}]}}}",
          "filters": "[]",
          "height": 81.76,
          "width": 622.42,
          "x": 9.67,
          "y": 0.00,
          "z": 0.00
        },
        {
          "config": "{\"name\":\"102ed2ab0e0ce9a6d50a\",\"layouts\":[{\"id\":0,\"position\":{\"x\":1017.2959805115713,\"y\":28.063337393422657,\"z\":3000,\"width\":177.1498172959805,\"height\":49.110840438489646}}],\"singleVisual\":{\"visualType\":\"textbox\",\"drillFilterOtherVisuals\":true,\"objects\":{\"general\":[{\"properties\":{\"paragraphs\":[{\"textRuns\":[{\"value\":\"As at: \",\"textStyle\":{\"fontSize\":\"8pt\",\"color\":\"#ffffff\"}},{\"value\":{\"propertyIdentifier\":{\"objectName\":\"values\",\"propertyName\":\"expr\"},\"selector\":{\"id\":\"Value\"}},\"textStyle\":{\"fontSize\":\"8pt\",\"color\":\"#ffffff\"}}]}]}}],\"values\":[{\"properties\":{\"expr\":{\"expr\":{\"Aggregation\":{\"Expression\":{\"Column\":{\"Expression\":{\"Subquery\":{\"Query\":{\"Version\":2,\"From\":[{\"Name\":\"d\",\"Entity\":\"Date\",\"Type\":0}],\"Select\":[{\"Column\":{\"Expression\":{\"SourceRef\":{\"Source\":\"d\"}},\"Property\":\"Refresh Date\"},\"Name\":\"Date.Refresh Date\"}],\"OrderBy\":[{\"Direction\":1,\"Expression\":{\"Column\":{\"Expression\":{\"SourceRef\":{\"Source\":\"d\"}},\"Property\":\"Refresh Date\"}}}]}}},\"Property\":\"Date.Refresh Date\"}},\"Function\":3},\"Annotations\":{\"NaturalLanguage\":{\"version\":1,\"kind\":\"NaturalLanguage\",\"annotation\":{\"name\":\"Value\",\"utterance\":\"refresh date\"}}}}}},\"selector\":{\"id\":\"Value\"}}]},\"vcObjects\":{\"background\":[{\"properties\":{\"show\":{\"expr\":{\"Literal\":{\"Value\":\"false\"}}}}}]}}}",
          "filters": "[]",
          "height": 49.11,
          "width": 177.15,
          "x": 1017.30,
          "y": 28.06,
          "z": 3000.00
        },
        {
          "config": "{\"name\":\"95440f248a0436029d5b\",\"layouts\":[{\"id\":0,\"position\":{\"x\":9.592006661115738,\"y\":63.94671107410492,\"z\":1000,\"width\":1270.4079933388844,\"height\":602.1648626144879}}],\"singleVisual\":{\"visualType\":\"textbox\",\"drillFilterOtherVisuals\":true,\"objects\":{\"general\":[{\"properties\":{\"paragraphs\":[{\"textRuns\":[{\"value\":\"Description: \",\"textStyle\":{\"fontWeight\":\"bold\",\"fontSize\":\"8pt\"}}]},{\"textRuns\":[{\"value\":\"This report provides key indicators for patient in and out flow, patient churn, and summarises volume of patients entering the hospital through the acute and elective\",\"textStyle\":{\"fontSize\":\"8pt\",\"color\":\"#000000\"}},{\"value\":\" \",\"textStyle\":{\"fontSize\":\"8pt\",\"color\":\"#242424\"}},{\"value\":\"pathways. A summary of critical supplies is also featured; as well as a ‘HR view’ of staff on leave by department and staff type\",\"textStyle\":{\"fontSize\":\"8pt\",\"color\":\"#000000\"}}]},{\"textRuns\":[{\"value\":\"\"}]},{\"textRuns\":[{\"value\":\"Owner: \",\"textStyle\":{\"fontWeight\":\"bold\",\"fontSize\":\"8pt\"}},{\"value\":\"Duncan Bliss\",\"textStyle\":{\"fontSize\":\"8pt\"}}]},{\"textRuns\":[{\"value\":\"\"}]},{\"textRuns\":[{\"value\":\"Definition of Report measures and KPIs:\",\"textStyle\":{\"fontWeight\":\"bold\",\"fontSize\":\"8pt\",\"textDecoration\":\"underline\"}}]},{\"textRuns\":[{\"value\":\"\"}]},{\"textRuns\":[{\"value\":\"Acute Patients through ED Per Hour \",\"textStyle\":{\"fontWeight\":\"bold\",\"fontSize\":\"8pt\",\"color\":\"#000000\"}},{\"value\":\"- \",\"textStyle\":{\"fontSize\":\"8pt\",\"color\":\"#000000\"}},{\"value\":\"Patients admitting to AED, CDU, CED wards in the last 24 hours where a the visit status of the patient has either 'Started' or 'Ended'\",\"textStyle\":{\"fontSize\":\"8pt\",\"color\":\"#444444\"}}]},{\"textRuns\":[{\"value\":\"Planned Care - Admitted Patients \",\"textStyle\":{\"fontWeight\":\"bold\",\"fontSize\":\"8pt\",\"color\":\"#444444\"}},{\"value\":\"- \",\"textStyle\":{\"fontSize\":\"8pt\",\"color\":\"#444444\"}},{\"value\":\"Patients admitted in the last 3 days plus today.   Excludes Acute Admissions (ie Includes Elective Admissions and Acute Arranged Admissions).  Excludes Greenlane Clinical Centre and other Offsite Hospitals/Facilities.  Includes patients with a Visit Type of 'Inpatient' (ie excludes Ambulatory patients in ED, Intended Day Patients, Psychiatric Patients, Residential, Respite, Short Stay, Ward Review).\",\"textStyle\":{\"fontSize\":\"8pt\",\"color\":\"#000000\"}}]},{\"textRuns\":[{\"value\":\"Planned Care - Planned Patients \",\"textStyle\":{\"fontWeight\":\"bold\",\"fontSize\":\"8pt\",\"color\":\"#444444\"}},{\"value\":\"- \",\"textStyle\":{\"fontSize\":\"8pt\",\"color\":\"#444444\"}},{\"value\":\"Patients scheduled to come in today and the following 7 days.  Excludes Acute Admissions (ie Includes Elective Admissions and Acute Arranged Admissions).  Excludes Greenlane Clinical Centre and other Offsite Hospitals/Facilities.  Includes patients with a Visit Type of 'Inpatient' (ie excludes Ambulatory patients in ED, Intended Day Patients, Psychiatric Patients, Residential, Respite, Short Stay, Ward Review).\",\"textStyle\":{\"fontSize\":\"8pt\",\"color\":\"#000000\"}}]},{\"textRuns\":[{\"value\":\"Net Inpatient Flow \",\"textStyle\":{\"fontWeight\":\"bold\",\"fontSize\":\"8pt\",\"color\":\"#444444\"}},{\"value\":\"- Difference between admissions and discharges in the last 24 hours.  Excludes 'Seen Not Admitted' in ED and Ward Reviews.\",\"textStyle\":{\"fontSize\":\"8pt\",\"color\":\"#444444\"}}]},{\"textRuns\":[{\"value\":\"Extended LOS > 14 days\",\"textStyle\":{\"fontWeight\":\"bold\",\"fontSize\":\"8pt\"}},{\"value\":\" - Patients currently in hospital where the length of stay is over 14 days.  Excludes ward leave.\",\"textStyle\":{\"fontSize\":\"8pt\"}}]},{\"textRuns\":[{\"value\":\"RTG >= 24 hours\",\"textStyle\":{\"fontWeight\":\"bold\",\"fontSize\":\"8pt\",\"color\":\"#444444\"}},{\"value\":\" - Patients currently in hospital that have a RTG status however delayed for 24 hours or longer.  Excludes the following wards (Mental Health and Children):  '1-MSCL','23B','23BDSU','24A','24b','25','26A','26B','2-MSL','31CHLD','31DSU','31MED','31Surg','A','B','BRC','C','CED','CEDTRG','CFUO','PICU','S2WD','S2ICU'.  Note that the RTG report link to ADT51 features all patients that have a RTG delay regardless of how long the delay is.\",\"textStyle\":{\"fontSize\":\"8pt\",\"color\":\"#444444\"}}]},{\"textRuns\":[{\"value\":\"Critical Supplies \",\"textStyle\":{\"fontWeight\":\"bold\",\"fontSize\":\"8pt\",\"color\":\"#444444\"}},{\"value\":\"- Items with less that 10 days cover that meet the criteria to be included in the Current PPE Stocks Daily spreadsheet circulated by Health Source.\",\"textStyle\":{\"fontSize\":\"8pt\",\"color\":\"#444444\"}}]},{\"textRuns\":[{\"value\":\"\"}]},{\"textRuns\":[{\"value\":\"HR Leave data:\",\"textStyle\":{\"fontWeight\":\"bold\",\"fontSize\":\"8pt\"}}]},{\"textRuns\":[{\"value\":\"Excludes RMO leave.\",\"textStyle\":{\"fontSize\":\"8pt\"}}]},{\"textRuns\":[{\"value\":\"Includes all unplanned leave (including sick leave) that has been submitted (but not necessarily approved).\",\"textStyle\":{\"fontSize\":\"8pt\"}}]},{\"textRuns\":[{\"value\":\"Includes all planned leave that has been approved.\",\"textStyle\":{\"fontSize\":\"8pt\"}}]},{\"textRuns\":[{\"value\":\"Excludes Account Group of ‘On Parental Leave’, 'Leave without Pay'.\",\"textStyle\":{\"fontSize\":\"8pt\"}}]},{\"textRuns\":[{\"value\":\"Directorates rolled up into the ‘Other’ category are as follows: Adult Health Research, Cancer & Blood Research, Cardiac Research, Children's Research, Maori & Pacific Health Research, Mental Health Research, Operations & Clinical Support Research, Planning & Funding Research, \",\"textStyle\":{\"fontSize\":\"8pt\"}},{\"value\":\"ACH Others, AHF, AHREF, ADHB Elimination, Consolidation and Elimination, DHB Funds, Governance and Funding Administration, Public Health.\",\"textStyle\":{\"fontSize\":\"8pt\",\"color\":\"black\"}}]},{\"textRuns\":[{\"value\":\"The HR data is refreshed 3 times a day.\",\"textStyle\":{\"fontSize\":\"8pt\"}}]},{\"textRuns\":[{\"value\":\"\"}]}]}}]}}}",
          "filters": "[]",
          "height": 602.16,
          "width": 1270.41,
          "x": 9.59,
          "y": 63.95,
          "z": 1000.00
        },
        {
          "config": "{\"name\":\"d9955fd87c1a37d194c0\",\"layouts\":[{\"id\":0,\"position\":{\"x\":0,\"y\":684.1554321966694,\"z\":2000,\"width\":1090.182394924663,\"height\":35.52735923869945}}],\"singleVisual\":{\"visualType\":\"textbox\",\"drillFilterOtherVisuals\":true,\"objects\":{\"general\":[{\"properties\":{\"paragraphs\":[{\"textRuns\":[{\"value\":\"Confidential: This dataset may contain National Health Information (NHI).  The user is responsible for taking measures to protect sensitive data and personal information.  This document is for ADHB internal use only.\",\"textStyle\":{\"fontSize\":\"8pt\"}}]}]}}]},\"vcObjects\":{\"background\":[{\"properties\":{\"show\":{\"expr\":{\"Literal\":{\"Value\":\"false\"}}}}}]}}}",
          "filters": "[]",
          "height": 35.53,
          "width": 1090.18,
          "x": 0.00,
          "y": 684.16,
          "z": 2000.00
        },
        {
          "config": "{\"name\":\"e64ee1799921a1c3011a\",\"layouts\":[{\"id\":0,\"position\":{\"x\":90.34220532319391,\"y\":52.92775665399239,\"z\":3001,\"width\":962.7376425855513,\"height\":29.201520912547526,\"tabOrder\":1}}],\"singleVisual\":{\"visualType\":\"textbox\",\"drillFilterOtherVisuals\":true,\"objects\":{\"general\":[{\"properties\":{\"paragraphs\":[{\"textRuns\":[{\"value\":\"This  report was decommissioned and will be removed in Oct 2023. If you have questions, please send an email to AskHIT.\",\"textStyle\":{\"fontWeight\":\"bold\",\"fontSize\":\"10pt\",\"color\":\"#d64550\"}}]}]}}]}}}",
          "filters": "[]",
          "height": 29.20,
          "width": 962.74,
          "x": 90.34,
          "y": 52.93,
          "z": 3001.00
        }
      ],
      "width": 1280.00
    },
    {
      "config": "{\"objects\":{\"background\":[{\"properties\":{\"image\":{\"image\":{\"name\":{\"expr\":{\"Literal\":{\"Value\":\"'background 2.PNG'\"}}},\"url\":{\"expr\":{\"ResourcePackageItem\":{\"PackageName\":\"RegisteredResources\",\"PackageType\":1,\"ItemName\":\"background_2166232996824486.PNG\"}}},\"scaling\":{\"expr\":{\"Literal\":{\"Value\":\"'Normal'\"}}}}},\"transparency\":{\"expr\":{\"Literal\":{\"Value\":\"0D\"}}}}}]},\"visibility\":1}",
      "displayName": "Release Notes",
      "displayOption": 1,
      "filters": "[]",
      "height": 720.00,
      "name": "ReportSectionec28c105ba6812083209",
      "ordinal": 1,
      "visualContainers": [
        {
          "config": "{\"name\":\"03e9dffebe5768820008\",\"layouts\":[{\"id\":0,\"position\":{\"x\":9.72644376899696,\"y\":60.30395136778116,\"z\":0,\"width\":1183.7082066869302,\"height\":563.161094224924}}],\"singleVisual\":{\"visualType\":\"textbox\",\"drillFilterOtherVisuals\":true,\"objects\":{\"general\":[{\"properties\":{\"paragraphs\":[{\"textRuns\":[{\"value\":\"Date                                                      Description of Enhancement                                                                                        Author\",\"textStyle\":{\"textDecoration\":\"underline\"}}]},{\"textRuns\":[{\"value\":\"14 Feb 2022                                         Initial Dataset                                                                                                    Janesa Ramirez\"}]},{\"textRuns\":[{\"value\":\"4 Mar 2022                                           Added HR data                                                                                                 Janesa Ramirez\"}]},{\"textRuns\":[{\"value\":\"23 Aug 2022                                         Limited data to 2 months only to fix refresh timeout                                      Janesa Ramirez\"}]},{\"textRuns\":[{\"value\":\"19 Oct 2022                                          Update Event date range and DST adjustment                                               Janesa Ramirez                                                                   \"}]}]}}]}}}",
          "filters": "[]",
          "height": 563.16,
          "width": 1183.71,
          "x": 9.73,
          "y": 60.30,
          "z": 0.00
        }
      ],
      "width": 1280.00
    }
  ],
  "theme": "ADHB_Template39759223763621065.json"
}