{
	"name": "z-adhb-dw-adf-ae-dv",
	"properties": {
		"globalParameters": {
			"GPKeyVaultURL": {
				"type": "string",
				"value": "https://zadhbcdpkvaedev.vault.azure.net/"
			},
			"GPCDPADLSUrl": {
				"type": "string",
				"value": "https://adhbhierarchical.dfs.core.windows.net"
			},
			"LogicAppAPI": {
				"type": "string",
				"value": "https://prod-03.australiasoutheast.logic.azure.com:443/workflows/321c3fed57ed4d2280b3e746b7ef4fb0/triggers/manual/paths/invoke?api-version=2016-10-01&sp=%2Ftriggers%2Fmanual%2Frun&sv=1.0&sig=Bk4g1uuihDsGZ5_0qY8MNb4xcmFYjE7OfNTsb4zpqqk"
			}
		}
	},
	"location": "australiaeast"
}