{
  "config": "{\"version\":\"5.37\",\"themeCollection\":{\"baseTheme\":{\"name\":\"CY21SU07\",\"version\":\"5.26\",\"type\":2}},\"activeSectionIndex\":0,\"defaultDrillFilterOtherVisuals\":true,\"slowDataSourceSettings\":{\"isCrossHighlightingDisabled\":false,\"isSlicerSelectionsButtonEnabled\":false,\"isFilterSelectionsButtonEnabled\":false,\"isFieldWellButtonEnabled\":false,\"isApplyAllButtonEnabled\":false},\"linguisticSchemaSyncVersion\":2,\"settings\":{\"useNewFilterPaneExperience\":true,\"allowChangeFilterTypes\":true,\"useStylableVisualContainerHeader\":true,\"exportDataMode\":1},\"objects\":{\"section\":[{\"properties\":{\"verticalAlignment\":{\"expr\":{\"Literal\":{\"Value\":\"'Top'\"}}}}}]}}",
  "filters": "[{\"name\":\"Filterabfc6cb054634994e46a\",\"expression\":{\"Column\":{\"Expression\":{\"SourceRef\":{\"Entity\":\"Query1\"}},\"Property\":\"RepeatTestGroup\"}},\"filter\":{\"Version\":2,\"From\":[{\"Name\":\"q\",\"Entity\":\"Query1\",\"Type\":0}],\"Where\":[{\"Condition\":{\"Not\":{\"Expression\":{\"In\":{\"Expressions\":[{\"Column\":{\"Expression\":{\"SourceRef\":{\"Source\":\"q\"}},\"Property\":\"RepeatTestGroup\"}}],\"Values\":[[{\"Literal\":{\"Value\":\"'SARS-CoV-2 (8429)'\"}}]]}}}}}]},\"type\":\"Categorical\",\"howCreated\":1,\"objects\":{\"general\":[{\"properties\":{\"isInvertedSelectionMode\":{\"expr\":{\"Literal\":{\"Value\":\"true\"}}}}}]}}]",
  "layoutOptimization": 0,
  "resourcePackages": [
    {
      "resourcePackage": {
        "disabled": false,
        "items": [
          {
            "name": "CY21SU07",
            "path": "BaseThemes/CY21SU07.json",
            "type": 202
          }
        ],
        "name": "SharedResources",
        "type": 2
      }
    }
  ],
  "sections": [
    {
      "config": "{}",
      "displayName": "Release Notes",
      "displayOption": 1,
      "filters": "[]",
      "height": 720.00,
      "name": "ReportSection",
      "visualContainers": [
        {
          "config": "{\"name\":\"7648de0adcbebe247c71\",\"layouts\":[{\"id\":0,\"position\":{\"x\":0,\"y\":45.67882079131109,\"z\":1,\"width\":836.1210240496508,\"height\":33.76260667183863,\"tabOrder\":1}}],\"singleVisual\":{\"visualType\":\"textbox\",\"drillFilterOtherVisuals\":true,\"objects\":{\"general\":[{\"properties\":{\"paragraphs\":[{\"textRuns\":[{\"value\":\"This report was decommissioned and will be removed in Oct 2023. If you have questions, please send an email to AskHIT.\",\"textStyle\":{\"fontWeight\":\"bold\",\"color\":\"#d64550\"}}]}]}}]}}}",
          "filters": "[]",
          "height": 33.76,
          "width": 836.12,
          "x": 0.00,
          "y": 45.68,
          "z": 1.00
        },
        {
          "config": "{\"name\":\"784ac0107ea4a0d4e37b\",\"layouts\":[{\"id\":0,\"position\":{\"x\":9.487870619946092,\"y\":0,\"z\":0,\"width\":1270.512129380054,\"height\":720.2156334231805}}],\"singleVisual\":{\"visualType\":\"textbox\",\"drillFilterOtherVisuals\":true,\"objects\":{\"general\":[{\"properties\":{\"paragraphs\":[{\"textRuns\":[{\"value\":\"Release Notes\",\"textStyle\":{\"fontSize\":\"24pt\"}}],\"horizontalTextAlignment\":\"center\"},{\"textRuns\":[{\"value\":\"\"}]},{\"textRuns\":[{\"value\":\"\"}]},{\"textRuns\":[{\"value\":\"\"}]},{\"textRuns\":[{\"value\":\"/***********************************************************************************************************************************\"}]},{\"textRuns\":[{\"value\":\"History Section\"}]},{\"textRuns\":[{\"value\":\"************************************************************************************************************************************\"}]},{\"textRuns\":[{\"value\":\"Purpose\\t\\t: \"}]},{\"textRuns\":[{\"value\":\"\"}]},{\"textRuns\":[{\"value\":\"Environment\\t: Titan.\"}]},{\"textRuns\":[{\"value\":\"\"}]},{\"textRuns\":[{\"value\":\"Created By\\t\\t           Date\\t\\t          V\\t                    Requested By\\t\\t\\t\\t\\t\\t\\t\\t\\t\\t\"},{\"value\":\"Description                        \",\"textStyle\":{\"fontSize\":\"13.3333px\"}}]},{\"textRuns\":[{\"value\":\"Vatika Aggarwal\\t\\t11/05/2021\\t      1\\t                    Glen Devenie & Faith Taylor\\t\\t\\t\\tCREATED\"}]},{\"textRuns\":[{\"value\":\"Sunil Reddy              09/05/2022       2                        Faith Taylor & Glen Devenie\\t\\t\\t\\tModified to incremental refresh\"}]},{\"textRuns\":[{\"value\":\"\"}]},{\"textRuns\":[{\"value\":\"*************************************************************************************************************************************/\"}]},{\"textRuns\":[{\"value\":\"\"}]}]}}]}}}",
          "filters": "[]",
          "height": 720.22,
          "width": 1270.51,
          "x": 9.49,
          "y": 0.00,
          "z": 0.00
        }
      ],
      "width": 1280.00
    }
  ]
}