{
  "config": "{\"version\":\"5.26\",\"themeCollection\":{\"baseTheme\":{\"name\":\"CY21SU04\",\"version\":\"5.21\",\"type\":2}},\"activeSectionIndex\":0,\"defaultDrillFilterOtherVisuals\":true,\"linguisticSchemaSyncVersion\":2,\"settings\":{\"useNewFilterPaneExperience\":true,\"allowChangeFilterTypes\":true,\"useStylableVisualContainerHeader\":true,\"exportDataMode\":1},\"objects\":{\"section\":[{\"properties\":{\"verticalAlignment\":{\"expr\":{\"Literal\":{\"Value\":\"'Top'\"}}}}}]}}",
  "layoutOptimization": 0,
  "resourcePackages": [],
  "sections": [
    {
      "config": "{}",
      "displayName": "Scorecard",
      "displayOption": 1,
      "filters": "[]",
      "height": 720.00,
      "name": "ReportSection",
      "visualContainers": [
        {
          "config": "{\"name\":\"9c81f0d05b4df45c85aa\",\"layouts\":[{\"id\":0,\"position\":{\"x\":0,\"y\":0,\"z\":0,\"width\":1280,\"height\":720}}],\"singleVisual\":{\"visualType\":\"scorecard\",\"drillFilterOtherVisuals\":true,\"objects\":{\"scorecard\":[{\"properties\":{\"groupId\":{\"expr\":{\"Literal\":{\"Value\":\"'12787a72-eb07-4fb2-b8df-b59912c1633d'\"}}},\"scorecardId\":{\"expr\":{\"Literal\":{\"Value\":\"'120adf73-abdb-4563-809f-84b29b78794d'\"}}}}}]}}}",
          "filters": "[]",
          "height": 720.00,
          "width": 1280.00,
          "x": 0.00,
          "y": 0.00,
          "z": 0.00
        }
      ],
      "width": 1280.00
    }
  ]
}