{
	"name": "IOC_TeamsNotification",
	"properties": {
		"activities": [
			{
				"name": "Web1",
				"type": "WebActivity",
				"dependsOn": [
					{
						"activity": "message",
						"dependencyConditions": [
							"Succeeded"
						]
					}
				],
				"policy": {
					"timeout": "0.12:00:00",
					"retry": 0,
					"retryIntervalInSeconds": 30,
					"secureOutput": false,
					"secureInput": false
				},
				"userProperties": [],
				"typeProperties": {
					"method": "POST",
					"headers": {
						"Content-Type": "application/json"
					},
					"url": {
						"value": "@pipeline().parameters.pTeamsWebURL",
						"type": "Expression"
					},
					"body": {
						"value": "@json(variables('message'))",
						"type": "Expression"
					}
				}
			},
			{
				"name": "message",
				"type": "SetVariable",
				"dependsOn": [],
				"policy": {
					"secureOutput": false,
					"secureInput": false
				},
				"userProperties": [],
				"typeProperties": {
					"variableName": "message",
					"value": {
						"value": "@String(pipeline().parameters.pMessage)",
						"type": "Expression"
					}
				}
			}
		],
		"parameters": {
			"pTeamsWebURL": {
				"type": "string",
				"defaultValue": "https://northernregion.webhook.office.com/webhookb2/ed508b4f-99bd-4227-ad5a-3c03a2a5e69c@494a2d87-24b5-42d8-8a3d-77448be1d46f/IncomingWebhook/cfc343ff2cab42cb899937380ad11275/0b1a6ecf-10f8-4599-8e86-1f9e3d6e1e4f"
			},
			"pMessage": {
				"type": "object",
				"defaultValue": {
					"@type": "MessageCard",
					"themeColor": "0076D7",
					"summary": "IOC Failure",
					"title": "IOC Status Message",
					"sections": [
						{
							"text": "IOC Refresh has Failed!"
						}
					]
				}
			}
		},
		"variables": {
			"message": {
				"type": "String"
			}
		},
		"folder": {
			"name": "IOC"
		},
		"annotations": []
	}
}