{
	"name": "IOC_PBI_DatasetRefresh",
	"properties": {
		"activities": [
			{
				"name": "Execute_SP1",
				"type": "SqlServerStoredProcedure",
				"dependsOn": [],
				"policy": {
					"timeout": "0.00:10:00",
					"retry": 0,
					"retryIntervalInSeconds": 30,
					"secureOutput": false,
					"secureInput": false
				},
				"userProperties": [],
				"typeProperties": {
					"storedProcedureName": "[dbo].[sp_materialise_IOCViews_1]"
				},
				"linkedServiceName": {
					"referenceName": "LS_MSSQL_OnPrem",
					"type": "LinkedServiceReference",
					"parameters": {
						"ServerName": {
							"value": "@pipeline().globalParameters.GPHeliosServerName",
							"type": "Expression"
						},
						"DatabaseName": {
							"value": "@pipeline().globalParameters.GPIOCDB",
							"type": "Expression"
						},
						"SecretName": {
							"value": "@pipeline().globalParameters.GPHeliosSVCAccountSecret",
							"type": "Expression"
						}
					}
				}
			},
			{
				"name": "Execute_SP2",
				"type": "SqlServerStoredProcedure",
				"dependsOn": [
					{
						"activity": "Execute_SP1",
						"dependencyConditions": [
							"Completed"
						]
					}
				],
				"policy": {
					"timeout": "0.00:10:00",
					"retry": 0,
					"retryIntervalInSeconds": 30,
					"secureOutput": false,
					"secureInput": false
				},
				"userProperties": [],
				"typeProperties": {
					"storedProcedureName": "[dbo].[sp_materialise_IOCViews_2]"
				},
				"linkedServiceName": {
					"referenceName": "LS_MSSQL_OnPrem",
					"type": "LinkedServiceReference",
					"parameters": {
						"ServerName": {
							"value": "@pipeline().globalParameters.GPHeliosServerName",
							"type": "Expression"
						},
						"DatabaseName": {
							"value": "@pipeline().globalParameters.GPIOCDB",
							"type": "Expression"
						},
						"SecretName": {
							"value": "@pipeline().globalParameters.GPHeliosSVCAccountSecret",
							"type": "Expression"
						}
					}
				}
			},
			{
				"name": "Execute_SP3",
				"type": "SqlServerStoredProcedure",
				"dependsOn": [
					{
						"activity": "Execute_SP2",
						"dependencyConditions": [
							"Completed"
						]
					}
				],
				"policy": {
					"timeout": "0.00:10:00",
					"retry": 0,
					"retryIntervalInSeconds": 30,
					"secureOutput": false,
					"secureInput": false
				},
				"userProperties": [],
				"typeProperties": {
					"storedProcedureName": "[dbo].[sp_materialise_IOCViews_3]"
				},
				"linkedServiceName": {
					"referenceName": "LS_MSSQL_OnPrem",
					"type": "LinkedServiceReference",
					"parameters": {
						"ServerName": {
							"value": "@pipeline().globalParameters.GPHeliosServerName",
							"type": "Expression"
						},
						"DatabaseName": {
							"value": "@pipeline().globalParameters.GPIOCDB",
							"type": "Expression"
						},
						"SecretName": {
							"value": "@pipeline().globalParameters.GPHeliosSVCAccountSecret",
							"type": "Expression"
						}
					}
				}
			},
			{
				"name": "Refresh_PBIDataset",
				"type": "WebActivity",
				"dependsOn": [
					{
						"activity": "Execute_SP3",
						"dependencyConditions": [
							"Completed"
						]
					}
				],
				"policy": {
					"timeout": "0.12:00:00",
					"retry": 0,
					"retryIntervalInSeconds": 30,
					"secureOutput": false,
					"secureInput": false
				},
				"userProperties": [],
				"typeProperties": {
					"method": "POST",
					"url": {
						"value": "@pipeline().globalParameters.GPIOCLogicAppDatasetRefresh",
						"type": "Expression"
					},
					"body": {
						"test": "test"
					}
				}
			},
			{
				"name": "Create Trigger File",
				"type": "ExecutePipeline",
				"dependsOn": [
					{
						"activity": "Refresh_PBIDataset",
						"dependencyConditions": [
							"Succeeded"
						]
					}
				],
				"policy": {
					"secureInput": false
				},
				"userProperties": [],
				"typeProperties": {
					"pipeline": {
						"referenceName": "PL_Trigger_Generic",
						"type": "PipelineReference"
					},
					"waitOnCompletion": true,
					"parameters": {
						"PContainerName": {
							"value": "bronze",
							"type": "Expression"
						},
						"PSourceFolderPath": {
							"value": "Trigger/",
							"type": "Expression"
						},
						"PSourceFileName": {
							"value": "Template.json",
							"type": "Expression"
						},
						"PTargetFolderPath": {
							"value": "Trigger/IOC_DatasetRefresh/",
							"type": "Expression"
						},
						"PTargetFileName": {
							"value": "IOC_DatasetRefresh_Trigger.json",
							"type": "Expression"
						},
						"PStorageAccount": {
							"value": "@pipeline().globalParameters.GPCDPADLSUrl",
							"type": "Expression"
						},
						"PStorageAccountSecret": {
							"value": "adlscdpaccountkey",
							"type": "Expression"
						}
					}
				}
			},
			{
				"name": "Execute Pipeline1",
				"type": "ExecutePipeline",
				"dependsOn": [
					{
						"activity": "Refresh_PBIDataset",
						"dependencyConditions": [
							"Failed"
						]
					}
				],
				"policy": {
					"secureInput": false
				},
				"userProperties": [],
				"typeProperties": {
					"pipeline": {
						"referenceName": "IOC_TeamsNotification",
						"type": "PipelineReference"
					},
					"waitOnCompletion": true,
					"parameters": {
						"pTeamsWebURL": "https://northernregion.webhook.office.com/webhookb2/ed508b4f-99bd-4227-ad5a-3c03a2a5e69c@494a2d87-24b5-42d8-8a3d-77448be1d46f/IncomingWebhook/cfc343ff2cab42cb899937380ad11275/0b1a6ecf-10f8-4599-8e86-1f9e3d6e1e4f",
						"pMessage": "{\"@type\":\"MessageCard\",\"themeColor\":\"cd040b\",\"summary\":\"IOC Dataset\",\"title\":\"IOC Status Message - Dataset Refresh Failure\",\"sections\":[{\"text\":\"IOC PBI Dataset Refresh has Failed!\"}]}"
					}
				}
			},
			{
				"name": "Send Teams Notification",
				"type": "ExecutePipeline",
				"dependsOn": [
					{
						"activity": "Execute_SP1",
						"dependencyConditions": [
							"Failed"
						]
					}
				],
				"policy": {
					"secureInput": false
				},
				"userProperties": [],
				"typeProperties": {
					"pipeline": {
						"referenceName": "IOC_TeamsNotification",
						"type": "PipelineReference"
					},
					"waitOnCompletion": true,
					"parameters": {
						"pTeamsWebURL": "https://northernregion.webhook.office.com/webhookb2/ed508b4f-99bd-4227-ad5a-3c03a2a5e69c@494a2d87-24b5-42d8-8a3d-77448be1d46f/IncomingWebhook/cfc343ff2cab42cb899937380ad11275/0b1a6ecf-10f8-4599-8e86-1f9e3d6e1e4f",
						"pMessage": "{\"@type\":\"MessageCard\",\"themeColor\":\"cd040b\",\"summary\":\"Stored Proc execution failure\",\"title\":\"IOC Status Message - Stored Proc execution Failure\",\"sections\":[{\"text\":\"Stored Proc [sp_materialise_IOCViews_1] has Failed!\"}]}"
					}
				}
			},
			{
				"name": "Send Teams Notification2",
				"type": "ExecutePipeline",
				"dependsOn": [
					{
						"activity": "Execute_SP2",
						"dependencyConditions": [
							"Failed"
						]
					}
				],
				"policy": {
					"secureInput": false
				},
				"userProperties": [],
				"typeProperties": {
					"pipeline": {
						"referenceName": "IOC_TeamsNotification",
						"type": "PipelineReference"
					},
					"waitOnCompletion": true,
					"parameters": {
						"pTeamsWebURL": "https://northernregion.webhook.office.com/webhookb2/ed508b4f-99bd-4227-ad5a-3c03a2a5e69c@494a2d87-24b5-42d8-8a3d-77448be1d46f/IncomingWebhook/cfc343ff2cab42cb899937380ad11275/0b1a6ecf-10f8-4599-8e86-1f9e3d6e1e4f",
						"pMessage": "{\"@type\":\"MessageCard\",\"themeColor\":\"cd040b\",\"summary\":\"Stored Proc execution failure\",\"title\":\"IOC Status Message - Stored Proc execution Failure\",\"sections\":[{\"text\":\"Stored Proc [sp_materialise_IOCViews_2] has Failed!\"}]}"
					}
				}
			},
			{
				"name": "Send Teams Notification3",
				"type": "ExecutePipeline",
				"dependsOn": [
					{
						"activity": "Execute_SP3",
						"dependencyConditions": [
							"Failed"
						]
					}
				],
				"policy": {
					"secureInput": false
				},
				"userProperties": [],
				"typeProperties": {
					"pipeline": {
						"referenceName": "IOC_TeamsNotification",
						"type": "PipelineReference"
					},
					"waitOnCompletion": true,
					"parameters": {
						"pTeamsWebURL": "https://northernregion.webhook.office.com/webhookb2/ed508b4f-99bd-4227-ad5a-3c03a2a5e69c@494a2d87-24b5-42d8-8a3d-77448be1d46f/IncomingWebhook/cfc343ff2cab42cb899937380ad11275/0b1a6ecf-10f8-4599-8e86-1f9e3d6e1e4f",
						"pMessage": "{\"@type\":\"MessageCard\",\"themeColor\":\"cd040b\",\"summary\":\"Stored Proc execution failure\",\"title\":\"IOC Status Message - Stored Proc execution Failure\",\"sections\":[{\"text\":\"Stored Proc [sp_materialise_IOCViews_3] has Failed!\"}]}"
					}
				}
			}
		],
		"variables": {
			"message": {
				"type": "String"
			}
		},
		"folder": {
			"name": "IOC"
		},
		"annotations": []
	}
}