{
	"name": "IOC_PBI_DatasetRefresh_Check",
	"properties": {
		"description": "Checks the IOC PBI Dataset Refresh Status every x mins",
		"activities": [
			{
				"name": "Get LastModDT",
				"description": "Last Modified Datetime of the Trigger file",
				"type": "GetMetadata",
				"dependsOn": [
					{
						"activity": "Current DateTime",
						"dependencyConditions": [
							"Succeeded"
						]
					}
				],
				"policy": {
					"timeout": "0.12:00:00",
					"retry": 0,
					"retryIntervalInSeconds": 30,
					"secureOutput": false,
					"secureInput": false
				},
				"userProperties": [],
				"typeProperties": {
					"dataset": {
						"referenceName": "DS_ADLS_JSON_Generic",
						"type": "DatasetReference",
						"parameters": {
							"PContainerName": "bronze",
							"PFolderPath": "Trigger/IOC_DatasetRefresh/",
							"PFileName": "IOC_DatasetRefresh_Trigger.json",
							"PStorageAccount": {
								"value": "@pipeline().globalParameters.GPCDPADLSUrl",
								"type": "Expression"
							},
							"PStorageAccountSecretName": "adlscdpaccountkey"
						}
					},
					"fieldList": [
						"lastModified"
					],
					"storeSettings": {
						"type": "AzureBlobFSReadSettings",
						"enablePartitionDiscovery": false
					},
					"formatSettings": {
						"type": "JsonReadSettings"
					}
				}
			},
			{
				"name": "LastModifiedDT",
				"description": "Last Modified Datetime of the Trigger file",
				"type": "SetVariable",
				"dependsOn": [
					{
						"activity": "Get LastModDT",
						"dependencyConditions": [
							"Succeeded"
						]
					}
				],
				"policy": {
					"secureOutput": false,
					"secureInput": false
				},
				"userProperties": [],
				"typeProperties": {
					"variableName": "lastModifiedDT",
					"value": {
						"value": "@convertTimeZone(activity('Get LastModDT').output.lastModified, 'UTC', 'New Zealand Standard Time', 'yyyy-MM-ddTHH:mm:ss')",
						"type": "Expression"
					}
				}
			},
			{
				"name": "Current DateTime",
				"type": "SetVariable",
				"dependsOn": [],
				"policy": {
					"secureOutput": false,
					"secureInput": false
				},
				"userProperties": [],
				"typeProperties": {
					"variableName": "currDT",
					"value": {
						"value": "@convertFromUtc(utcnow(), 'New Zealand Standard Time')",
						"type": "Expression"
					}
				}
			},
			{
				"name": "LastModDT_Tick",
				"description": "Extracts the tick value (in nanoseconds)",
				"type": "SetVariable",
				"dependsOn": [
					{
						"activity": "CurrDT_Tick",
						"dependencyConditions": [
							"Succeeded"
						]
					}
				],
				"policy": {
					"secureOutput": false,
					"secureInput": false
				},
				"userProperties": [],
				"typeProperties": {
					"variableName": "LastModDTTick",
					"value": {
						"value": "@string(ticks(variables('lastModifiedDT'))) \n",
						"type": "Expression"
					}
				}
			},
			{
				"name": "CurrDT_Tick",
				"description": "Extracts the tick value (in nanoseconds)",
				"type": "SetVariable",
				"dependsOn": [
					{
						"activity": "LastModifiedDT",
						"dependencyConditions": [
							"Succeeded"
						]
					}
				],
				"policy": {
					"secureOutput": false,
					"secureInput": false
				},
				"userProperties": [],
				"typeProperties": {
					"variableName": "CurrDTTick",
					"value": {
						"value": "@string(ticks(variables('currDT')))",
						"type": "Expression"
					}
				}
			},
			{
				"name": "DateTime_Diff_Mins",
				"description": "Date time difference in Minutes between LastModifiedDateTime of the Trigger file and CurrentDateTime",
				"type": "SetVariable",
				"dependsOn": [
					{
						"activity": "LastModDT_Tick",
						"dependencyConditions": [
							"Succeeded"
						]
					}
				],
				"policy": {
					"secureOutput": false,
					"secureInput": false
				},
				"userProperties": [],
				"typeProperties": {
					"variableName": "DTdiffMins",
					"value": {
						"value": "@div(sub(int(variables('CurrDTTick')),int(variables('LastModDTTick'))),600000000)",
						"type": "Expression"
					}
				}
			},
			{
				"name": "Trigger_file_last_modified_datetime",
				"description": "Compare CurrentDatetime with LastModifiedDatetime of the Trigger file. If over 15 mins, then drop a new file to trigger re-execution so that a dataset cancel request is sent.",
				"type": "IfCondition",
				"dependsOn": [
					{
						"activity": "DateTime_Diff_Mins",
						"dependencyConditions": [
							"Succeeded"
						]
					}
				],
				"userProperties": [],
				"typeProperties": {
					"expression": {
						"value": "@greater(variables('DTdiffMins'), 15)",
						"type": "Expression"
					},
					"ifTrueActivities": [
						{
							"name": "Create Trigger File",
							"type": "ExecutePipeline",
							"dependsOn": [],
							"policy": {
								"secureInput": false
							},
							"userProperties": [],
							"typeProperties": {
								"pipeline": {
									"referenceName": "PL_Trigger_Generic",
									"type": "PipelineReference"
								},
								"waitOnCompletion": true,
								"parameters": {
									"PContainerName": {
										"value": "bronze",
										"type": "Expression"
									},
									"PSourceFolderPath": {
										"value": "Trigger/",
										"type": "Expression"
									},
									"PSourceFileName": {
										"value": "Template.json",
										"type": "Expression"
									},
									"PTargetFolderPath": {
										"value": "Trigger/IOC_DatasetRefresh/",
										"type": "Expression"
									},
									"PTargetFileName": {
										"value": "IOC_DatasetRefresh_Trigger.json",
										"type": "Expression"
									},
									"PStorageAccount": {
										"value": "@pipeline().globalParameters.GPCDPADLSUrl",
										"type": "Expression"
									},
									"PStorageAccountSecret": {
										"value": "adlscdpaccountkey",
										"type": "Expression"
									}
								}
							}
						},
						{
							"name": "IOC_TeamsNotification",
							"type": "ExecutePipeline",
							"dependsOn": [
								{
									"activity": "Create Trigger File",
									"dependencyConditions": [
										"Succeeded"
									]
								}
							],
							"policy": {
								"secureInput": false
							},
							"userProperties": [],
							"typeProperties": {
								"pipeline": {
									"referenceName": "IOC_TeamsNotification",
									"type": "PipelineReference"
								},
								"waitOnCompletion": true,
								"parameters": {
									"pMessage": "{\"@type\":\"MessageCard\",\"themeColor\":\"cd040b\",\"summary\":\"Dataset Refresh Overdue Warning\",\"title\":\"IOC Status Message - Dataset Refresh Overdue Warning\",\"sections\":[{\"text\":\"IOC Stored Procedures are being re-run or a Dataset Cancel Request is in Progress\"}]}"
								}
							}
						}
					]
				}
			}
		],
		"variables": {
			"lastModifiedDT": {
				"type": "String"
			},
			"currDT": {
				"type": "String"
			},
			"DTdiffMins": {
				"type": "Integer"
			},
			"LastModDTTick": {
				"type": "String"
			},
			"CurrDTTick": {
				"type": "String"
			}
		},
		"folder": {
			"name": "IOC"
		},
		"annotations": []
	}
}