{
	"name": "JSON_Get_Element_Primitive",
	"properties": {
		"activities": [
			{
				"name": "Get JSON Element From Object",
				"type": "SetVariable",
				"dependsOn": [],
				"policy": {
					"secureOutput": false,
					"secureInput": false
				},
				"userProperties": [],
				"typeProperties": {
					"variableName": "varElement",
					"value": {
						"value": "@pipeline().parameters.paramJSON['TableName']",
						"type": "Expression"
					}
				}
			},
			{
				"name": "AsString",
				"type": "SetVariable",
				"dependsOn": [],
				"policy": {
					"secureOutput": false,
					"secureInput": false
				},
				"userProperties": [],
				"typeProperties": {
					"variableName": "AsString",
					"value": {
						"value": "@string(pipeline().parameters.paramJSON)",
						"type": "Expression"
					}
				}
			},
			{
				"name": "Get JSON Element from String",
				"type": "SetVariable",
				"dependsOn": [
					{
						"activity": "AsString",
						"dependencyConditions": [
							"Succeeded"
						]
					}
				],
				"policy": {
					"secureOutput": false,
					"secureInput": false
				},
				"userProperties": [],
				"typeProperties": {
					"variableName": "varTableName",
					"value": {
						"value": "@json(variables('AsString')).SchemaName",
						"type": "Expression"
					}
				}
			},
			{
				"name": "Set variable2",
				"type": "SetVariable",
				"dependsOn": [],
				"policy": {
					"secureOutput": false,
					"secureInput": false
				},
				"userProperties": [],
				"typeProperties": {
					"variableName": "vThird",
					"value": {
						"value": "@json(variables('varJSON')).TableName",
						"type": "Expression"
					}
				}
			}
		],
		"parameters": {
			"paramJSON": {
				"type": "object",
				"defaultValue": {
					"FileName": "or_anaest_operation_20240904032509.parquet",
					"SchemaName": "SQLUser",
					"TableName": "or_anaest_operation",
					"TrakCareSource": "DM",
					"SourceSystem": "trakcare",
					"SourceQueryWhereClause": "where ANAOP_UpdateDate between",
					"WaterMarkValue": "2024-09-02",
					"FolderName": "trakcare",
					"GPManagedAZSQLServerName": "dev-cdp-sqlmi-ae-1.792150d6ca9e.database.windows.net",
					"IncrementalLoadFlag": "True",
					"WaterMarkQuery": "select top 1 ANAOP_UpdateDate as WaterMarkValue from SQLUser.OR_Anaest_Operation order by ANAOP_UpdateDate desc",
					"SourceQuery": "select * from sqluser.or_anaest_operation",
					"etlControlID": "1857",
					"StorageAccount": "https://devcdpadlsae1.dfs.core.windows.net/"
				}
			}
		},
		"variables": {
			"varElement": {
				"type": "String"
			},
			"varJSON": {
				"type": "String",
				"defaultValue": "{ \"FileName\":\"or_anaest_operation_20240904032509.parquet\", \"SchemaName\": \"SQLUser\", \"TableName\": \"or_anaest_operation\", \"TrakCareSource\": \"DM\", \"SourceSystem\": \"trakcare\", \"SourceQueryWhereClause\": \"where ANAOP_UpdateDate between\", \"WaterMarkValue\": \"2024-09-02\", \"FolderName\": \"trakcare\", \"GPManagedAZSQLServerName\": \"dev-cdp-sqlmi-ae-1.792150d6ca9e.database.windows.net\", \"IncrementalLoadFlag\": \"True\", \"WaterMarkQuery\": \"select top 1 ANAOP_UpdateDate as WaterMarkValue from SQLUser.OR_Anaest_Operation order by ANAOP_UpdateDate desc\", \"SourceQuery\": \"select * from sqluser.or_anaest_operation\", \"etlControlID\": \"1857\", \"StorageAccount\":\"https://devcdpadlsae1.dfs.core.windows.net/\" }"
			},
			"varTableName": {
				"type": "String"
			},
			"AsString": {
				"type": "String"
			},
			"vThird": {
				"type": "String"
			}
		},
		"folder": {
			"name": "TRAK"
		},
		"annotations": []
	}
}