{
	"name": "MPL_Load_MahieTaea_DL",
	"properties": {
		"description": "20231129 GS: Change to Settings in the \"Copy Report file\" components:\nMax DU Units: from  4 to 8\n--Degree of copy parallelism: from 4 to 8",
		"activities": [
			{
				"name": "Get API endpoints to invoke",
				"description": "Gets columns from etl.Control to populate API calls",
				"type": "Lookup",
				"dependsOn": [
					{
						"activity": "Token variable",
						"dependencyConditions": [
							"Succeeded"
						]
					}
				],
				"policy": {
					"timeout": "00.00:05:00",
					"retry": 0,
					"retryIntervalInSeconds": 30,
					"secureOutput": false,
					"secureInput": false
				},
				"userProperties": [],
				"typeProperties": {
					"source": {
						"type": "AzureSqlSource",
						"sqlReaderStoredProcedureName": "[etl].[MahieTaeaGetAPICalls]",
						"storedProcedureParameters": {
							"BatchType": {
								"type": "String",
								"value": {
									"value": "@pipeline().parameters.PBatchType",
									"type": "Expression"
								}
							}
						},
						"queryTimeout": "02:00:00",
						"partitionOption": "None"
					},
					"dataset": {
						"referenceName": "DS_AZSQL_TGT_Generic_Query",
						"type": "DatasetReference",
						"parameters": {
							"DatabaseName": "ADM_CONFIG",
							"KVConStrSecretName": "az-sql-mi-admin-password"
						}
					},
					"firstRowOnly": false
				}
			},
			{
				"name": "Request reports - Sequential",
				"description": "Post report requests to API and confirm report creation",
				"type": "ForEach",
				"dependsOn": [
					{
						"activity": "Get API endpoints to invoke",
						"dependencyConditions": [
							"Succeeded"
						]
					}
				],
				"userProperties": [],
				"typeProperties": {
					"items": {
						"value": "@activity('Get API endpoints to invoke').output.value",
						"type": "Expression"
					},
					"isSequential": true,
					"activities": [
						{
							"name": "POST report request",
							"description": "Post report request to API using etl.Control.SourceQuery as body ",
							"type": "WebActivity",
							"dependsOn": [
								{
									"activity": "Create logfile operation entry",
									"dependencyConditions": [
										"Succeeded"
									]
								}
							],
							"policy": {
								"timeout": "00.00:05:00",
								"retry": 1,
								"retryIntervalInSeconds": 30,
								"secureOutput": false,
								"secureInput": false
							},
							"userProperties": [
								{
									"name": "Report",
									"value": "@item().ADLSFileName"
								}
							],
							"typeProperties": {
								"url": {
									"value": "@concat(\nitem().SourceEntityPath\n,'v1/commons/exports/async'\n)",
									"type": "Expression"
								},
								"connectVia": {
									"referenceName": "SelfHostedIR",
									"type": "IntegrationRuntimeReference"
								},
								"method": "POST",
								"headers": {
									"content-type": "application/json",
									"appkey": {
										"value": "@variables('AppKey')",
										"type": "Expression"
									},
									"Authorization": {
										"value": "@variables('Token')",
										"type": "Expression"
									}
								},
								"body": {
									"value": "@string(item().SourceQuery)",
									"type": "Expression"
								},
								"turnOffAsync": true
							}
						},
						{
							"name": "Append ReportID",
							"description": "Capture ReportID to enable array data to be identified.",
							"type": "AppendVariable",
							"dependsOn": [
								{
									"activity": "POST report request",
									"dependencyConditions": [
										"Succeeded"
									]
								}
							],
							"userProperties": [
								{
									"name": "ReportID",
									"value": "@activity('POST report request').output.executionKey"
								}
							],
							"typeProperties": {
								"variableName": "ExecutionKey",
								"value": {
									"value": "@activity('POST report request').output.executionKey",
									"type": "Expression"
								}
							}
						},
						{
							"name": "Create logfile operation entry",
							"description": "Create logfile entry. Output from stored proc will enable file naming and logging.",
							"type": "Lookup",
							"dependsOn": [],
							"policy": {
								"timeout": "00.00:05:00",
								"retry": 0,
								"retryIntervalInSeconds": 30,
								"secureOutput": false,
								"secureInput": false
							},
							"userProperties": [
								{
									"name": "Report",
									"value": "@item().ADLSFileName"
								}
							],
							"typeProperties": {
								"source": {
									"type": "AzureSqlSource",
									"sqlReaderStoredProcedureName": "[etl].[CreateFileLog]",
									"storedProcedureParameters": {
										"ActivityID": {
											"type": "Guid",
											"value": {
												"value": "@pipeline().RunId",
												"type": "Expression"
											}
										},
										"BatchId": {
											"type": "Int32",
											"value": {
												"value": "@activity('Start Batch').output.firstRow.BatchID",
												"type": "Expression"
											}
										},
										"CopyDuration": {
											"type": "Decimal",
											"value": null
										},
										"DataBytesWrite": {
											"type": "Int64",
											"value": null
										},
										"ETLControlID": {
											"type": "Int32",
											"value": {
												"value": "@item().ETLControlId",
												"type": "Expression"
											}
										},
										"FileContainer": {
											"type": "String",
											"value": {
												"value": "@string(item().TargetTableSchemaName)",
												"type": "Expression"
											}
										},
										"FileName": {
											"type": "String",
											"value": {
												"value": "@string(item().ADLSFileName)",
												"type": "Expression"
											}
										},
										"FilePath": {
											"type": "String",
											"value": {
												"value": "@concat(\npipeline().parameters.PSourceSystem,'/',\nstring(item().SourceTableName),'/',\nconvertFromUtc(utcnow(), 'New Zealand Standard Time','yyyy'),\n'/',\nconvertFromUtc(utcnow(), 'New Zealand Standard Time','MM'),\n'/',\nconvertFromUtc(utcnow(), 'New Zealand Standard Time','dd')\n)",
												"type": "Expression"
											}
										},
										"HasProcessingErrors": {
											"type": "Boolean",
											"value": null
										},
										"IsLoadedInDW": {
											"type": "Boolean",
											"value": null
										},
										"LogFileID": {
											"type": "Int32",
											"value": null
										},
										"LogID": {
											"type": "Int32",
											"value": "1"
										},
										"PipelineId": {
											"type": "String",
											"value": {
												"value": "@pipeline().RunId",
												"type": "Expression"
											}
										},
										"ProcessErrorMessage": {
											"type": "String",
											"value": null
										},
										"TargetTableName": {
											"type": "String",
											"value": {
												"value": "@item().TargetTableName",
												"type": "Expression"
											}
										},
										"TargetTableSchemaName": {
											"type": "String",
											"value": "stage"
										}
									},
									"queryTimeout": "02:00:00",
									"partitionOption": "None"
								},
								"dataset": {
									"referenceName": "DS_AZSQL_Generic_Query",
									"type": "DatasetReference",
									"parameters": {
										"DatabaseName": "ADM_CONFIG",
										"KVConStrSecretName": "az-sql-mi-admin-password",
										"ServerName": {
											"value": "@pipeline().globalParameters.GPManagedAZSQLServerName",
											"type": "Expression"
										}
									}
								}
							}
						},
						{
							"name": "Update logfile with ReportID",
							"description": "Update logfile with ReportID so this can be used to pull FileName, FilePath, etc when copying files.",
							"type": "Script",
							"dependsOn": [
								{
									"activity": "Append ReportID",
									"dependencyConditions": [
										"Succeeded"
									]
								}
							],
							"policy": {
								"timeout": "00.00:05:00",
								"retry": 0,
								"retryIntervalInSeconds": 30,
								"secureOutput": false,
								"secureInput": false
							},
							"userProperties": [
								{
									"name": "ReportID",
									"value": "@activity('Create logfile operation entry').output.firstRow.LogFileID"
								}
							],
							"linkedServiceName": {
								"referenceName": "LS_AZSQL_CDP",
								"type": "LinkedServiceReference",
								"parameters": {
									"KVConStrSecretName": "az-sql-mi-admin-password",
									"DatabaseName": "ADM_CONFIg"
								}
							},
							"typeProperties": {
								"scripts": [
									{
										"type": "Query",
										"text": {
											"value": "@concat('UPDATE etl.LogFileOperation SET ReportID = '''\n,activity('POST report request').output.executionKey\n,''' WHERE LogFileID = '''\n,activity('Create logfile operation entry').output.firstRow.LogFileID\n,''''\n)\n\n",
											"type": "Expression"
										}
									}
								]
							}
						},
						{
							"name": "Exec PL_API_Response",
							"description": "Call PL_API_Response to determine report has been created",
							"type": "ExecutePipeline",
							"dependsOn": [
								{
									"activity": "Update logfile with ReportID",
									"dependencyConditions": [
										"Succeeded"
									]
								}
							],
							"userProperties": [
								{
									"name": "Report",
									"value": "@item().SourceTableName"
								}
							],
							"typeProperties": {
								"pipeline": {
									"referenceName": "PL_API_Response",
									"type": "PipelineReference"
								},
								"waitOnCompletion": true,
								"parameters": {
									"PSourceSystem": {
										"value": "@pipeline().parameters.PSourceSystem",
										"type": "Expression"
									},
									"PToken": {
										"value": "@variables('Token')",
										"type": "Expression"
									},
									"PReportId": {
										"value": "@activity('POST report request').output.executionKey",
										"type": "Expression"
									},
									"PAppKey": {
										"value": "@variables('AppKey')",
										"type": "Expression"
									}
								}
							}
						},
						{
							"name": "GET another access token",
							"description": "GET another access token. Will be used for next member of loop.",
							"type": "WebActivity",
							"dependsOn": [
								{
									"activity": "Exec PL_API_Response",
									"dependencyConditions": [
										"Succeeded"
									]
								}
							],
							"policy": {
								"timeout": "00.00:05:00",
								"retry": 0,
								"retryIntervalInSeconds": 30,
								"secureOutput": false,
								"secureInput": false
							},
							"userProperties": [],
							"typeProperties": {
								"url": {
									"value": "@concat(\nstring(pipeline().globalParameters.GPMahieTaeaBaseURL)\n,'authentication/access_token'\n)",
									"type": "Expression"
								},
								"method": "POST",
								"headers": {
									"Content-Type": "application/x-www-form-urlencoded",
									"appkey": {
										"value": "@variables('AppKey')",
										"type": "Expression"
									}
								},
								"body": {
									"value": "@string(json(string(activity('GET login from keyvault').output.value)).MahieTaeaLogin)",
									"type": "Expression"
								}
							}
						},
						{
							"name": "Reset Token variable",
							"description": "Reset the Token variable for the next member of the loop.",
							"type": "SetVariable",
							"dependsOn": [
								{
									"activity": "GET another access token",
									"dependencyConditions": [
										"Succeeded"
									]
								}
							],
							"policy": {
								"secureOutput": false,
								"secureInput": false
							},
							"userProperties": [],
							"typeProperties": {
								"variableName": "Token",
								"value": {
									"value": "@string(activity('GET another access token').output.access_token)",
									"type": "Expression"
								}
							}
						}
					]
				}
			},
			{
				"name": "Write trigger file",
				"description": "Create file to trigger movement of data into RDS.",
				"type": "Copy",
				"dependsOn": [
					{
						"activity": "Copy reports to ADLS - Parallel",
						"dependencyConditions": [
							"Completed"
						]
					}
				],
				"policy": {
					"timeout": "0.00:05:00",
					"retry": 0,
					"retryIntervalInSeconds": 30,
					"secureOutput": false,
					"secureInput": false
				},
				"userProperties": [
					{
						"name": "SourceSystem",
						"value": "@pipeline().parameters.PSourceSystem"
					}
				],
				"typeProperties": {
					"source": {
						"type": "JsonSource",
						"storeSettings": {
							"type": "AzureBlobFSReadSettings",
							"recursive": true,
							"enablePartitionDiscovery": false
						},
						"formatSettings": {
							"type": "JsonReadSettings"
						}
					},
					"sink": {
						"type": "JsonSink",
						"storeSettings": {
							"type": "AzureBlobFSWriteSettings"
						},
						"formatSettings": {
							"type": "JsonWriteSettings"
						}
					},
					"enableStaging": false,
					"dataIntegrationUnits": 2
				},
				"inputs": [
					{
						"referenceName": "DS_ADLS_JSON_Generic",
						"type": "DatasetReference",
						"parameters": {
							"PContainerName": {
								"value": "@pipeline().parameters.PTriggerContainerName",
								"type": "Expression"
							},
							"PFolderPath": {
								"value": "@pipeline().parameters.PTriggerSourcePath",
								"type": "Expression"
							},
							"PFileName": {
								"value": "@pipeline().parameters.PTriggerSourceFIleName",
								"type": "Expression"
							},
							"PStorageAccount": {
								"value": "@pipeline().globalParameters.GPCDPADLSUrl",
								"type": "Expression"
							},
							"PStorageAccountSecretName": "adlscdpaccountkey"
						}
					}
				],
				"outputs": [
					{
						"referenceName": "DS_ADLS_JSON_Generic",
						"type": "DatasetReference",
						"parameters": {
							"PContainerName": {
								"value": "@pipeline().parameters.PTriggerContainerName",
								"type": "Expression"
							},
							"PFolderPath": {
								"value": "@concat(pipeline().parameters.PTriggerSourcePath\n,'/'\n,convertFromUtc(utcnow(), 'New Zealand Standard Time','yyyy')\n,'/'\n,convertFromUtc(utcnow(), 'New Zealand Standard Time','MM')\n,'/'\n,convertFromUtc(utcnow(), 'New Zealand Standard Time','dd')\n,'/'\n)",
								"type": "Expression"
							},
							"PFileName": {
								"value": "@concat(formatDateTime(\nconvertTimeZone(utcnow(),'UTC','New Zealand Standard Time'),\n'HHmm')\n,'_'\n,'MahieTaeaTrigger_01.json')",
								"type": "Expression"
							},
							"PStorageAccount": {
								"value": "@pipeline().globalParameters.GPCDPADLSUrl",
								"type": "Expression"
							},
							"PStorageAccountSecretName": "adlscdpaccountkey"
						}
					}
				]
			},
			{
				"name": "GET access token",
				"description": "GET access token. Will be used to populate etl.Control.Token",
				"type": "WebActivity",
				"dependsOn": [
					{
						"activity": "AppKey variable",
						"dependencyConditions": [
							"Succeeded"
						]
					}
				],
				"policy": {
					"timeout": "00.00:05:00",
					"retry": 0,
					"retryIntervalInSeconds": 30,
					"secureOutput": false,
					"secureInput": false
				},
				"userProperties": [],
				"typeProperties": {
					"url": {
						"value": "@concat(\nstring(pipeline().globalParameters.GPMahieTaeaBaseURL)\n,'authentication/access_token'\n)",
						"type": "Expression"
					},
					"method": "POST",
					"headers": {
						"Content-Type": "application/x-www-form-urlencoded",
						"appkey": {
							"value": "@variables('AppKey')",
							"type": "Expression"
						}
					},
					"body": {
						"value": "@string(json(string(activity('GET login from keyvault').output.value)).MahieTaeaLogin)",
						"type": "Expression"
					}
				}
			},
			{
				"name": "GET login from keyvault",
				"description": "GET login from keyvault",
				"type": "WebActivity",
				"dependsOn": [
					{
						"activity": "Start Batch",
						"dependencyConditions": [
							"Succeeded"
						]
					}
				],
				"policy": {
					"timeout": "00.00:05:00",
					"retry": 0,
					"retryIntervalInSeconds": 30,
					"secureOutput": false,
					"secureInput": false
				},
				"userProperties": [],
				"typeProperties": {
					"url": {
						"value": "@concat(pipeline().globalParameters.GPKeyVaultURL,'secrets/',pipeline().parameters.PSecretName,'/?api-version=7.0')",
						"type": "Expression"
					},
					"method": "GET",
					"authentication": {
						"type": "MSI",
						"resource": "https://vault.azure.net"
					}
				}
			},
			{
				"name": "Start Batch",
				"description": "Comment",
				"type": "Lookup",
				"dependsOn": [],
				"policy": {
					"timeout": "00.00:05:00",
					"retry": 0,
					"retryIntervalInSeconds": 30,
					"secureOutput": false,
					"secureInput": false
				},
				"userProperties": [],
				"typeProperties": {
					"source": {
						"type": "AzureSqlSource",
						"sqlReaderStoredProcedureName": "[ETL].[CreateBatch]",
						"storedProcedureParameters": {
							"ParentBatchID": {
								"type": "Int32",
								"value": "0"
							},
							"ProcessName": {
								"type": "String",
								"value": {
									"value": "@pipeline().parameters.PProcessName",
									"type": "Expression"
								}
							}
						},
						"queryTimeout": "02:00:00",
						"partitionOption": "None"
					},
					"dataset": {
						"referenceName": "DS_AZSQL_TGT_Generic_Query",
						"type": "DatasetReference",
						"parameters": {
							"DatabaseName": "ADM_CONFIG",
							"KVConStrSecretName": "az-sql-mi-admin-password"
						}
					}
				}
			},
			{
				"name": "AppKey variable",
				"description": "Get AppKey from KeyVault ",
				"type": "SetVariable",
				"dependsOn": [
					{
						"activity": "GET login from keyvault",
						"dependencyConditions": [
							"Succeeded"
						]
					}
				],
				"policy": {
					"secureOutput": false,
					"secureInput": false
				},
				"userProperties": [],
				"typeProperties": {
					"variableName": "AppKey",
					"value": {
						"value": "@string(json(string(activity('GET login from keyvault').output.value)).appkey)",
						"type": "Expression"
					}
				}
			},
			{
				"name": "Copy reports to ADLS - Parallel",
				"description": "Copy reports created on API storage to ADLS then delete reports from source",
				"type": "ForEach",
				"dependsOn": [
					{
						"activity": "Lookup logfile entries",
						"dependencyConditions": [
							"Succeeded"
						]
					}
				],
				"userProperties": [],
				"typeProperties": {
					"items": {
						"value": "@activity('Lookup logfile entries').output.value",
						"type": "Expression"
					},
					"isSequential": false,
					"batchCount": 40,
					"activities": [
						{
							"name": "Copy report file",
							"description": "Copy csv output from API to ADLS",
							"type": "Copy",
							"dependsOn": [],
							"policy": {
								"timeout": "00.00:10:00",
								"retry": 0,
								"retryIntervalInSeconds": 30,
								"secureOutput": false,
								"secureInput": false
							},
							"userProperties": [
								{
									"name": "ReportID",
									"value": "@item().ReportID"
								}
							],
							"typeProperties": {
								"source": {
									"type": "DelimitedTextSource",
									"storeSettings": {
										"type": "HttpReadSettings",
										"requestMethod": "GET",
										"additionalHeaders": {
											"value": "@{concat('appkey:',variables('AppKey'),'\nAuthorization:',string(variables('Token'))\n)}",
											"type": "Expression"
										},
										"requestTimeout": ""
									},
									"formatSettings": {
										"type": "DelimitedTextReadSettings"
									}
								},
								"sink": {
									"type": "DelimitedTextSink",
									"storeSettings": {
										"type": "AzureBlobFSWriteSettings"
									},
									"formatSettings": {
										"type": "DelimitedTextWriteSettings",
										"quoteAllText": true,
										"fileExtension": ".txt"
									}
								},
								"enableStaging": false,
								"parallelCopies": 4,
								"enableSkipIncompatibleRow": true,
								"logSettings": {
									"enableCopyActivityLog": true,
									"copyActivityLogSettings": {
										"logLevel": "Warning",
										"enableReliableLogging": false
									},
									"logLocationSettings": {
										"linkedServiceName": {
											"referenceName": "LS_ADLS",
											"type": "LinkedServiceReference",
											"parameters": {
												"StorageAccountURL": {
													"value": "@pipeline().globalParameters.GPCDPADLSUrl",
													"type": "Expression"
												},
												"StorageAccountSecret": "adlscdpaccountkey"
											}
										},
										"path": {
											"value": "@concat(string(item().FileContainer),'/',\nstring(item().FilePath),'/'\n)",
											"type": "Expression"
										}
									}
								},
								"dataIntegrationUnits": 8
							},
							"inputs": [
								{
									"referenceName": "DS_CSV_MahieTaea",
									"type": "DatasetReference",
									"parameters": {
										"PRelativeURL": {
											"value": "@{concat(\n'v1/commons/exports/'\n,item().ReportID\n,'/file'\n)\n}",
											"type": "Expression"
										}
									}
								}
							],
							"outputs": [
								{
									"referenceName": "DS_ADLS_CSV_Generic",
									"type": "DatasetReference",
									"parameters": {
										"PContainerName": {
											"value": "@string(item().FileContainer)",
											"type": "Expression"
										},
										"PFolderPath": {
											"value": "@concat(\nstring(item().FilePath),'/'\n)",
											"type": "Expression"
										},
										"PFileName": {
											"value": "@string(item().FileName)",
											"type": "Expression"
										},
										"PStorageAccount": {
											"value": "@pipeline().globalParameters.GPCDPADLSUrl",
											"type": "Expression"
										},
										"PSecretName": "adlscdpaccountkey"
									}
								}
							]
						},
						{
							"name": "Log copy success",
							"description": "Update dataWritten and copyDuration columns to indicate copy succcess",
							"type": "SqlServerStoredProcedure",
							"dependsOn": [
								{
									"activity": "Copy report file",
									"dependencyConditions": [
										"Succeeded"
									]
								}
							],
							"policy": {
								"timeout": "00.00:05:00",
								"retry": 0,
								"retryIntervalInSeconds": 30,
								"secureOutput": false,
								"secureInput": false
							},
							"userProperties": [
								{
									"name": "Report",
									"value": "@item().FileName"
								}
							],
							"typeProperties": {
								"storedProcedureName": "[ETL].[UpdateLogFileOperation]",
								"storedProcedureParameters": {
									"CopyDuration": {
										"value": {
											"value": "@activity('Copy report file').output.copyDuration",
											"type": "Expression"
										},
										"type": "Decimal"
									},
									"DataBytesWrite": {
										"value": {
											"value": "@activity('Copy report file').output.dataWritten",
											"type": "Expression"
										},
										"type": "Int64"
									},
									"IsLoadedInDW": {
										"value": "false",
										"type": "Boolean"
									},
									"LogFileID": {
										"value": {
											"value": "@item().LogFileID",
											"type": "Expression"
										},
										"type": "Int32"
									},
									"ProcessErrorMessage": {
										"value": null,
										"type": "String"
									},
									"Status": {
										"value": "true",
										"type": "Boolean"
									},
									"TableName": {
										"value": null,
										"type": "String"
									},
									"TableSchema": {
										"value": null,
										"type": "String"
									},
									"UpdateDWStatus": {
										"value": "false",
										"type": "Boolean"
									},
									"UpdateLandingStatus": {
										"value": "false",
										"type": "Boolean"
									}
								}
							},
							"linkedServiceName": {
								"referenceName": "LS_AZSQL_CDP",
								"type": "LinkedServiceReference",
								"parameters": {
									"KVConStrSecretName": "az-sql-mi-admin-password",
									"DatabaseName": "ADM_CONFIg"
								}
							}
						},
						{
							"name": "Update watermark value",
							"description": "Update watermark value to reflect new date range",
							"type": "SqlServerStoredProcedure",
							"dependsOn": [
								{
									"activity": "Copy report file",
									"dependencyConditions": [
										"Succeeded"
									]
								}
							],
							"policy": {
								"timeout": "00.00:05:00",
								"retry": 0,
								"retryIntervalInSeconds": 30,
								"secureOutput": false,
								"secureInput": false
							},
							"userProperties": [
								{
									"name": "Report",
									"value": "@string(item().TargetTableName)"
								}
							],
							"typeProperties": {
								"storedProcedureName": "[etl].[MahieTaeaUpdateWaterMarkValue]",
								"storedProcedureParameters": {
									"ETLControlId": {
										"value": {
											"value": "@item().ETLControlID",
											"type": "Expression"
										},
										"type": "Int32"
									},
									"SourceSystem": {
										"value": {
											"value": "@pipeline().parameters.PSourceSystem",
											"type": "Expression"
										},
										"type": "String"
									},
									"WaterMarkQuery": {
										"value": {
											"value": "@string(item().WaterMarkQuery)",
											"type": "Expression"
										},
										"type": "String"
									}
								}
							},
							"linkedServiceName": {
								"referenceName": "LS_AZSQL_CDP",
								"type": "LinkedServiceReference",
								"parameters": {
									"KVConStrSecretName": "az-sql-mi-admin-password",
									"DatabaseName": "ADM_CONFIg"
								}
							}
						},
						{
							"name": "POST delete API report",
							"description": "Delete CSV report from API storage",
							"type": "WebActivity",
							"dependsOn": [
								{
									"activity": "Copy report file",
									"dependencyConditions": [
										"Succeeded"
									]
								}
							],
							"policy": {
								"timeout": "00.00:05:00",
								"retry": 0,
								"retryIntervalInSeconds": 30,
								"secureOutput": false,
								"secureInput": false
							},
							"userProperties": [
								{
									"name": "Report",
									"value": "@item().TargetTableName"
								}
							],
							"typeProperties": {
								"url": {
									"value": "@concat(\npipeline().globalParameters.GPMahieTaeaBaseURL\n,'v1/commons/exports/multi_delete'\n)",
									"type": "Expression"
								},
								"connectVia": {
									"referenceName": "SelfHostedIR",
									"type": "IntegrationRuntimeReference"
								},
								"method": "POST",
								"headers": {
									"Content-Type": "application/json",
									"appkey": {
										"value": "@variables('AppKey')",
										"type": "Expression"
									},
									"Authorization": {
										"value": "@string(variables('Token'))",
										"type": "Expression"
									}
								},
								"body": {
									"value": "@concat('{\n  \"ids\": ['\n,item().ReportID\n,'  ]\n}'\n)",
									"type": "Expression"
								}
							}
						},
						{
							"name": "Log copy failure",
							"description": "Update ProcessErrorMessage column to indicate copy failure",
							"type": "SqlServerStoredProcedure",
							"dependsOn": [
								{
									"activity": "Copy report file",
									"dependencyConditions": [
										"Failed"
									]
								}
							],
							"policy": {
								"timeout": "00.00:05:00",
								"retry": 0,
								"retryIntervalInSeconds": 30,
								"secureOutput": false,
								"secureInput": false
							},
							"userProperties": [
								{
									"name": "Report",
									"value": "@item().FileName"
								}
							],
							"typeProperties": {
								"storedProcedureName": "[ETL].[UpdateLogFileOperation]",
								"storedProcedureParameters": {
									"CopyDuration": {
										"value": null,
										"type": "Decimal"
									},
									"DataBytesWrite": {
										"value": null,
										"type": "Int64"
									},
									"IsLoadedInDW": {
										"value": "false",
										"type": "Boolean"
									},
									"LogFileID": {
										"value": {
											"value": "@item().LogFileID",
											"type": "Expression"
										},
										"type": "Int32"
									},
									"ProcessErrorMessage": {
										"value": {
											"value": "@string(array(activity('Copy report file').output.errors)[0])",
											"type": "Expression"
										},
										"type": "String"
									},
									"Status": {
										"value": "true",
										"type": "Boolean"
									},
									"TableName": {
										"value": null,
										"type": "String"
									},
									"TableSchema": {
										"value": null,
										"type": "String"
									},
									"UpdateDWStatus": {
										"value": "false",
										"type": "Boolean"
									},
									"UpdateLandingStatus": {
										"value": "false",
										"type": "Boolean"
									}
								}
							},
							"linkedServiceName": {
								"referenceName": "LS_AZSQL_CDP",
								"type": "LinkedServiceReference",
								"parameters": {
									"KVConStrSecretName": "az-sql-mi-admin-password",
									"DatabaseName": "ADM_CONFIg"
								}
							}
						}
					]
				}
			},
			{
				"name": "Token variable",
				"description": "Get AppKey from KeyVault ",
				"type": "SetVariable",
				"dependsOn": [
					{
						"activity": "GET access token",
						"dependencyConditions": [
							"Succeeded"
						]
					}
				],
				"policy": {
					"secureOutput": false,
					"secureInput": false
				},
				"userProperties": [],
				"typeProperties": {
					"variableName": "Token",
					"value": {
						"value": "@string(activity('GET access token').output.access_token)",
						"type": "Expression"
					}
				}
			},
			{
				"name": "Lookup logfile entries",
				"description": "Get details of completed report requests so these can be passed as an array to the Copy ForEach loop",
				"type": "Lookup",
				"dependsOn": [
					{
						"activity": "Request reports - Sequential",
						"dependencyConditions": [
							"Completed"
						]
					}
				],
				"policy": {
					"timeout": "0.00:05:00",
					"retry": 0,
					"retryIntervalInSeconds": 30,
					"secureOutput": false,
					"secureInput": false
				},
				"userProperties": [],
				"typeProperties": {
					"source": {
						"type": "AzureSqlSource",
						"sqlReaderStoredProcedureName": "[etl].[MahieTaeaGetLogfileEntries]",
						"storedProcedureParameters": {
							"PipelineId": {
								"type": "String",
								"value": {
									"value": "@pipeline().RunId",
									"type": "Expression"
								}
							},
							"ReportID": {
								"type": "Int32",
								"value": null
							}
						},
						"queryTimeout": "02:00:00",
						"partitionOption": "None"
					},
					"dataset": {
						"referenceName": "DS_AZSQL_TGT_Generic_Query",
						"type": "DatasetReference",
						"parameters": {
							"DatabaseName": "ADM_CONFIG",
							"KVConStrSecretName": "az-sql-mi-admin-password"
						}
					},
					"firstRowOnly": false
				}
			}
		],
		"parameters": {
			"PSourceSystem": {
				"type": "string",
				"defaultValue": "MahieTaea"
			},
			"PTriggerSourcePath": {
				"type": "string",
				"defaultValue": "MahieTaea/Trigger/Load_DL"
			},
			"PTriggerSourceFIleName": {
				"type": "string",
				"defaultValue": "Template.json"
			},
			"PTriggerContainerName": {
				"type": "string",
				"defaultValue": "bronze"
			},
			"PSecretName": {
				"type": "string",
				"defaultValue": "MahieTaeaLogin2"
			},
			"PProcessName": {
				"type": "string",
				"defaultValue": "MahieTaea data load"
			},
			"PBatchType": {
				"type": "string",
				"defaultValue": "Backfill"
			},
			"PAppKey": {
				"type": "string",
				"defaultValue": "MahieTaeaAppKey"
			}
		},
		"variables": {
			"ReportId": {
				"type": "String"
			},
			"FileName": {
				"type": "String"
			},
			"FilePath": {
				"type": "String"
			},
			"Control": {
				"type": "Array"
			},
			"ReportStatus": {
				"type": "String"
			},
			"AppKey": {
				"type": "String"
			},
			"ExecutionKey": {
				"type": "Array"
			},
			"LogFileID": {
				"type": "Array"
			},
			"Token": {
				"type": "String"
			}
		},
		"folder": {
			"name": "Load DL/MahieTaea"
		},
		"annotations": [],
		"lastPublishTime": "2022-10-06T04:07:01Z"
	},
	"type": "Microsoft.DataFactory/factories/pipelines"
}