{
	"name": "MPL_Load_Medirota",
	"properties": {
		"activities": [
			{
				"name": "Get Distinct BUs",
				"type": "Lookup",
				"dependsOn": [],
				"policy": {
					"timeout": "7.00:00:00",
					"retry": 0,
					"retryIntervalInSeconds": 30,
					"secureOutput": false,
					"secureInput": false
				},
				"userProperties": [],
				"typeProperties": {
					"source": {
						"type": "AzureSqlSource",
						"sqlReaderStoredProcedureName": "[ETL].[GetDistinctRotaBUs]",
						"storedProcedureParameters": {
							"SourceSystem": {
								"type": "String",
								"value": {
									"value": "@pipeline().parameters.PSourceSystem",
									"type": "Expression"
								}
							}
						},
						"queryTimeout": "02:00:00",
						"partitionOption": "None"
					},
					"dataset": {
						"referenceName": "DS_AZSQL_TGT_Generic_Query",
						"type": "DatasetReference",
						"parameters": {
							"DatabaseName": "ADM_CONFIG",
							"KVConStrSecretName": "az-sql-mi-admin-password"
						}
					},
					"firstRowOnly": false
				}
			},
			{
				"name": "ForEach BU",
				"type": "ForEach",
				"dependsOn": [
					{
						"activity": "Activate Cluster",
						"dependencyConditions": [
							"Completed"
						]
					}
				],
				"userProperties": [],
				"typeProperties": {
					"items": {
						"value": "@activity('Get Distinct BUs').output.value",
						"type": "Expression"
					},
					"isSequential": false,
					"batchCount": 40,
					"activities": [
						{
							"name": "Exec Within BU Loop",
							"type": "ExecutePipeline",
							"dependsOn": [],
							"userProperties": [],
							"typeProperties": {
								"pipeline": {
									"referenceName": "PL_Loop_Endpoints",
									"type": "PipelineReference"
								},
								"waitOnCompletion": true,
								"parameters": {
									"PDataEndPoint": {
										"value": "activity('Get EndPoint Details').output.value[0].EndPointInfo",
										"type": "Expression"
									},
									"PBusinessUnit": {
										"value": "@item().BusinessUnit",
										"type": "Expression"
									},
									"PToken": {
										"value": "WeLookUpTheTokenLaterDontNeedItHere",
										"type": "Expression"
									},
									"PTokenGeneratedTime": {
										"value": "2022-08-15 06:59:40.270",
										"type": "Expression"
									},
									"PKVSecretName": {
										"value": "@pipeline().parameters.PKVSecretName",
										"type": "Expression"
									},
									"PBatchType": {
										"value": "@pipeline().parameters.PBatchType",
										"type": "Expression"
									}
								}
							}
						}
					]
				}
			},
			{
				"name": "Get Distinct RotaEndPoints",
				"type": "Lookup",
				"dependsOn": [
					{
						"activity": "Start Batch",
						"dependencyConditions": [
							"Succeeded"
						]
					}
				],
				"policy": {
					"timeout": "7.00:00:00",
					"retry": 0,
					"retryIntervalInSeconds": 30,
					"secureOutput": false,
					"secureInput": false
				},
				"userProperties": [],
				"typeProperties": {
					"source": {
						"type": "AzureSqlSource",
						"sqlReaderStoredProcedureName": "[ETL].[GetDistinctRotaEndPoint]",
						"storedProcedureParameters": {
							"SourceSystem": {
								"type": "String",
								"value": {
									"value": "@pipeline().parameters.PSourceSystem",
									"type": "Expression"
								}
							},
							"BatchType": {
								"type": "String",
								"value": {
									"value": "@pipeline().parameters.PBatchType",
									"type": "Expression"
								}
							}
						},
						"queryTimeout": "00:10:00",
						"partitionOption": "None"
					},
					"dataset": {
						"referenceName": "DS_AZSQL_TGT_Generic_Query",
						"type": "DatasetReference",
						"parameters": {
							"DatabaseName": "ADM_CONFIG",
							"KVConStrSecretName": "az-sql-mi-admin-password"
						}
					},
					"firstRowOnly": false
				}
			},
			{
				"name": "ForEach Endpoint truncate raw",
				"type": "ForEach",
				"dependsOn": [
					{
						"activity": "Get Distinct RotaEndPoints",
						"dependencyConditions": [
							"Succeeded"
						]
					}
				],
				"userProperties": [],
				"typeProperties": {
					"items": {
						"value": "@activity('Get Distinct RotaEndPoints').output.value",
						"type": "Expression"
					},
					"batchCount": 40,
					"activities": [
						{
							"name": "Truncate Table",
							"description": "Truncate raw tables before loading",
							"type": "SqlServerStoredProcedure",
							"dependsOn": [],
							"policy": {
								"timeout": "7.00:00:00",
								"retry": 0,
								"retryIntervalInSeconds": 30,
								"secureOutput": false,
								"secureInput": false
							},
							"userProperties": [
								{
									"name": "Table Name",
									"value": "@concat(item().SourceTableSchemaName,'.',item().SourceTableName)"
								}
							],
							"typeProperties": {
								"storedProcedureName": "[ETL].[TruncateTables]",
								"storedProcedureParameters": {
									"TableName": {
										"value": {
											"value": "@concat(item().SourceTableSchemaName,'.',item().SourceTableName)",
											"type": "Expression"
										},
										"type": "String"
									}
								}
							},
							"linkedServiceName": {
								"referenceName": "LS_AZSQL_CDP",
								"type": "LinkedServiceReference",
								"parameters": {
									"KVConStrSecretName": "az-sql-mi-admin-password",
									"DatabaseName": "RDS_Medirota"
								}
							}
						}
					]
				}
			},
			{
				"name": "Start Batch",
				"description": "Comment",
				"type": "Lookup",
				"dependsOn": [],
				"policy": {
					"timeout": "7.00:00:00",
					"retry": 0,
					"retryIntervalInSeconds": 30,
					"secureOutput": false,
					"secureInput": false
				},
				"userProperties": [],
				"typeProperties": {
					"source": {
						"type": "AzureSqlSource",
						"sqlReaderStoredProcedureName": "[ETL].[CreateBatch]",
						"storedProcedureParameters": {
							"ParentBatchID": {
								"type": "Int32",
								"value": "0"
							},
							"ProcessName": {
								"type": "String",
								"value": {
									"value": "@pipeline().parameters.PProcessName",
									"type": "Expression"
								}
							}
						},
						"queryTimeout": "02:00:00",
						"partitionOption": "None"
					},
					"dataset": {
						"referenceName": "DS_AZSQL_TGT_Generic_Query",
						"type": "DatasetReference",
						"parameters": {
							"DatabaseName": "ADM_CONFIG",
							"KVConStrSecretName": "az-sql-mi-admin-password"
						}
					}
				}
			},
			{
				"name": "ForeachBU Alert",
				"type": "WebActivity",
				"dependsOn": [
					{
						"activity": "ForEach BU",
						"dependencyConditions": [
							"Failed"
						]
					}
				],
				"policy": {
					"timeout": "7.00:00:00",
					"retry": 0,
					"retryIntervalInSeconds": 30,
					"secureOutput": false,
					"secureInput": false
				},
				"userProperties": [],
				"typeProperties": {
					"url": {
						"value": "@pipeline().globalParameters.GPAlertLogicAppURL",
						"type": "Expression"
					},
					"method": "POST",
					"body": {
						"value": "@concat('{\n  \"ChannelID\": \"19:925cbda268714c11a2d3732837454d04@thread.tacv2\",\n  \"EmailAlertFlag\": \"Y\",\n  \"EmailBody\": \"',activity('ForEach BU').error.message,'\",\n  \"EmailSubject\": \"Datafactory failure\",\n  \"RecipientList\": \"Manudsd\",\n  \"TeamID\": \"18ab8006-edbf-4c3a-b374-565e858c4f2c\",\n  \"TeamsAlertFlag\": \"Y\",\n  \"TeamsMessage\": \"Automated message\"\n}')",
						"type": "Expression"
					}
				}
			},
			{
				"name": "Write Trigger File",
				"type": "ExecutePipeline",
				"dependsOn": [
					{
						"activity": "ForEach BU",
						"dependencyConditions": [
							"Completed"
						]
					}
				],
				"userProperties": [],
				"typeProperties": {
					"pipeline": {
						"referenceName": "PL_Trigger_Generic",
						"type": "PipelineReference"
					},
					"waitOnCompletion": true,
					"parameters": {
						"PContainerName": "bronze",
						"PSourceFolderPath": {
							"value": "medirota/Trigger/Load_DL/",
							"type": "Expression"
						},
						"PSourceFileName": "template.json",
						"PTargetFolderPath": {
							"value": "@concat('medirota/Trigger/Load_DL/',\nformatDateTime(utcnow(),'yyyy'),'/',\nformatDateTime(utcnow(),'MM'),'/',\nformatDateTime(utcnow(),'dd'),'/'\n)",
							"type": "Expression"
						},
						"PTargetFileName": {
							"value": "@concat(formatDateTime(\nconvertTimeZone(utcnow(),'UTC','New Zealand Standard Time'),\n'HHmm')\n,'_'\n,'MedirotaTrigger_01.json')",
							"type": "Expression"
						},
						"PStorageAccount": {
							"value": "@pipeline().globalParameters.GPCDPADLSUrl",
							"type": "Expression"
						},
						"PStorageAccountSecret": "adlscdpaccountkey"
					}
				}
			},
			{
				"name": "Activate Cluster",
				"description": "Run this notebook to switch on the cluster. This prevents all the pipelines waiting later and all requesting the cluster to start. This temp use, we will active cluster using API later on",
				"type": "DatabricksNotebook",
				"dependsOn": [
					{
						"activity": "ForEach Endpoint truncate raw",
						"dependencyConditions": [
							"Succeeded"
						]
					},
					{
						"activity": "Get Distinct BUs",
						"dependencyConditions": [
							"Succeeded"
						]
					}
				],
				"policy": {
					"timeout": "0.12:00:00",
					"retry": 0,
					"retryIntervalInSeconds": 30,
					"secureOutput": false,
					"secureInput": false
				},
				"userProperties": [],
				"typeProperties": {
					"notebookPath": "/Shared/Staff/Medirota/MedirotaGenrota",
					"baseParameters": {
						"paramsFromADF": {
							"value": "@concat('\n{     \"FileName\":\"medirota_testDataBricks.xml\",\"StorageAccount\":\"',pipeline().globalParameters.GPCDPADLSUrl,'\"     ,\"FilePath\": \"medirota/ApprovedLeave/2022/12/16\",     \"ApiUrlAndToken\":\"https://adhbdental.medirota.com/publicapi/38b03462-c976-4231-8b55-06500e868bc5/rota/from_date/2022-06-22/to_date/2022-11-25/\"      }\n\n')",
							"type": "Expression"
						}
					}
				},
				"linkedServiceName": {
					"referenceName": "LS_Databricks",
					"type": "LinkedServiceReference",
					"parameters": {
						"DataBricksWorkSpaceURL": {
							"value": "@pipeline().globalParameters.GPDataBricksWorkSpaceURL",
							"type": "Expression"
						},
						"WorkspaceResourceID": {
							"value": "@pipeline().globalParameters.GPWorkspaceResourceID",
							"type": "Expression"
						},
						"ClusterID": "1215-203917-w1y8htzi"
					}
				}
			}
		],
		"parameters": {
			"PKVSecretName": {
				"type": "string",
				"defaultValue": "MedirotaLogin"
			},
			"PEnv": {
				"type": "string",
				"defaultValue": "Dev"
			},
			"PCheckBatchControl": {
				"type": "bool",
				"defaultValue": true
			},
			"PSendAlerts": {
				"type": "bool",
				"defaultValue": false
			},
			"PSourceSystem": {
				"type": "string",
				"defaultValue": "Medirota"
			},
			"PScheduleFrequency": {
				"type": "string",
				"defaultValue": "None"
			},
			"PBatchType": {
				"type": "string",
				"defaultValue": "Hourly"
			},
			"PProcessName": {
				"type": "string",
				"defaultValue": "Medirota Data Load"
			}
		},
		"variables": {
			"BusinessUnitToken": {
				"type": "String"
			},
			"BUTockens": {
				"type": "Array"
			},
			"VBusinessUnit": {
				"type": "String"
			},
			"error": {
				"type": "String"
			}
		},
		"folder": {
			"name": "Load DL/Medirota"
		},
		"annotations": [],
		"lastPublishTime": "2022-10-06T04:07:03Z"
	},
	"type": "Microsoft.DataFactory/factories/pipelines"
}