{
	"name": "Passing Parameter To From DBR",
	"properties": {
		"activities": [
			{
				"name": "Set input_value",
				"type": "SetVariable",
				"dependsOn": [],
				"userProperties": [
					{
						"name": "value",
						"value": "input_value"
					}
				],
				"typeProperties": {
					"variableName": "input_value",
					"value": "1"
				}
			},
			{
				"name": "Run Notebook",
				"type": "DatabricksNotebook",
				"dependsOn": [
					{
						"activity": "Set input_value",
						"dependencyConditions": [
							"Succeeded"
						]
					}
				],
				"policy": {
					"timeout": "0.12:00:00",
					"retry": 0,
					"retryIntervalInSeconds": 30,
					"secureOutput": false,
					"secureInput": false
				},
				"userProperties": [],
				"typeProperties": {
					"notebookPath": "/Users/gerys_ext@hanz.health.nz/TrakCare/Parameters_To_From_ADF",
					"baseParameters": {
						"adf_input_value": {
							"value": "@variables('input_value')",
							"type": "Expression"
						}
					}
				},
				"linkedServiceName": {
					"referenceName": "LS_Databricks",
					"type": "LinkedServiceReference",
					"parameters": {
						"DataBricksWorkSpaceURL": "https://adb-1296242858425512.12.azuredatabricks.net",
						"WorkspaceResourceID": "/subscriptions/785050c2-fb61-4fd3-86fb-6783764452dc/resourceGroups/dev-cdp-rg-ae-1/providers/Microsoft.Databricks/workspaces/dev-cdp-cluster-adb-ae-1",
						"ClusterID": "1215-203917-w1y8htzi"
					}
				}
			},
			{
				"name": "Set output_value",
				"type": "SetVariable",
				"dependsOn": [
					{
						"activity": "Run Notebook",
						"dependencyConditions": [
							"Succeeded"
						]
					}
				],
				"userProperties": [],
				"typeProperties": {
					"variableName": "output_value",
					"value": {
						"value": "@activity('Run Notebook').output.runOutput.adf_output_value",
						"type": "Expression"
					}
				}
			},
			{
				"name": "Update WaterMarkValue",
				"type": "Lookup",
				"dependsOn": [
					{
						"activity": "Set output_value",
						"dependencyConditions": [
							"Succeeded"
						]
					}
				],
				"policy": {
					"timeout": "0.12:00:00",
					"retry": 0,
					"retryIntervalInSeconds": 30,
					"secureOutput": false,
					"secureInput": false
				},
				"userProperties": [],
				"typeProperties": {
					"source": {
						"type": "AzureSqlSource",
						"sqlReaderQuery": {
							"value": "@concat('UPDATE etl.Control\nSET WaterMarkValue = '''\n, replace(variables('output_value'),'\"','')\n, ''' WHERE EtlControlId = 474'\n, ' SELECT 1'\n)",
							"type": "Expression"
						},
						"queryTimeout": "02:00:00",
						"partitionOption": "None"
					},
					"dataset": {
						"referenceName": "DS_AZSQL_TGT_Generic",
						"type": "DatasetReference",
						"parameters": {
							"SchemaName": "etl",
							"TableName": "Control",
							"KVConStrSecretName": "az-sql-mi-admin-password",
							"DatabaseName": "ADM_CONFIG"
						}
					}
				}
			}
		],
		"variables": {
			"input_value": {
				"type": "String"
			},
			"output_value": {
				"type": "String"
			}
		},
		"folder": {
			"name": "TRAK"
		},
		"annotations": []
	}
}