{
	"name": "PL_APIExtraction_to_SQL",
	"properties": {
		"activities": [
			{
				"name": "GetSurveys",
				"type": "WebActivity",
				"dependsOn": [],
				"policy": {
					"timeout": "0.12:00:00",
					"retry": 0,
					"retryIntervalInSeconds": 30,
					"secureOutput": false,
					"secureInput": false
				},
				"userProperties": [],
				"typeProperties": {
					"method": "GET",
					"headers": {
						"X-API-TOKEN": "TJzeUiXuYY0AfTGqp4edetYyxVM6Vd4fjVdH3kPi"
					},
					"url": "https://syd1.qualtrics.com/API/v3/surveys"
				}
			},
			{
				"name": "SaveSurveys",
				"type": "Lookup",
				"dependsOn": [
					{
						"activity": "GetSurveys",
						"dependencyConditions": [
							"Succeeded"
						]
					}
				],
				"policy": {
					"timeout": "0.12:00:00",
					"retry": 0,
					"retryIntervalInSeconds": 30,
					"secureOutput": false,
					"secureInput": false
				},
				"userProperties": [],
				"typeProperties": {
					"source": {
						"type": "AzureSqlSource",
						"sqlReaderStoredProcedureName": "[Qualtrics].[sp_QUALTRICS_insert_surveylist]",
						"storedProcedureParameters": {
							"json": {
								"type": "String",
								"value": {
									"value": "@string(activity('GETSURVEYS').output) ",
									"type": "Expression"
								}
							}
						},
						"queryTimeout": "02:00:00",
						"partitionOption": "None"
					},
					"dataset": {
						"referenceName": "DS_AZSQL_Generic_Query",
						"type": "DatasetReference",
						"parameters": {
							"DatabaseName": "RDS_QUALTRICS",
							"KVConStrSecretName": "az-sql-mi-admin-password",
							"ServerName": "@pipeline().globalParameters.GPManagedAZSQLServerName"
						}
					},
					"firstRowOnly": false
				}
			},
			{
				"name": "SurveyResponses",
				"type": "DatabricksNotebook",
				"dependsOn": [
					{
						"activity": "SaveSurveys",
						"dependencyConditions": [
							"Succeeded"
						]
					}
				],
				"policy": {
					"timeout": "0.12:00:00",
					"retry": 0,
					"retryIntervalInSeconds": 30,
					"secureOutput": false,
					"secureInput": false
				},
				"userProperties": [],
				"typeProperties": {
					"notebookPath": "/Repos/markrob_ext@hanz.health.nz/AZ-CDP-Databricks/Load RDS/Qualtrics/Survey_Download"
				},
				"linkedServiceName": {
					"referenceName": "LS_Databricks",
					"type": "LinkedServiceReference",
					"parameters": {
						"DataBricksWorkSpaceURL": "@pipeline().globalParameters.GPDataBricksWorkSpaceURL",
						"WorkspaceResourceID": "@pipeline().globalParameters.GPWorkspaceResourceID ",
						"ClusterID": "@pipeline().globalParameters.GPDatabricksClusterID"
					}
				}
			},
			{
				"name": "SavetoSQL_JSON",
				"type": "ExecutePipeline",
				"dependsOn": [
					{
						"activity": "SurveyResponses",
						"dependencyConditions": [
							"Succeeded"
						]
					}
				],
				"policy": {
					"secureInput": false
				},
				"userProperties": [],
				"typeProperties": {
					"pipeline": {
						"referenceName": "SavetoSQL_JSON",
						"type": "PipelineReference"
					},
					"waitOnCompletion": true
				}
			}
		],
		"parameters": {
			"ContainerMountPoint": {
				"type": "string",
				"defaultValue": "mnt/devcdptfsaae1/"
			},
			"ContainerKey": {
				"type": "string",
				"defaultValue": "kLs1hCfigosd3K2aUd9X5jy7ouAIe2DGe5g03XZvi9iwIMhephJFc6buNNlt3U0jX/FiCc91EslF+ASt/9t/rQ=="
			}
		},
		"folder": {
			"name": "Qualtrics"
		},
		"annotations": []
	}
}