{
	"name": "PL_ActivityEvents_Load_RDS",
	"properties": {
		"description": "Load Activity Events to Delta Tables in Databricks",
		"activities": [
			{
				"name": "WriteTriggerFile",
				"type": "ExecutePipeline",
				"dependsOn": [
					{
						"activity": "Load ActivityEvents RDS",
						"dependencyConditions": [
							"Succeeded"
						]
					}
				],
				"userProperties": [],
				"typeProperties": {
					"pipeline": {
						"referenceName": "PL_Trigger_Generic",
						"type": "PipelineReference"
					},
					"waitOnCompletion": true,
					"parameters": {
						"PContainerName": {
							"value": "silver",
							"type": "Expression"
						},
						"PSourceFolderPath": {
							"value": "Trigger/Load_RDS/",
							"type": "Expression"
						},
						"PSourceFileName": {
							"value": "template.json",
							"type": "Expression"
						},
						"PTargetFolderPath": {
							"value": "@concat('Trigger/Load_RDS/Audit/MSPowerBIActivities/',\nconvertFromUTC(utcnow(),'New Zealand Standard Time','yyyy'),'/',\nconvertFromUTC(utcnow(),'New Zealand Standard Time','MM'),'/',\nconvertFromUTC(utcnow(),'New Zealand Standard Time','dd'),'/'\n)",
							"type": "Expression"
						},
						"PTargetFileName": {
							"value": "@concat(formatDateTime(\nconvertTimeZone(utcnow(),'UTC','New Zealand Standard Time'),\n'HHmm')\n,'_'\n,'ActivityEvents_Load_RDS.json')",
							"type": "Expression"
						},
						"PStorageAccount": {
							"value": "@pipeline().globalParameters.GPCDPADLSUrl",
							"type": "Expression"
						}
					}
				}
			},
			{
				"name": "Load ActivityEvents RDS",
				"type": "DatabricksNotebook",
				"dependsOn": [],
				"policy": {
					"timeout": "0.12:00:00",
					"retry": 0,
					"retryIntervalInSeconds": 30,
					"secureOutput": false,
					"secureInput": false
				},
				"userProperties": [],
				"typeProperties": {
					"notebookPath": "/Shared/Load RDS/Audit/02_Load_PBI_ActivityEvents_RDS",
					"baseParameters": {
						"mount_point": {
							"value": "@pipeline().globalParameters.GPCDPADLSMountPoint",
							"type": "Expression"
						}
					}
				},
				"linkedServiceName": {
					"referenceName": "LS_Databricks",
					"type": "LinkedServiceReference",
					"parameters": {
						"DataBricksWorkSpaceURL": {
							"value": "@pipeline().globalParameters.GPDataBricksWorkSpaceURL",
							"type": "Expression"
						},
						"WorkspaceResourceID": {
							"value": "@pipeline().globalParameters.GPWorkspaceResourceID",
							"type": "Expression"
						},
						"ClusterID": {
							"value": "@pipeline().globalParameters.GPDatabricksClusterID",
							"type": "Expression"
						}
					}
				}
			}
		],
		"variables": {
			"DatePath": {
				"type": "String"
			}
		},
		"folder": {
			"name": "Load RDS/Auditing and Logging"
		},
		"annotations": []
	}
}