{
	"name": "PL_ADLS_To_AZSQL",
	"properties": {
		"activities": [
			{
				"name": "Copy XML to CDP",
				"type": "Copy",
				"dependsOn": [],
				"policy": {
					"timeout": "7.00:00:00",
					"retry": 0,
					"retryIntervalInSeconds": 30,
					"secureOutput": false,
					"secureInput": false
				},
				"userProperties": [
					{
						"name": "Source",
						"value": "@{pipeline().parameters.PContainerName}/@{pipeline().parameters.PFolderPath}/@{pipeline().parameters.PFileName}"
					},
					{
						"name": "Destination",
						"value": "@{pipeline().parameters.PRawSchemaName}.@{pipeline().parameters.PRawTableName}"
					}
				],
				"typeProperties": {
					"source": {
						"type": "DelimitedTextSource",
						"additionalColumns": [
							{
								"name": "PipelineID",
								"value": {
									"value": "@pipeline().RunId",
									"type": "Expression"
								}
							},
							{
								"name": "FileID",
								"value": {
									"value": "@pipeline().parameters.PLogFileID",
									"type": "Expression"
								}
							},
							{
								"name": "BusinessUnit",
								"value": {
									"value": "@pipeline().parameters.PBusinessUnit",
									"type": "Expression"
								}
							},
							{
								"name": "EtlInsertDatetime",
								"value": {
									"value": "@convertTimeZone(utcnow(),'UTC','New Zealand Standard Time')",
									"type": "Expression"
								}
							},
							{
								"name": "FileName",
								"value": {
									"value": "@pipeline().parameters.PFileName",
									"type": "Expression"
								}
							}
						],
						"storeSettings": {
							"type": "AzureBlobFSReadSettings",
							"recursive": true,
							"enablePartitionDiscovery": false
						},
						"formatSettings": {
							"type": "DelimitedTextReadSettings"
						}
					},
					"sink": {
						"type": "AzureSqlSink",
						"writeBehavior": "insert",
						"sqlWriterUseTableLock": false,
						"disableMetricsCollection": false
					},
					"enableStaging": false,
					"parallelCopies": 4,
					"dataIntegrationUnits": 2,
					"translator": {
						"value": "@json(variables('ColumnMapping'))",
						"type": "Expression"
					}
				},
				"inputs": [
					{
						"referenceName": "DS_DEL_XML_Generic",
						"type": "DatasetReference",
						"parameters": {
							"PContainerName": {
								"value": "@pipeline().parameters.PContainerName",
								"type": "Expression"
							},
							"PFolderPath": {
								"value": "@pipeline().parameters.PFolderPath",
								"type": "Expression"
							},
							"PFileName": {
								"value": "@pipeline().parameters.PFileName",
								"type": "Expression"
							},
							"PKeyVaultURL": {
								"value": "@pipeline().globalParameters.GPKeyVaultURL",
								"type": "Expression"
							},
							"PStorageAccountURL": {
								"value": "@pipeline().globalParameters.GPCDPADLSUrl",
								"type": "Expression"
							},
							"PLSSecretName": "adlscdpaccountkey"
						}
					}
				],
				"outputs": [
					{
						"referenceName": "DS_AZSQL_TGT_Generic",
						"type": "DatasetReference",
						"parameters": {
							"SchemaName": {
								"value": "@pipeline().parameters.PRawSchemaName",
								"type": "Expression"
							},
							"TableName": {
								"value": "@pipeline().parameters.PRawTableName",
								"type": "Expression"
							},
							"KVConStrSecretName": "az-sql-mi-admin-password",
							"DatabaseName": "RDS_MEDIROTA"
						}
					}
				]
			}
		],
		"parameters": {
			"PRotaType": {
				"type": "string",
				"defaultValue": "Medirota"
			},
			"PBusinessUnit": {
				"type": "string",
				"defaultValue": "adhb"
			},
			"PContainerName": {
				"type": "string"
			},
			"PFolderPath": {
				"type": "string"
			},
			"PFileName": {
				"type": "string"
			},
			"PTargetSchemaName": {
				"type": "string"
			},
			"PTargetTableName": {
				"type": "string"
			},
			"PRawTableName": {
				"type": "string"
			},
			"PRawSchemaName": {
				"type": "string"
			},
			"PSourceReadSQL": {
				"type": "string"
			},
			"PDataEndPointName": {
				"type": "string"
			},
			"PLogFileID": {
				"type": "string"
			}
		},
		"variables": {
			"ColumnMapping": {
				"type": "String",
				"defaultValue": "{   \"type\": \"TabularTranslator\",   \"mappings\": [     {       \"source\": {         \"name\": \"FileID\"       },       \"sink\": {         \"name\": \"FileID\"       }     },     {       \"source\": {         \"name\": \"Prop_0\"       },       \"sink\": {         \"name\": \"XMLDATA\"       }     },     {       \"source\": {         \"name\": \"BusinessUnit\"       },       \"sink\": {         \"name\": \"BusinessUnit\"       }     },     {       \"source\": {         \"name\": \"PipelineID\"       },       \"sink\": {         \"name\": \"PipelineID\"       }     },     {       \"source\": {         \"name\": \"EtlInsertDatetime\"       },       \"sink\": {         \"name\": \"EtlInsertDatetime\"       }     },      {       \"source\": {         \"name\": \"FileName\"       },       \"sink\": {         \"name\": \"FileName\"       }     }   ] }"
			}
		},
		"folder": {
			"name": "Load DL/Medirota"
		},
		"annotations": [],
		"lastPublishTime": "2022-10-06T04:07:01Z"
	},
	"type": "Microsoft.DataFactory/factories/pipelines"
}