{
	"name": "PL_API_Response",
	"properties": {
		"activities": [
			{
				"name": "Until status successful",
				"description": "Poll server until status successful",
				"type": "Until",
				"dependsOn": [],
				"userProperties": [],
				"typeProperties": {
					"expression": {
						"value": "@or(\nequals(string(activity('Lookup report status').output.firstRow.status),'SUCCESSFUL')\n,equals(string(activity('Lookup report status').output.firstRow.status),'FAILED')\n)",
						"type": "Expression"
					},
					"activities": [
						{
							"name": "GET report list",
							"type": "WebActivity",
							"dependsOn": [],
							"policy": {
								"timeout": "00.00:05:00",
								"retry": 1,
								"retryIntervalInSeconds": 30,
								"secureOutput": false,
								"secureInput": false
							},
							"userProperties": [
								{
									"name": "ReportID",
									"value": "@pipeline().parameters.PReportId"
								}
							],
							"typeProperties": {
								"url": {
									"value": "@concat(\nstring(pipeline().globalParameters.GPMahieTaeaBaseURL)\n,'v1/commons/exports'\n)",
									"type": "Expression"
								},
								"method": "GET",
								"headers": {
									"content-type": "application/json",
									"appkey": {
										"value": "@pipeline().parameters.PAppKey",
										"type": "Expression"
									},
									"Authorization": {
										"value": "@pipeline().parameters.PToken",
										"type": "Expression"
									}
								},
								"turnOffAsync": false
							}
						},
						{
							"name": "Lookup report status",
							"type": "Lookup",
							"dependsOn": [
								{
									"activity": "GET report list",
									"dependencyConditions": [
										"Succeeded"
									]
								}
							],
							"policy": {
								"timeout": "00.00:05:00",
								"retry": 1,
								"retryIntervalInSeconds": 30,
								"secureOutput": false,
								"secureInput": false
							},
							"userProperties": [],
							"typeProperties": {
								"source": {
									"type": "AzureSqlSource",
									"sqlReaderStoredProcedureName": "[etl].[MahieTaeaGetReportStatus]",
									"storedProcedureParameters": {
										"input": {
											"type": "String",
											"value": {
												"value": "@string(activity('GET report list').output)",
												"type": "Expression"
											}
										},
										"jobId": {
											"type": "Int32",
											"value": {
												"value": "@pipeline().parameters.PReportId",
												"type": "Expression"
											}
										}
									},
									"queryTimeout": "00:05:00",
									"partitionOption": "None"
								},
								"dataset": {
									"referenceName": "DS_AZSQL_Generic_Query",
									"type": "DatasetReference",
									"parameters": {
										"DatabaseName": "ADM_CONFIG",
										"KVConStrSecretName": "az-sql-mi-admin-password",
										"ServerName": {
											"value": "@pipeline().globalParameters.GPManagedAZSQLServerName",
											"type": "Expression"
										}
									}
								}
							}
						}
					],
					"timeout": "0.00:05:00"
				}
			}
		],
		"parameters": {
			"PSourceSystem": {
				"type": "string",
				"defaultValue": "MahieTaea"
			},
			"PToken": {
				"type": "string"
			},
			"PReportId": {
				"type": "string"
			},
			"PAppKey": {
				"type": "string"
			}
		},
		"variables": {
			"AppKey": {
				"type": "String"
			}
		},
		"folder": {
			"name": "Load DL/MahieTaea"
		},
		"annotations": [],
		"lastPublishTime": "2022-10-06T04:07:01Z"
	},
	"type": "Microsoft.DataFactory/factories/pipelines"
}