{
	"name": "PL_Audit_Load_CRDS",
	"properties": {
		"description": "Load audit data to RDS_AUDIT database.",
		"activities": [
			{
				"name": "dim_ad_groups",
				"description": "Process dim_ad_groups",
				"type": "DatabricksNotebook",
				"dependsOn": [],
				"policy": {
					"timeout": "0.12:00:00",
					"retry": 0,
					"retryIntervalInSeconds": 30,
					"secureOutput": false,
					"secureInput": false
				},
				"userProperties": [],
				"typeProperties": {
					"notebookPath": "/Shared/Load EDW/Audit/Dim/dim_ad_/dim_ad_groups/dim_ad_groups",
					"baseParameters": {
						"mount_point": {
							"value": "@pipeline().globalParameters.GPCDPADLSMountPoint",
							"type": "Expression"
						}
					}
				},
				"linkedServiceName": {
					"referenceName": "LS_Databricks",
					"type": "LinkedServiceReference",
					"parameters": {
						"DataBricksWorkSpaceURL": {
							"value": "@pipeline().globalParameters.GPDataBricksWorkSpaceURL",
							"type": "Expression"
						},
						"WorkspaceResourceID": {
							"value": "@pipeline().globalParameters.GPWorkspaceResourceID",
							"type": "Expression"
						},
						"ClusterID": {
							"value": "@pipeline().globalParameters.GPDatabricksClusterID",
							"type": "Expression"
						}
					}
				}
			},
			{
				"name": "dim_ad_users",
				"description": "Process dim_ad_users",
				"type": "DatabricksNotebook",
				"dependsOn": [],
				"policy": {
					"timeout": "0.12:00:00",
					"retry": 0,
					"retryIntervalInSeconds": 30,
					"secureOutput": false,
					"secureInput": false
				},
				"userProperties": [],
				"typeProperties": {
					"notebookPath": "/Shared/Load EDW/Audit/Dim/dim_ad_/dim_ad_users/dim_ad_users",
					"baseParameters": {
						"mount_point": {
							"value": "@pipeline().globalParameters.GPCDPADLSMountPoint",
							"type": "Expression"
						}
					}
				},
				"linkedServiceName": {
					"referenceName": "LS_Databricks",
					"type": "LinkedServiceReference",
					"parameters": {
						"DataBricksWorkSpaceURL": {
							"value": "@pipeline().globalParameters.GPDataBricksWorkSpaceURL",
							"type": "Expression"
						},
						"WorkspaceResourceID": {
							"value": "@pipeline().globalParameters.GPWorkspaceResourceID",
							"type": "Expression"
						},
						"ClusterID": {
							"value": "@pipeline().globalParameters.GPDatabricksClusterID",
							"type": "Expression"
						}
					}
				}
			},
			{
				"name": "dim_pbi_applications",
				"description": "Process dim_pbi_applications",
				"type": "DatabricksNotebook",
				"dependsOn": [],
				"policy": {
					"timeout": "0.12:00:00",
					"retry": 0,
					"retryIntervalInSeconds": 30,
					"secureOutput": false,
					"secureInput": false
				},
				"userProperties": [],
				"typeProperties": {
					"notebookPath": "/Shared/Load EDW/Audit/Dim/dim_pbi_/dim_pbi_applications/dim_pbi_applications",
					"baseParameters": {
						"mount_point": {
							"value": "@pipeline().globalParameters.GPCDPADLSMountPoint",
							"type": "Expression"
						}
					}
				},
				"linkedServiceName": {
					"referenceName": "LS_Databricks",
					"type": "LinkedServiceReference",
					"parameters": {
						"DataBricksWorkSpaceURL": {
							"value": "@pipeline().globalParameters.GPDataBricksWorkSpaceURL",
							"type": "Expression"
						},
						"WorkspaceResourceID": {
							"value": "@pipeline().globalParameters.GPWorkspaceResourceID",
							"type": "Expression"
						},
						"ClusterID": {
							"value": "@pipeline().globalParameters.GPDatabricksClusterID",
							"type": "Expression"
						}
					}
				}
			},
			{
				"name": "dim_pbi_datasets",
				"description": "Process dim_pbi_datasets",
				"type": "DatabricksNotebook",
				"dependsOn": [],
				"policy": {
					"timeout": "0.12:00:00",
					"retry": 0,
					"retryIntervalInSeconds": 30,
					"secureOutput": false,
					"secureInput": false
				},
				"userProperties": [],
				"typeProperties": {
					"notebookPath": "/Shared/Load EDW/Audit/Dim/dim_pbi_/dim_pbi_datasets/dim_pbi_datasets",
					"baseParameters": {
						"mount_point": {
							"value": "@pipeline().globalParameters.GPCDPADLSMountPoint",
							"type": "Expression"
						}
					}
				},
				"linkedServiceName": {
					"referenceName": "LS_Databricks",
					"type": "LinkedServiceReference",
					"parameters": {
						"DataBricksWorkSpaceURL": {
							"value": "@pipeline().globalParameters.GPDataBricksWorkSpaceURL",
							"type": "Expression"
						},
						"WorkspaceResourceID": {
							"value": "@pipeline().globalParameters.GPWorkspaceResourceID",
							"type": "Expression"
						},
						"ClusterID": {
							"value": "@pipeline().globalParameters.GPDatabricksClusterID",
							"type": "Expression"
						}
					}
				}
			},
			{
				"name": "dim_pbi_workspaces",
				"description": "Process dim_pbi_workspaces",
				"type": "DatabricksNotebook",
				"dependsOn": [],
				"policy": {
					"timeout": "0.12:00:00",
					"retry": 0,
					"retryIntervalInSeconds": 30,
					"secureOutput": false,
					"secureInput": false
				},
				"userProperties": [],
				"typeProperties": {
					"notebookPath": "/Shared/Load EDW/Audit/Dim/dim_pbi_/dim_pbi_workspaces/dim_pbi_workspaces",
					"baseParameters": {
						"mount_point": {
							"value": "@pipeline().globalParameters.GPCDPADLSMountPoint",
							"type": "Expression"
						}
					}
				},
				"linkedServiceName": {
					"referenceName": "LS_Databricks",
					"type": "LinkedServiceReference",
					"parameters": {
						"DataBricksWorkSpaceURL": {
							"value": "@pipeline().globalParameters.GPDataBricksWorkSpaceURL",
							"type": "Expression"
						},
						"WorkspaceResourceID": {
							"value": "@pipeline().globalParameters.GPWorkspaceResourceID",
							"type": "Expression"
						},
						"ClusterID": {
							"value": "@pipeline().globalParameters.GPDatabricksClusterID",
							"type": "Expression"
						}
					}
				}
			},
			{
				"name": "dim_pbi_reports",
				"description": "Process dim_pbi_reports",
				"type": "DatabricksNotebook",
				"dependsOn": [],
				"policy": {
					"timeout": "0.12:00:00",
					"retry": 0,
					"retryIntervalInSeconds": 30,
					"secureOutput": false,
					"secureInput": false
				},
				"userProperties": [],
				"typeProperties": {
					"notebookPath": "/Shared/Load EDW/Audit/Dim/dim_pbi_/dim_pbi_reports/dim_pbi_reports",
					"baseParameters": {
						"mount_point": {
							"value": "@pipeline().globalParameters.GPCDPADLSMountPoint",
							"type": "Expression"
						}
					}
				},
				"linkedServiceName": {
					"referenceName": "LS_Databricks",
					"type": "LinkedServiceReference",
					"parameters": {
						"DataBricksWorkSpaceURL": {
							"value": "@pipeline().globalParameters.GPDataBricksWorkSpaceURL",
							"type": "Expression"
						},
						"WorkspaceResourceID": {
							"value": "@pipeline().globalParameters.GPWorkspaceResourceID",
							"type": "Expression"
						},
						"ClusterID": {
							"value": "@pipeline().globalParameters.GPDatabricksClusterID",
							"type": "Expression"
						}
					}
				}
			},
			{
				"name": "RDS_LookupTables",
				"description": "Process Lookup Tables",
				"type": "DatabricksNotebook",
				"dependsOn": [],
				"policy": {
					"timeout": "0.12:00:00",
					"retry": 0,
					"retryIntervalInSeconds": 30,
					"secureOutput": false,
					"secureInput": false
				},
				"userProperties": [],
				"typeProperties": {
					"notebookPath": "/Shared/Load RDS/Audit/03_Load_RDS_Lookup_Tables",
					"baseParameters": {
						"mount_point": {
							"value": "@pipeline().globalParameters.GPCDPADLSMountPoint",
							"type": "Expression"
						}
					}
				},
				"linkedServiceName": {
					"referenceName": "LS_Databricks",
					"type": "LinkedServiceReference",
					"parameters": {
						"DataBricksWorkSpaceURL": {
							"value": "@pipeline().globalParameters.GPDataBricksWorkSpaceURL",
							"type": "Expression"
						},
						"WorkspaceResourceID": {
							"value": "@pipeline().globalParameters.GPWorkspaceResourceID",
							"type": "Expression"
						},
						"ClusterID": {
							"value": "@pipeline().globalParameters.GPDatabricksClusterID",
							"type": "Expression"
						}
					}
				}
			}
		],
		"variables": {
			"DatePath": {
				"type": "String"
			}
		},
		"folder": {
			"name": "Load CRDS/Auditing and Logging"
		},
		"annotations": []
	}
}