{
	"name": "PL_ContinuationToken",
	"properties": {
		"activities": [
			{
				"name": "LookupSurveys",
				"type": "Lookup",
				"dependsOn": [],
				"policy": {
					"timeout": "0.12:00:00",
					"retry": 0,
					"retryIntervalInSeconds": 30,
					"secureOutput": false,
					"secureInput": false
				},
				"userProperties": [],
				"typeProperties": {
					"source": {
						"type": "AzureSqlSource",
						"sqlReaderStoredProcedureName": "[Qualtrics].[sp_QUALTRICS_get_survey_name]",
						"queryTimeout": "02:00:00",
						"partitionOption": "None"
					},
					"dataset": {
						"referenceName": "DS_AZSQL_Generic_Query",
						"type": "DatasetReference",
						"parameters": {
							"DatabaseName": "RDS_QUALTRICS",
							"KVConStrSecretName": "az-sql-mi-admin-password",
							"ServerName": "dev-cdp-sqlmi-ae-1.792150d6ca9e.database.windows.net"
						}
					},
					"firstRowOnly": false
				}
			},
			{
				"name": "ForEachSurvey",
				"type": "ForEach",
				"dependsOn": [
					{
						"activity": "LookupSurveys",
						"dependencyConditions": [
							"Succeeded"
						]
					}
				],
				"userProperties": [],
				"typeProperties": {
					"items": {
						"value": "@activity('LookupSurveys').output.value",
						"type": "Expression"
					},
					"activities": [
						{
							"name": "CT",
							"type": "DatabricksNotebook",
							"dependsOn": [],
							"policy": {
								"timeout": "0.12:00:00",
								"retry": 0,
								"retryIntervalInSeconds": 30,
								"secureOutput": false,
								"secureInput": false
							},
							"userProperties": [],
							"typeProperties": {
								"notebookPath": "/Repos/markrob_ext@hanz.health.nz/AZ-CDP-Databricks/Load RDS/Qualtrics/Survey_Download_Token",
								"baseParameters": {
									"id": {
										"value": "@item().id",
										"type": "Expression"
									},
									"Token": "@item().ContinuationToken",
									"name": "@item().name"
								}
							},
							"linkedServiceName": {
								"referenceName": "LS_Databricks",
								"type": "LinkedServiceReference",
								"parameters": {
									"DataBricksWorkSpaceURL": "https://adb-1296242858425512.12.azuredatabricks.net",
									"WorkspaceResourceID": "/subscriptions/785050c2-fb61-4fd3-86fb-6783764452dc/resourceGroups/dev-cdp-rg-ae-1/providers/Microsoft.Databricks/workspaces/dev-cdp-cluster-adb-ae-1",
									"ClusterID": "1215-203917-w1y8htzi"
								}
							}
						},
						{
							"name": "Lookup1",
							"type": "Lookup",
							"dependsOn": [
								{
									"activity": "CT",
									"dependencyConditions": [
										"Succeeded"
									]
								}
							],
							"policy": {
								"timeout": "0.12:00:00",
								"retry": 0,
								"retryIntervalInSeconds": 30,
								"secureOutput": false,
								"secureInput": false
							},
							"userProperties": [],
							"typeProperties": {
								"source": {
									"type": "AzureSqlSource",
									"sqlReaderStoredProcedureName": "[Qualtrics].[sp_QUALTRICS_update_Continuationtoken]",
									"storedProcedureParameters": {
										"Surveyid": {
											"type": "String",
											"value": {
												"value": "@item().id",
												"type": "Expression"
											}
										},
										"Token": {
											"type": "String",
											"value": {
												"value": "@activity('CT').output.runOutput",
												"type": "Expression"
											}
										}
									},
									"queryTimeout": "02:00:00",
									"partitionOption": "None"
								},
								"dataset": {
									"referenceName": "DS_AZSQL_Generic_Query",
									"type": "DatasetReference",
									"parameters": {
										"DatabaseName": "RDS_QUALTRICS",
										"KVConStrSecretName": "az-sql-mi-admin-password",
										"ServerName": "dev-cdp-sqlmi-ae-1.792150d6ca9e.database.windows.net"
									}
								}
							}
						}
					]
				}
			}
		],
		"parameters": {
			"PKVADLSSecretName": {
				"type": "string",
				"defaultValue": "adlscdpaccountkey"
			}
		},
		"folder": {
			"name": "Qualtrics"
		},
		"annotations": []
	}
}