{
	"name": "PL_Copy_Parquet_To_Titan",
	"properties": {
		"activities": [
			{
				"name": "Get Metadata",
				"type": "Lookup",
				"dependsOn": [],
				"policy": {
					"timeout": "0.00:10:00",
					"retry": 0,
					"retryIntervalInSeconds": 30,
					"secureOutput": false,
					"secureInput": false
				},
				"userProperties": [],
				"typeProperties": {
					"source": {
						"type": "AzureSqlSource",
						"sqlReaderQuery": {
							"value": "SELECT *\nFROM etl.Control\nwhere ETLControlid = 503",
							"type": "Expression"
						},
						"queryTimeout": "02:00:00",
						"partitionOption": "None"
					},
					"dataset": {
						"referenceName": "DS_AZSQL_TGT_Generic_Query",
						"type": "DatasetReference",
						"parameters": {
							"DatabaseName": "ADM_CONFIG",
							"KVConStrSecretName": "az-sql-mi-admin-password"
						}
					},
					"firstRowOnly": false
				}
			},
			{
				"name": "For each record",
				"description": "For each table",
				"type": "ForEach",
				"dependsOn": [
					{
						"activity": "Get Metadata",
						"dependencyConditions": [
							"Succeeded"
						]
					}
				],
				"userProperties": [],
				"typeProperties": {
					"items": {
						"value": "@activity('Get Metadata').output.value",
						"type": "Expression"
					},
					"batchCount": 4,
					"activities": [
						{
							"name": "Copy stage table to Titan",
							"type": "Copy",
							"dependsOn": [],
							"policy": {
								"timeout": "0.00:10:00",
								"retry": 0,
								"retryIntervalInSeconds": 30,
								"secureOutput": false,
								"secureInput": false
							},
							"userProperties": [],
							"typeProperties": {
								"source": {
									"type": "ParquetSource",
									"storeSettings": {
										"type": "AzureBlobFSReadSettings",
										"recursive": true,
										"wildcardFolderPath": {
											"value": "@concat('trakcare/export/parquet/',item().TargetTableName)",
											"type": "Expression"
										},
										"wildcardFileName": "*.parquet",
										"enablePartitionDiscovery": false
									}
								},
								"sink": {
									"type": "SqlServerSink",
									"writeBehavior": "insert",
									"sqlWriterUseTableLock": false,
									"tableOption": "autoCreate"
								},
								"enableStaging": false,
								"translator": {
									"type": "TabularTranslator",
									"typeConversion": true,
									"typeConversionSettings": {
										"allowDataTruncation": true,
										"treatBooleanAsNumber": false
									}
								}
							},
							"inputs": [
								{
									"referenceName": "DS_ADLS_Parquet_NoFIle",
									"type": "DatasetReference",
									"parameters": {
										"FolderName": "trakcare/export/parquet/tc_s_specialty",
										"StorageAccountURL": "https://devcdpadlsae1.dfs.core.windows.net",
										"ContainerName": "silver",
										"PSecretName": "adlscdpaccountkey"
									}
								}
							],
							"outputs": [
								{
									"referenceName": "DS_MSSQL_OnPrem_Generic",
									"type": "DatasetReference",
									"parameters": {
										"SchemaName": {
											"value": "dbo",
											"type": "Expression"
										},
										"TableName": {
											"value": "tc_s_specialty",
											"type": "Expression"
										},
										"DatabaseName": "DA_CRDS",
										"ServerName": {
											"value": "VHAL0CSS021AG01.healthcare.huarahi.health.govt.nz,2773",
											"type": "Expression"
										}
									}
								}
							]
						}
					]
				}
			}
		],
		"parameters": {
			"TargetServerName": {
				"type": "string",
				"defaultValue": "AHSL107"
			},
			"TargetDatabase": {
				"type": "string",
				"defaultValue": "Titan"
			}
		},
		"folder": {
			"name": "TRAK"
		},
		"annotations": []
	}
}