{
	"name": "PL_CRDS_DataBricks_Notebook_Run",
	"properties": {
		"activities": [
			{
				"name": "CRDS Load Process",
				"type": "DatabricksNotebook",
				"dependsOn": [],
				"policy": {
					"timeout": "0.12:00:00",
					"retry": 0,
					"retryIntervalInSeconds": 30,
					"secureOutput": false,
					"secureInput": false
				},
				"userProperties": [],
				"typeProperties": {
					"notebookPath": "/Shared/Load CRDS/Current Patient in Hospital/Current_Patient_POC"
				},
				"linkedServiceName": {
					"referenceName": "LS_Databricks",
					"type": "LinkedServiceReference",
					"parameters": {
						"DataBricksWorkSpaceURL": "https://adb-1296242858425512.12.azuredatabricks.net",
						"WorkspaceResourceID": "/subscriptions/785050c2-fb61-4fd3-86fb-6783764452dc/resourceGroups/dev-cdp-rg-ae-1/providers/Microsoft.Databricks/workspaces/dev-cdp-cluster-adb-ae-1",
						"ClusterID": "1215-203917-w1y8htzi"
					}
				}
			}
		],
		"folder": {
			"name": "Load CRDS/TrakCare"
		},
		"annotations": []
	}
}