{
	"name": "PL_Call_DBR_Notebook",
	"properties": {
		"activities": [
			{
				"name": "get metadata",
				"type": "Lookup",
				"dependsOn": [],
				"policy": {
					"timeout": "0.00:10:00",
					"retry": 0,
					"retryIntervalInSeconds": 30,
					"secureOutput": false,
					"secureInput": false
				},
				"userProperties": [],
				"typeProperties": {
					"source": {
						"type": "AzureSqlSource",
						"sqlReaderQuery": "SELECT *\r\nFROM etl.Control\r\nWHERE SourceSystem = 'TrakCare'\r\nAND SourceTableSchemaName = 'silver' \r\nand TargetSystemType = 'Titan'\r\nand TargetTableName='tc_s_ward'",
						"queryTimeout": "02:00:00",
						"partitionOption": "None"
					},
					"dataset": {
						"referenceName": "DS_AZSQL_TGT_Generic_Query",
						"type": "DatasetReference",
						"parameters": {
							"DatabaseName": "ADM_CONFIG",
							"KVConStrSecretName": "az-sql-mi-admin-password"
						}
					},
					"firstRowOnly": false
				}
			},
			{
				"name": "For each table",
				"description": "update the table",
				"type": "ForEach",
				"dependsOn": [
					{
						"activity": "Set table name",
						"dependencyConditions": [
							"Succeeded"
						]
					}
				],
				"userProperties": [],
				"typeProperties": {
					"items": {
						"value": "@activity('get metadata').output.value",
						"type": "Expression"
					},
					"activities": [
						{
							"name": "run_notebook",
							"type": "DatabricksNotebook",
							"dependsOn": [],
							"policy": {
								"timeout": "0.12:00:00",
								"retry": 0,
								"retryIntervalInSeconds": 30,
								"secureOutput": false,
								"secureInput": false
							},
							"userProperties": [],
							"typeProperties": {
								"notebookPath": {
									"value": "@item().DatabricksNotebook",
									"type": "Expression"
								},
								"baseParameters": {
									"adf_watermark_date": {
										"value": "@activity('get metadata').output.WatermarkValue",
										"type": "Expression"
									},
									"adf_table_name": {
										"value": "@variables('v_table_name')",
										"type": "Expression"
									}
								}
							},
							"linkedServiceName": {
								"referenceName": "LS_Databricks",
								"type": "LinkedServiceReference",
								"parameters": {
									"DataBricksWorkSpaceURL": "https://adb-1296242858425512.12.azuredatabricks.net",
									"WorkspaceResourceID": "/subscriptions/785050c2-fb61-4fd3-86fb-6783764452dc/resourceGroups/dev-cdp-rg-ae-1/providers/Microsoft.Databricks/workspaces/dev-cdp-cluster-adb-ae-1",
									"ClusterID": "1215-203917-w1y8htzi"
								}
							}
						}
					]
				}
			},
			{
				"name": "Set table name",
				"type": "SetVariable",
				"dependsOn": [
					{
						"activity": "get metadata",
						"dependencyConditions": [
							"Completed"
						]
					}
				],
				"userProperties": [
					{
						"name": "Set table name",
						"value": "'Set table name'"
					}
				],
				"typeProperties": {
					"variableName": "v_table_name",
					"value": {
						"value": "@string(activity('get metadata').output.TargetTableName)",
						"type": "Expression"
					}
				}
			}
		],
		"parameters": {
			"SourceSystem": {
				"type": "string",
				"defaultValue": "'TrakCare'"
			},
			"SourceSystemType": {
				"type": "string",
				"defaultValue": "'ADLS'"
			},
			"SourceSystemSchemaName": {
				"type": "string",
				"defaultValue": "'silver'"
			},
			"TargetSystemType": {
				"type": "string",
				"defaultValue": "'Titan'"
			}
		},
		"variables": {
			"v_table_name": {
				"type": "String"
			}
		},
		"folder": {
			"name": "TRAK"
		},
		"annotations": []
	}
}