{
	"name": "PL_Common_Tables",
	"properties": {
		"activities": [
			{
				"name": "Get Common Metadata",
				"type": "Lookup",
				"dependsOn": [],
				"policy": {
					"timeout": "0.00:10:00",
					"retry": 0,
					"retryIntervalInSeconds": 30,
					"secureOutput": false,
					"secureInput": false
				},
				"userProperties": [],
				"typeProperties": {
					"source": {
						"type": "AzureSqlSource",
						"sqlReaderStoredProcedureName": "[etl].[GetCommonETLToRun]",
						"storedProcedureParameters": {
							"BatchType": {
								"type": "String",
								"value": {
									"value": "@pipeline().parameters.PBatchType",
									"type": "Expression"
								}
							},
							"SourceSystem": {
								"type": "String",
								"value": {
									"value": "@pipeline().parameters.PSourceSystem",
									"type": "Expression"
								}
							}
						},
						"queryTimeout": "02:00:00",
						"partitionOption": "None"
					},
					"dataset": {
						"referenceName": "DS_AZSQL_TGT_Generic_Query",
						"type": "DatasetReference",
						"parameters": {
							"DatabaseName": "ADM_CONFIG",
							"KVConStrSecretName": "az-sql-mi-admin-password"
						}
					},
					"firstRowOnly": false
				}
			},
			{
				"name": "For Each Row",
				"type": "ForEach",
				"dependsOn": [
					{
						"activity": "Get Common Metadata",
						"dependencyConditions": [
							"Succeeded"
						]
					}
				],
				"userProperties": [],
				"typeProperties": {
					"items": {
						"value": "@activity('Get Common Metadata').output.value",
						"type": "Expression"
					},
					"batchCount": 10,
					"activities": [
						{
							"name": "Run store proc",
							"type": "SqlServerStoredProcedure",
							"dependsOn": [],
							"policy": {
								"timeout": "0.00:10:00",
								"retry": 0,
								"retryIntervalInSeconds": 30,
								"secureOutput": false,
								"secureInput": false
							},
							"userProperties": [
								{
									"name": "StoreProc",
									"value": "@item().SourceQuery"
								}
							],
							"typeProperties": {
								"storedProcedureName": {
									"value": "@item().SourceQuery",
									"type": "Expression"
								}
							},
							"linkedServiceName": {
								"referenceName": "LS_AZSQL_CDP",
								"type": "LinkedServiceReference",
								"parameters": {
									"KVConStrSecretName": "az-sql-mi-admin-password",
									"DatabaseName": {
										"value": "DA_CRDS",
										"type": "Expression"
									},
									"ServerName": {
										"value": "@pipeline().globalParameters.GPManagedAZSQLServerName",
										"type": "Expression"
									}
								}
							}
						}
					]
				}
			}
		],
		"parameters": {
			"PSourceSystem": {
				"type": "string",
				"defaultValue": "Common"
			},
			"PBatchType": {
				"type": "string",
				"defaultValue": "Daily"
			}
		},
		"folder": {
			"name": "Load CRDS/Load Common"
		},
		"annotations": [],
		"lastPublishTime": "2022-10-06T04:07:01Z"
	},
	"type": "Microsoft.DataFactory/factories/pipelines"
}