{
	"name": "PL_Copy_Parquet_To_Helios_V1",
	"properties": {
		"activities": [
			{
				"name": "Get Metadata",
				"type": "Lookup",
				"dependsOn": [],
				"policy": {
					"timeout": "0.00:10:00",
					"retry": 0,
					"retryIntervalInSeconds": 30,
					"secureOutput": false,
					"secureInput": false
				},
				"userProperties": [],
				"typeProperties": {
					"source": {
						"type": "AzureSqlSource",
						"sqlReaderQuery": {
							"value": "SELECT *\nFROM etl.Control\nwhere ETLControlid = 853",
							"type": "Expression"
						},
						"queryTimeout": "02:00:00",
						"partitionOption": "None"
					},
					"dataset": {
						"referenceName": "DS_AZSQL_TGT_Generic_Query",
						"type": "DatasetReference",
						"parameters": {
							"DatabaseName": "ADM_CONFIG",
							"KVConStrSecretName": "az-sql-mi-admin-password"
						}
					},
					"firstRowOnly": false
				}
			},
			{
				"name": "For each record",
				"description": "For each table",
				"type": "ForEach",
				"dependsOn": [
					{
						"activity": "Get Metadata",
						"dependencyConditions": [
							"Succeeded"
						]
					}
				],
				"userProperties": [],
				"typeProperties": {
					"items": {
						"value": "@activity('Get Metadata').output.value",
						"type": "Expression"
					},
					"batchCount": 4,
					"activities": [
						{
							"name": "Copy stage table to Titan",
							"type": "Copy",
							"dependsOn": [],
							"policy": {
								"timeout": "0.00:10:00",
								"retry": 0,
								"retryIntervalInSeconds": 30,
								"secureOutput": false,
								"secureInput": false
							},
							"userProperties": [],
							"typeProperties": {
								"source": {
									"type": "ParquetSource",
									"storeSettings": {
										"type": "AzureBlobFSReadSettings",
										"recursive": true,
										"wildcardFolderPath": {
											"value": "@concat('trakcare/export/parquet/',item().TargetTableName)",
											"type": "Expression"
										},
										"wildcardFileName": "*.parquet",
										"enablePartitionDiscovery": false
									},
									"formatSettings": {
										"type": "ParquetReadSettings"
									}
								},
								"sink": {
									"type": "SqlServerSink",
									"preCopyScript": {
										"value": "@{concat('TRUNCATE TABLE dbo.', item().TargetTableName)}",
										"type": "Expression"
									},
									"writeBehavior": "insert",
									"sqlWriterUseTableLock": false,
									"tableOption": "autoCreate"
								},
								"enableStaging": false,
								"dataIntegrationUnits": 2,
								"translator": {
									"type": "TabularTranslator",
									"typeConversion": true,
									"typeConversionSettings": {
										"allowDataTruncation": true,
										"treatBooleanAsNumber": false
									}
								}
							},
							"inputs": [
								{
									"referenceName": "DS_ADLS_Parquet",
									"type": "DatasetReference",
									"parameters": {
										"FolderName": {
											"value": "@concat('trakcare/export/parquet/',item().TargetTableName)",
											"type": "Expression"
										},
										"FileName": "*.parquet",
										"StorageAccountURL": {
											"value": "@pipeline().globalParameters.GPCDPADLSUrl",
											"type": "Expression"
										},
										"ContainerName": "silver",
										"PSecretName": "adlscdpaccountkey"
									}
								}
							],
							"outputs": [
								{
									"referenceName": "DS_MSSQL_OnPrem_Generic",
									"type": "DatasetReference",
									"parameters": {
										"SchemaName": {
											"value": "@item().TargetTableSchemaName",
											"type": "Expression"
										},
										"TableName": {
											"value": "@item().TargetTableName",
											"type": "Expression"
										},
										"DatabaseName": {
											"value": "@pipeline().parameters.TargetDatabase",
											"type": "Expression"
										},
										"ServerName": {
											"value": "VHAL0CSS021AG01.healthcare.huarahi.health.govt.nz,2773",
											"type": "Expression"
										},
										"SecretName": {
											"value": "@pipeline().globalParameters.GPHeliosSVCAccountSecret",
											"type": "Expression"
										}
									}
								}
							]
						},
						{
							"name": "Set vRowsCopied",
							"type": "SetVariable",
							"dependsOn": [
								{
									"activity": "Copy stage table to Titan",
									"dependencyConditions": [
										"Succeeded"
									]
								}
							],
							"policy": {
								"secureOutput": false,
								"secureInput": false
							},
							"userProperties": [],
							"typeProperties": {
								"variableName": "RowsCopied",
								"value": {
									"value": "@string(activity('Copy stage table to Titan').output.rowsCopied)",
									"type": "Expression"
								}
							}
						},
						{
							"name": "If RowsCopied is zero",
							"type": "IfCondition",
							"dependsOn": [
								{
									"activity": "Set vRowsCopied",
									"dependencyConditions": [
										"Succeeded"
									]
								}
							],
							"userProperties": [],
							"typeProperties": {
								"expression": {
									"value": "@equals(variables('RowsCopied'),'0')",
									"type": "Expression"
								},
								"ifTrueActivities": [
									{
										"name": "Truncate Table",
										"type": "Script",
										"dependsOn": [],
										"policy": {
											"timeout": "0.12:00:00",
											"retry": 0,
											"retryIntervalInSeconds": 30,
											"secureOutput": false,
											"secureInput": false
										},
										"userProperties": [],
										"linkedServiceName": {
											"referenceName": "LS_MSSQL_OnPrem",
											"type": "LinkedServiceReference",
											"parameters": {
												"ServerName": "VHAL0CSS021AG01.healthcare.huarahi.health.govt.nz,2773",
												"DatabaseName": "DA_CRDS"
											}
										},
										"typeProperties": {
											"scripts": [
												{
													"type": "Query",
													"text": {
														"value": "@concat('TRUNCATE TABLE dbo.', item().TargetTableName)",
														"type": "Expression"
													}
												}
											],
											"scriptBlockExecutionTimeout": "02:00:00"
										}
									}
								]
							}
						}
					]
				}
			}
		],
		"parameters": {
			"TargetServerName": {
				"type": "string",
				"defaultValue": "VHAL0CSS021AG01.healthcare.huarahi.health.govt.nz,2773"
			},
			"TargetDatabase": {
				"type": "string",
				"defaultValue": "DA_CRDS"
			}
		},
		"variables": {
			"RowsCopied": {
				"type": "String"
			}
		},
		"folder": {
			"name": "TRAK"
		},
		"annotations": []
	}
}