{
	"name": "PL_DataFactoryConnTestAPI",
	"properties": {
		"activities": [
			{
				"name": "Get Medirota Key Vault Secret",
				"type": "WebActivity",
				"dependsOn": [
					{
						"activity": "Set RunID",
						"dependencyConditions": [
							"Completed"
						]
					}
				],
				"policy": {
					"timeout": "7.00:00:00",
					"retry": 0,
					"retryIntervalInSeconds": 30,
					"secureOutput": false,
					"secureInput": false
				},
				"userProperties": [],
				"typeProperties": {
					"url": {
						"value": "@concat(pipeline().globalParameters.GPKeyVaultURL,'secrets/MedirotaLogin/?api-version=7.0')",
						"type": "Expression"
					},
					"method": "GET",
					"authentication": {
						"type": "MSI",
						"resource": "https://vault.azure.net"
					}
				}
			},
			{
				"name": "Get Medirota Session Token",
				"type": "WebActivity",
				"dependsOn": [
					{
						"activity": "Get Medirota Key Vault Secret",
						"dependencyConditions": [
							"Completed"
						]
					}
				],
				"policy": {
					"timeout": "0.00:05:00",
					"retry": 0,
					"retryIntervalInSeconds": 30,
					"secureOutput": false,
					"secureInput": false
				},
				"userProperties": [],
				"typeProperties": {
					"url": {
						"value": "@concat('https://adhbadultcardio.medirota.com/publicapi/login')",
						"type": "Expression"
					},
					"method": "POST",
					"headers": {
						"Content-Type": {
							"value": "application/x-www-form-urlencoded",
							"type": "Expression"
						}
					},
					"body": {
						"value": "@activity('Get Medirota Key Vault Secret').output.value",
						"type": "Expression"
					},
					"disableCertValidation": false
				}
			},
			{
				"name": "Success Conn Check Medirota",
				"type": "SetVariable",
				"dependsOn": [
					{
						"activity": "Get Medirota Session Token",
						"dependencyConditions": [
							"Succeeded"
						]
					}
				],
				"userProperties": [],
				"typeProperties": {
					"variableName": "vStatusMessage",
					"value": {
						"value": "@concat('Success - connected to medirota and downloaded a token')",
						"type": "Expression"
					}
				}
			},
			{
				"name": "Failure Conn Check Medirota",
				"type": "SetVariable",
				"dependsOn": [
					{
						"activity": "Get Medirota Session Token",
						"dependencyConditions": [
							"Failed"
						]
					}
				],
				"userProperties": [],
				"typeProperties": {
					"variableName": "vStatusMessage",
					"value": {
						"value": "@concat('Failure- Did not download a Medirota token, the error message was',\nstring(activity('Get Medirota Session Token').Error.message))",
						"type": "Expression"
					}
				}
			},
			{
				"name": "Log Results -Medirota Conn Check",
				"type": "SqlServerStoredProcedure",
				"dependsOn": [
					{
						"activity": "Get Medirota Session Token",
						"dependencyConditions": [
							"Completed"
						]
					}
				],
				"policy": {
					"timeout": "0.12:00:00",
					"retry": 0,
					"retryIntervalInSeconds": 30,
					"secureOutput": false,
					"secureInput": false
				},
				"userProperties": [],
				"typeProperties": {
					"storedProcedureName": "[dfCheck].[InsertLogRecord]",
					"storedProcedureParameters": {
						"Duration": {
							"value": {
								"value": "0",
								"type": "Expression"
							},
							"type": "String"
						},
						"RunID": {
							"value": {
								"value": "@int(variables('vRunID'))",
								"type": "Expression"
							},
							"type": "Int32"
						},
						"StartDateTime": {
							"value": {
								"value": "@convertFromUtc(utcnow(), 'New Zealand Standard Time', 'yyyy-MM-dd HH:mm:ss')",
								"type": "Expression"
							},
							"type": "DateTime"
						},
						"StatusMessage": {
							"value": {
								"value": "@variables('vStatusMessage')",
								"type": "Expression"
							},
							"type": "String"
						},
						"TestType": {
							"value": {
								"value": "Connection Check - Medirota",
								"type": "Expression"
							},
							"type": "String"
						},
						"KeyVaultURL": {
							"value": {
								"value": "@pipeline().globalParameters.GPKeyVaultURL",
								"type": "Expression"
							},
							"type": "String"
						},
						"StorageAccountURL": {
							"value": {
								"value": "@pipeline().globalParameters.GPCDPADLSUrl",
								"type": "Expression"
							},
							"type": "String"
						}
					}
				},
				"linkedServiceName": {
					"referenceName": "LS_AZSQL_CDP",
					"type": "LinkedServiceReference",
					"parameters": {
						"KVConStrSecretName": "az-sql-mi-admin-password",
						"DatabaseName": "ADM_LOG"
					}
				}
			},
			{
				"name": "Get Latest RunID",
				"type": "Lookup",
				"dependsOn": [
					{
						"activity": "Check with Mahi e Taea  URL to use",
						"dependencyConditions": [
							"Completed"
						]
					}
				],
				"policy": {
					"timeout": "0.12:00:00",
					"retry": 0,
					"retryIntervalInSeconds": 30,
					"secureOutput": false,
					"secureInput": false
				},
				"userProperties": [],
				"typeProperties": {
					"source": {
						"type": "AzureSqlSource",
						"sqlReaderQuery": "  select isnull(max(RunID),1) RunID from dfCheck.DataFactoryConnCheck",
						"queryTimeout": "02:00:00",
						"partitionOption": "None"
					},
					"dataset": {
						"referenceName": "DS_AZSQL_Generic_Query",
						"type": "DatasetReference",
						"parameters": {
							"DatabaseName": "ADM_LOG",
							"KVConStrSecretName": "az-sql-mi-admin-password",
							"ServerName": {
								"value": "@pipeline().globalParameters.GPManagedAZSQLServerName",
								"type": "Expression"
							}
						}
					}
				}
			},
			{
				"name": "Set RunID",
				"type": "SetVariable",
				"dependsOn": [
					{
						"activity": "Get Latest RunID",
						"dependencyConditions": [
							"Completed"
						]
					}
				],
				"userProperties": [],
				"typeProperties": {
					"variableName": "vRunID",
					"value": {
						"value": "@string(activity('Get Latest RunID').output.firstRow.RunID)",
						"type": "Expression"
					}
				}
			},
			{
				"name": "MahiETaea GET access token",
				"description": "GET access token. Will be used to populate etl.Control.Token",
				"type": "WebActivity",
				"dependsOn": [
					{
						"activity": "MahiETaea AppKey variable",
						"dependencyConditions": [
							"Completed"
						]
					}
				],
				"policy": {
					"timeout": "00.00:05:00",
					"retry": 0,
					"retryIntervalInSeconds": 30,
					"secureOutput": true,
					"secureInput": true
				},
				"userProperties": [],
				"typeProperties": {
					"url": {
						"value": "@concat(\nvariables('AppiUrl')\n,'authentication/access_token'\n)",
						"type": "Expression"
					},
					"method": "POST",
					"headers": {
						"Content-Type": "application/x-www-form-urlencoded",
						"appkey": {
							"value": "@variables('AppKey')",
							"type": "Expression"
						}
					},
					"body": {
						"value": "@string(json(string(activity('MahiETaea GET login from keyvault').output.value)).MahieTaeaLogin)",
						"type": "Expression"
					}
				}
			},
			{
				"name": "MahiETaea GET login from keyvault",
				"description": "GET login from keyvault",
				"type": "WebActivity",
				"dependsOn": [
					{
						"activity": "Log Results -Medirota Conn Check",
						"dependencyConditions": [
							"Completed"
						]
					}
				],
				"policy": {
					"timeout": "00.00:05:00",
					"retry": 0,
					"retryIntervalInSeconds": 30,
					"secureOutput": true,
					"secureInput": true
				},
				"userProperties": [],
				"typeProperties": {
					"url": {
						"value": "@concat(pipeline().globalParameters.GPKeyVaultURL,'secrets/MahieTaeaLogin2/?api-version=7.0')",
						"type": "Expression"
					},
					"method": "GET",
					"authentication": {
						"type": "MSI",
						"resource": "https://vault.azure.net"
					}
				}
			},
			{
				"name": "MahiETaea AppKey variable",
				"description": "Get AppKey from KeyVault ",
				"type": "SetVariable",
				"dependsOn": [
					{
						"activity": "MahiETaea GET login from keyvault",
						"dependencyConditions": [
							"Completed"
						]
					}
				],
				"userProperties": [],
				"typeProperties": {
					"variableName": "AppKey",
					"value": {
						"value": "@string(json(string(activity('MahiETaea GET login from keyvault').output.value)).appkey)",
						"type": "Expression"
					}
				}
			},
			{
				"name": "Success Conn Check Mahi e Taea",
				"type": "SetVariable",
				"dependsOn": [
					{
						"activity": "MahiETaea GET access token",
						"dependencyConditions": [
							"Succeeded"
						]
					}
				],
				"userProperties": [],
				"typeProperties": {
					"variableName": "vStatusMessage",
					"value": {
						"value": "@concat('Success - connected to MahieTaea and downloaded a token')",
						"type": "Expression"
					}
				}
			},
			{
				"name": "Failure Conn Check Mahi e Taea",
				"type": "SetVariable",
				"dependsOn": [
					{
						"activity": "MahiETaea GET access token",
						"dependencyConditions": [
							"Failed"
						]
					}
				],
				"userProperties": [],
				"typeProperties": {
					"variableName": "vStatusMessage",
					"value": {
						"value": "@concat('Failure- Did not download a MahieTaea token, the error message was',\nstring(activity('MahiETaea GET access token').Error.message))",
						"type": "Expression"
					}
				}
			},
			{
				"name": "Log Results  - Mahi e Taea Conn Check",
				"type": "SqlServerStoredProcedure",
				"dependsOn": [
					{
						"activity": "MahiETaea GET access token",
						"dependencyConditions": [
							"Completed"
						]
					}
				],
				"policy": {
					"timeout": "0.12:00:00",
					"retry": 0,
					"retryIntervalInSeconds": 30,
					"secureOutput": false,
					"secureInput": false
				},
				"userProperties": [],
				"typeProperties": {
					"storedProcedureName": "[dfCheck].[InsertLogRecord]",
					"storedProcedureParameters": {
						"Duration": {
							"value": {
								"value": "0",
								"type": "Expression"
							},
							"type": "String"
						},
						"RunID": {
							"value": {
								"value": "@int(variables('vRunID'))",
								"type": "Expression"
							},
							"type": "Int32"
						},
						"StartDateTime": {
							"value": {
								"value": "@convertFromUtc(utcnow(), 'New Zealand Standard Time', 'yyyy-MM-dd HH:mm:ss')",
								"type": "Expression"
							},
							"type": "DateTime"
						},
						"StatusMessage": {
							"value": {
								"value": "@variables('vStatusMessage')",
								"type": "Expression"
							},
							"type": "String"
						},
						"TestType": {
							"value": {
								"value": "Connection Check - MahiETaea",
								"type": "Expression"
							},
							"type": "String"
						},
						"KeyVaultURL": {
							"value": {
								"value": "@pipeline().globalParameters.GPKeyVaultURL",
								"type": "Expression"
							},
							"type": "String"
						},
						"StorageAccountURL": {
							"value": {
								"value": "@pipeline().globalParameters.GPCDPADLSUrl",
								"type": "Expression"
							},
							"type": "String"
						}
					}
				},
				"linkedServiceName": {
					"referenceName": "LS_AZSQL_CDP",
					"type": "LinkedServiceReference",
					"parameters": {
						"KVConStrSecretName": "az-sql-mi-admin-password",
						"DatabaseName": "ADM_LOG"
					}
				}
			},
			{
				"name": "Azure AD AcquireToken",
				"type": "WebActivity",
				"dependsOn": [
					{
						"activity": "Azure AD GetSecret",
						"dependencyConditions": [
							"Completed"
						]
					}
				],
				"policy": {
					"timeout": "0.00:30:00",
					"retry": 0,
					"retryIntervalInSeconds": 30,
					"secureOutput": true,
					"secureInput": true
				},
				"userProperties": [],
				"typeProperties": {
					"url": {
						"value": "https://login.microsoftonline.com/494a2d87-24b5-42d8-8a3d-77448be1d46f/oauth2/v2.0/token",
						"type": "Expression"
					},
					"method": "POST",
					"headers": {
						"Content-Type": {
							"value": "application/x-www-form-urlencoded",
							"type": "Expression"
						}
					},
					"body": {
						"value": "@concat('grant_type=client_credentials\n&scope=https://graph.microsoft.com/.default',activity('Azure AD GetSecret').output.value)",
						"type": "Expression"
					}
				}
			},
			{
				"name": "Azure AD GetSecret",
				"type": "WebActivity",
				"dependsOn": [
					{
						"activity": "Log Results  - Mahi e Taea Conn Check",
						"dependencyConditions": [
							"Completed"
						]
					}
				],
				"policy": {
					"timeout": "0.00:30:00",
					"retry": 0,
					"retryIntervalInSeconds": 30,
					"secureOutput": true,
					"secureInput": true
				},
				"userProperties": [],
				"typeProperties": {
					"url": {
						"value": "@concat(pipeline().globalParameters.GPKeyVaultURL,'secrets/AutomationServicePrincipal/?api-version=7.0')",
						"type": "Expression"
					},
					"method": "GET",
					"linkedServices": [
						{
							"referenceName": "LS_AKV",
							"type": "LinkedServiceReference"
						}
					],
					"authentication": {
						"type": "MSI",
						"resource": {
							"value": "https://vault.azure.net",
							"type": "Expression"
						}
					}
				}
			},
			{
				"name": "Success Conn Check Azure AD",
				"type": "SetVariable",
				"dependsOn": [
					{
						"activity": "Azure AD AcquireToken",
						"dependencyConditions": [
							"Succeeded"
						]
					}
				],
				"userProperties": [],
				"typeProperties": {
					"variableName": "vStatusMessage",
					"value": {
						"value": "@concat('Success - connected to Azure AD and downloaded a token')",
						"type": "Expression"
					}
				}
			},
			{
				"name": "Failure Conn Check Mahi e Taea_copy1",
				"type": "SetVariable",
				"dependsOn": [
					{
						"activity": "Azure AD AcquireToken",
						"dependencyConditions": [
							"Failed"
						]
					}
				],
				"userProperties": [],
				"typeProperties": {
					"variableName": "vStatusMessage",
					"value": {
						"value": "@concat('Failure- Did not download a MahieTaea token, the error message was',\nstring(activity('Azure AD AcquireToken').Error.message))",
						"type": "Expression"
					}
				}
			},
			{
				"name": "Log Results  - Mahi e Taea Conn Check_copy1",
				"type": "SqlServerStoredProcedure",
				"dependsOn": [
					{
						"activity": "Azure AD AcquireToken",
						"dependencyConditions": [
							"Completed"
						]
					}
				],
				"policy": {
					"timeout": "0.12:00:00",
					"retry": 0,
					"retryIntervalInSeconds": 30,
					"secureOutput": false,
					"secureInput": false
				},
				"userProperties": [],
				"typeProperties": {
					"storedProcedureName": "[dfCheck].[InsertLogRecord]",
					"storedProcedureParameters": {
						"Duration": {
							"value": {
								"value": "0",
								"type": "Expression"
							},
							"type": "String"
						},
						"RunID": {
							"value": {
								"value": "@int(variables('vRunID'))",
								"type": "Expression"
							},
							"type": "Int32"
						},
						"StartDateTime": {
							"value": {
								"value": "@convertFromUtc(utcnow(), 'New Zealand Standard Time', 'yyyy-MM-dd HH:mm:ss')",
								"type": "Expression"
							},
							"type": "DateTime"
						},
						"StatusMessage": {
							"value": {
								"value": "@variables('vStatusMessage')",
								"type": "Expression"
							},
							"type": "String"
						},
						"TestType": {
							"value": {
								"value": "Connection Check - Azure AD",
								"type": "Expression"
							},
							"type": "String"
						},
						"KeyVaultURL": {
							"value": {
								"value": "@pipeline().globalParameters.GPKeyVaultURL",
								"type": "Expression"
							},
							"type": "String"
						},
						"StorageAccountURL": {
							"value": {
								"value": "@pipeline().globalParameters.GPCDPADLSUrl",
								"type": "Expression"
							},
							"type": "String"
						}
					}
				},
				"linkedServiceName": {
					"referenceName": "LS_AZSQL_CDP",
					"type": "LinkedServiceReference",
					"parameters": {
						"KVConStrSecretName": "az-sql-mi-admin-password",
						"DatabaseName": "ADM_LOG"
					}
				}
			},
			{
				"name": "Power Bi AcquireToken",
				"description": "POST to microsoft authentication API endpoint to acquire token",
				"type": "WebActivity",
				"dependsOn": [
					{
						"activity": "Power BI GetSecret",
						"dependencyConditions": [
							"Completed"
						]
					}
				],
				"policy": {
					"timeout": "0.00:30:00",
					"retry": 0,
					"retryIntervalInSeconds": 30,
					"secureOutput": true,
					"secureInput": true
				},
				"userProperties": [],
				"typeProperties": {
					"url": {
						"value": "https://login.microsoftonline.com/494a2d87-24b5-42d8-8a3d-77448be1d46f/oauth2/v2.0/token",
						"type": "Expression"
					},
					"method": "POST",
					"headers": {
						"Content-Type": {
							"value": "application/x-www-form-urlencoded",
							"type": "Expression"
						}
					},
					"body": {
						"value": "@concat('grant_type=client_credentials\n&scope=https://analysis.windows.net/powerbi/api/.default',activity('Power BI GetSecret').output.value)",
						"type": "Expression"
					}
				}
			},
			{
				"name": "Power BI GetSecret",
				"description": "Get secret from KV",
				"type": "WebActivity",
				"dependsOn": [
					{
						"activity": "Log Results  - Mahi e Taea Conn Check_copy1",
						"dependencyConditions": [
							"Completed"
						]
					}
				],
				"policy": {
					"timeout": "0.00:30:00",
					"retry": 0,
					"retryIntervalInSeconds": 30,
					"secureOutput": true,
					"secureInput": true
				},
				"userProperties": [],
				"typeProperties": {
					"url": {
						"value": "@concat(pipeline().globalParameters.GPKeyVaultURL,'secrets/AutomationServicePrincipal/?api-version=7.0')",
						"type": "Expression"
					},
					"method": "GET",
					"linkedServices": [
						{
							"referenceName": "LS_AKV",
							"type": "LinkedServiceReference"
						}
					],
					"authentication": {
						"type": "MSI",
						"resource": {
							"value": "https://vault.azure.net",
							"type": "Expression"
						}
					}
				}
			},
			{
				"name": "Success Conn Check Power BI",
				"type": "SetVariable",
				"dependsOn": [
					{
						"activity": "Power Bi AcquireToken",
						"dependencyConditions": [
							"Succeeded"
						]
					}
				],
				"userProperties": [],
				"typeProperties": {
					"variableName": "vStatusMessage",
					"value": {
						"value": "@concat('Success - connected to Power BI and downloaded a token')",
						"type": "Expression"
					}
				}
			},
			{
				"name": "Failure Conn Check Power BI",
				"type": "SetVariable",
				"dependsOn": [
					{
						"activity": "Power Bi AcquireToken",
						"dependencyConditions": [
							"Failed"
						]
					}
				],
				"userProperties": [],
				"typeProperties": {
					"variableName": "vStatusMessage",
					"value": {
						"value": "@concat('Failure- Did not download a Power BI token, the error message was',\nstring(activity('Power Bi AcquireToken').Error.message))",
						"type": "Expression"
					}
				}
			},
			{
				"name": "Log Results  - Power BI Conn Check",
				"type": "SqlServerStoredProcedure",
				"dependsOn": [
					{
						"activity": "Power Bi AcquireToken",
						"dependencyConditions": [
							"Completed"
						]
					}
				],
				"policy": {
					"timeout": "0.12:00:00",
					"retry": 0,
					"retryIntervalInSeconds": 30,
					"secureOutput": false,
					"secureInput": false
				},
				"userProperties": [],
				"typeProperties": {
					"storedProcedureName": "[dfCheck].[InsertLogRecord]",
					"storedProcedureParameters": {
						"Duration": {
							"value": {
								"value": "0",
								"type": "Expression"
							},
							"type": "String"
						},
						"RunID": {
							"value": {
								"value": "@int(variables('vRunID'))",
								"type": "Expression"
							},
							"type": "Int32"
						},
						"StartDateTime": {
							"value": {
								"value": "@convertFromUtc(utcnow(), 'New Zealand Standard Time', 'yyyy-MM-dd HH:mm:ss')",
								"type": "Expression"
							},
							"type": "DateTime"
						},
						"StatusMessage": {
							"value": {
								"value": "@variables('vStatusMessage')",
								"type": "Expression"
							},
							"type": "String"
						},
						"TestType": {
							"value": {
								"value": "Connection Check - Power BI",
								"type": "Expression"
							},
							"type": "String"
						},
						"KeyVaultURL": {
							"value": {
								"value": "@pipeline().globalParameters.GPKeyVaultURL",
								"type": "Expression"
							},
							"type": "String"
						},
						"StorageAccountURL": {
							"value": {
								"value": "@pipeline().globalParameters.GPCDPADLSUrl",
								"type": "Expression"
							},
							"type": "String"
						}
					}
				},
				"linkedServiceName": {
					"referenceName": "LS_AZSQL_CDP",
					"type": "LinkedServiceReference",
					"parameters": {
						"KVConStrSecretName": "az-sql-mi-admin-password",
						"DatabaseName": "ADM_LOG"
					}
				}
			},
			{
				"name": "Check with Mahi e Taea  URL to use",
				"type": "Switch",
				"dependsOn": [],
				"userProperties": [],
				"typeProperties": {
					"on": {
						"value": "@pipeline().globalParameters.GPCDPADLSUrl",
						"type": "Expression"
					},
					"cases": [
						{
							"value": "https://acccdpadlsae1.dfs.core.windows.net/",
							"activities": [
								{
									"name": "Set variable1",
									"type": "SetVariable",
									"dependsOn": [],
									"userProperties": [],
									"typeProperties": {
										"variableName": "AppiUrl",
										"value": "https://northerndhbs.prd.mykronos.com/api/"
									}
								}
							]
						},
						{
							"value": "https://devcdpadlsae1.dfs.core.windows.net/",
							"activities": [
								{
									"name": "Set variable3",
									"type": "SetVariable",
									"dependsOn": [],
									"userProperties": [],
									"typeProperties": {
										"variableName": "AppiUrl",
										"value": {
											"value": "https://northerndhbs-trn.npr.mykronos.com/api/",
											"type": "Expression"
										}
									}
								}
							]
						},
						{
							"value": "https://prodcdpadlsae1.dfs.core.windows.net/",
							"activities": [
								{
									"name": "Set variable4",
									"type": "SetVariable",
									"dependsOn": [],
									"userProperties": [],
									"typeProperties": {
										"variableName": "AppiUrl",
										"value": {
											"value": "https://northerndhbs.prd.mykronos.com/api/",
											"type": "Expression"
										}
									}
								}
							]
						}
					]
				}
			}
		],
		"variables": {
			"vKeyVaultUrl": {
				"type": "String"
			},
			"vStatusMessage": {
				"type": "String"
			},
			"vRunID": {
				"type": "String"
			},
			"AppKey": {
				"type": "String"
			},
			"AppiUrl": {
				"type": "String"
			}
		},
		"folder": {
			"name": "Utilities"
		},
		"annotations": [],
		"lastPublishTime": "2022-10-06T04:07:01Z"
	},
	"type": "Microsoft.DataFactory/factories/pipelines"
}