{
	"name": "PL_DataFactoryConnTest",
	"properties": {
		"description": "\n",
		"activities": [
			{
				"name": "Conn Check - Key Vault",
				"type": "WebActivity",
				"dependsOn": [
					{
						"activity": "Set RunID",
						"dependencyConditions": [
							"Succeeded"
						]
					}
				],
				"policy": {
					"timeout": "0.12:00:00",
					"retry": 0,
					"retryIntervalInSeconds": 30,
					"secureOutput": false,
					"secureInput": false
				},
				"userProperties": [],
				"typeProperties": {
					"url": {
						"value": "@concat(pipeline().globalParameters.GPKeyVaultURL,'secrets/',pipeline().parameters.KVSecretName,'/?api-version=7.0')",
						"type": "Expression"
					},
					"method": "GET",
					"authentication": {
						"type": "MSI",
						"resource": "https://vault.azure.net"
					}
				}
			},
			{
				"name": "Success Conn Check Key Vault",
				"type": "SetVariable",
				"dependsOn": [
					{
						"activity": "Conn Check - Key Vault",
						"dependencyConditions": [
							"Succeeded"
						]
					}
				],
				"userProperties": [],
				"typeProperties": {
					"variableName": "vStatusMessage",
					"value": {
						"value": "@concat('Success - connected to the keyvault and read a secret. The secret vlaue was ',activity('Conn Check - Key Vault').output.value)",
						"type": "Expression"
					}
				}
			},
			{
				"name": "Failure Conn Check Key Vault",
				"type": "SetVariable",
				"dependsOn": [
					{
						"activity": "Conn Check - Key Vault",
						"dependencyConditions": [
							"Failed"
						]
					}
				],
				"userProperties": [],
				"typeProperties": {
					"variableName": "vStatusMessage",
					"value": {
						"value": "@concat('Failure- Did not get the secret from the key vault, the error message was',\nstring(activity('Conn Check - Key Vault').Error.message))",
						"type": "Expression"
					}
				}
			},
			{
				"name": "Log Results - Key vault Conn Check",
				"type": "SqlServerStoredProcedure",
				"dependsOn": [
					{
						"activity": "Conn Check - Key Vault",
						"dependencyConditions": [
							"Completed"
						]
					}
				],
				"policy": {
					"timeout": "0.12:00:00",
					"retry": 0,
					"retryIntervalInSeconds": 30,
					"secureOutput": false,
					"secureInput": false
				},
				"userProperties": [],
				"typeProperties": {
					"storedProcedureName": "[dfCheck].[InsertLogRecord]",
					"storedProcedureParameters": {
						"Duration": {
							"value": {
								"value": "@activity('Conn Check - Key Vault').output.executionDuration",
								"type": "Expression"
							},
							"type": "String"
						},
						"RunID": {
							"value": {
								"value": "@int(variables('vRunID'))",
								"type": "Expression"
							},
							"type": "Int32"
						},
						"StartDateTime": {
							"value": {
								"value": "@convertFromUtc(utcnow(), 'New Zealand Standard Time', 'yyyy-MM-dd HH:mm:ss')",
								"type": "Expression"
							},
							"type": "DateTime"
						},
						"StatusMessage": {
							"value": {
								"value": "@variables('vStatusMessage')",
								"type": "Expression"
							},
							"type": "String"
						},
						"TestType": {
							"value": {
								"value": "Connection Check - Key Vault",
								"type": "Expression"
							},
							"type": "String"
						},
						"KeyVaultURL": {
							"value": {
								"value": "@pipeline().globalParameters.GPKeyVaultURL",
								"type": "Expression"
							},
							"type": "String"
						},
						"StorageAccountURL": {
							"value": {
								"value": "@pipeline().globalParameters.GPCDPADLSUrl",
								"type": "Expression"
							},
							"type": "String"
						}
					}
				},
				"linkedServiceName": {
					"referenceName": "LS_AZSQL_CDP",
					"type": "LinkedServiceReference",
					"parameters": {
						"KVConStrSecretName": "az-sql-mi-admin-password",
						"DatabaseName": "ADM_LOG"
					}
				}
			},
			{
				"name": "Get Latest RunID",
				"type": "Lookup",
				"dependsOn": [],
				"policy": {
					"timeout": "0.12:00:00",
					"retry": 0,
					"retryIntervalInSeconds": 30,
					"secureOutput": false,
					"secureInput": false
				},
				"userProperties": [],
				"typeProperties": {
					"source": {
						"type": "AzureSqlSource",
						"sqlReaderQuery": "  select isnull(max(RunID)+1,1) RunID from dfCheck.DataFactoryConnCheck",
						"queryTimeout": "02:00:00",
						"partitionOption": "None"
					},
					"dataset": {
						"referenceName": "DS_AZSQL_Generic_Query",
						"type": "DatasetReference",
						"parameters": {
							"DatabaseName": "ADM_LOG",
							"KVConStrSecretName": "az-sql-mi-admin-password",
							"ServerName": {
								"value": "@pipeline().globalParameters.GPManagedAZSQLServerName",
								"type": "Expression"
							}
						}
					}
				}
			},
			{
				"name": "Set RunID",
				"type": "SetVariable",
				"dependsOn": [
					{
						"activity": "Get Latest RunID",
						"dependencyConditions": [
							"Succeeded"
						]
					}
				],
				"userProperties": [],
				"typeProperties": {
					"variableName": "vRunID",
					"value": {
						"value": "@string(activity('Get Latest RunID').output.firstRow.RunID)",
						"type": "Expression"
					}
				}
			},
			{
				"name": "Conn Check - Read Blob Storage",
				"type": "Lookup",
				"dependsOn": [
					{
						"activity": "Log Results - Key vault Conn Check",
						"dependencyConditions": [
							"Completed"
						]
					}
				],
				"policy": {
					"timeout": "0.12:00:00",
					"retry": 0,
					"retryIntervalInSeconds": 30,
					"secureOutput": false,
					"secureInput": false
				},
				"userProperties": [],
				"typeProperties": {
					"source": {
						"type": "JsonSource",
						"storeSettings": {
							"type": "AzureBlobFSReadSettings",
							"recursive": true,
							"enablePartitionDiscovery": false
						},
						"formatSettings": {
							"type": "JsonReadSettings"
						}
					},
					"dataset": {
						"referenceName": "DS_ADLS_JSON_Generic",
						"type": "DatasetReference",
						"parameters": {
							"PContainerName": "bronze",
							"PFolderPath": {
								"value": "medirota/Trigger/Load_DL",
								"type": "Expression"
							},
							"PFileName": "template.json",
							"PStorageAccount": {
								"value": "@pipeline().globalParameters.GPCDPADLSUrl",
								"type": "Expression"
							},
							"PStorageAccountSecretName": "adlscdpaccountkey"
						}
					}
				}
			},
			{
				"name": "Success Conn Check Read BlobStorage",
				"type": "SetVariable",
				"dependsOn": [
					{
						"activity": "Conn Check - Read Blob Storage",
						"dependencyConditions": [
							"Succeeded"
						]
					}
				],
				"userProperties": [],
				"typeProperties": {
					"variableName": "vStatusMessage",
					"value": {
						"value": "@concat('Success - connected to the Blob Storage and read a file')",
						"type": "Expression"
					}
				}
			},
			{
				"name": "Failure Conn Read BlobStorage",
				"type": "SetVariable",
				"dependsOn": [
					{
						"activity": "Conn Check - Read Blob Storage",
						"dependencyConditions": [
							"Failed"
						]
					}
				],
				"userProperties": [],
				"typeProperties": {
					"variableName": "vStatusMessage",
					"value": {
						"value": "@concat('Failure- Could not connect to the BlobStorage, the error message was',\nstring(activity('Conn Check - Read Blob Storage').Error.message))",
						"type": "Expression"
					}
				}
			},
			{
				"name": "Log Results -  Conn Check BlobStorage",
				"type": "SqlServerStoredProcedure",
				"dependsOn": [
					{
						"activity": "Conn Check - Read Blob Storage",
						"dependencyConditions": [
							"Completed"
						]
					}
				],
				"policy": {
					"timeout": "0.12:00:00",
					"retry": 0,
					"retryIntervalInSeconds": 30,
					"secureOutput": false,
					"secureInput": false
				},
				"userProperties": [],
				"typeProperties": {
					"storedProcedureName": "[dfCheck].[InsertLogRecord]",
					"storedProcedureParameters": {
						"Duration": {
							"value": {
								"value": "0",
								"type": "Expression"
							},
							"type": "String"
						},
						"RunID": {
							"value": {
								"value": "@int(variables('vRunID'))",
								"type": "Expression"
							},
							"type": "Int32"
						},
						"StartDateTime": {
							"value": {
								"value": "@convertFromUtc(utcnow(), 'New Zealand Standard Time', 'yyyy-MM-dd HH:mm:ss')",
								"type": "Expression"
							},
							"type": "DateTime"
						},
						"StatusMessage": {
							"value": {
								"value": "@variables('vStatusMessage')",
								"type": "Expression"
							},
							"type": "String"
						},
						"TestType": {
							"value": {
								"value": "Connection Check - Read BlobStorage",
								"type": "Expression"
							},
							"type": "String"
						},
						"KeyVaultURL": {
							"value": {
								"value": "@pipeline().globalParameters.GPKeyVaultURL",
								"type": "Expression"
							},
							"type": "String"
						},
						"StorageAccountURL": {
							"value": {
								"value": "@pipeline().globalParameters.GPCDPADLSUrl",
								"type": "Expression"
							},
							"type": "String"
						}
					}
				},
				"linkedServiceName": {
					"referenceName": "LS_AZSQL_CDP",
					"type": "LinkedServiceReference",
					"parameters": {
						"KVConStrSecretName": "az-sql-mi-admin-password",
						"DatabaseName": "ADM_LOG"
					}
				}
			},
			{
				"name": "Conn Check - ReadWrite Blob Storage",
				"type": "Copy",
				"dependsOn": [
					{
						"activity": "Log Results -  Conn Check BlobStorage",
						"dependencyConditions": [
							"Completed"
						]
					}
				],
				"policy": {
					"timeout": "0.12:00:00",
					"retry": 0,
					"retryIntervalInSeconds": 30,
					"secureOutput": false,
					"secureInput": false
				},
				"userProperties": [],
				"typeProperties": {
					"source": {
						"type": "JsonSource",
						"storeSettings": {
							"type": "AzureBlobFSReadSettings",
							"recursive": true,
							"enablePartitionDiscovery": false
						},
						"formatSettings": {
							"type": "JsonReadSettings"
						}
					},
					"sink": {
						"type": "JsonSink",
						"storeSettings": {
							"type": "AzureBlobFSWriteSettings"
						},
						"formatSettings": {
							"type": "JsonWriteSettings"
						}
					},
					"enableStaging": false
				},
				"inputs": [
					{
						"referenceName": "DS_ADLS_JSON_Generic",
						"type": "DatasetReference",
						"parameters": {
							"PContainerName": {
								"value": "bronze",
								"type": "Expression"
							},
							"PFolderPath": {
								"value": "medirota/Trigger/Load_DL",
								"type": "Expression"
							},
							"PFileName": {
								"value": "template.json",
								"type": "Expression"
							},
							"PStorageAccount": {
								"value": "@pipeline().globalParameters.GPCDPADLSUrl",
								"type": "Expression"
							},
							"PStorageAccountSecretName": "adlscdpaccountkey"
						}
					}
				],
				"outputs": [
					{
						"referenceName": "DS_ADLS_JSON_Generic",
						"type": "DatasetReference",
						"parameters": {
							"PContainerName": {
								"value": "bronze",
								"type": "Expression"
							},
							"PFolderPath": "medirota/Trigger/Load_DL",
							"PFileName": "ConnCheckBlobStorageReadWrite.json",
							"PStorageAccount": {
								"value": "@pipeline().globalParameters.GPCDPADLSUrl",
								"type": "Expression"
							},
							"PStorageAccountSecretName": "adlscdpaccountkey"
						}
					}
				]
			},
			{
				"name": "Success Conn Check ReadWrite BlobStorage_copy1",
				"type": "SetVariable",
				"dependsOn": [
					{
						"activity": "Conn Check - ReadWrite Blob Storage",
						"dependencyConditions": [
							"Succeeded"
						]
					}
				],
				"userProperties": [],
				"typeProperties": {
					"variableName": "vStatusMessage",
					"value": {
						"value": "@concat('Success - connected to the Blob Storage and Wrote a file')",
						"type": "Expression"
					}
				}
			},
			{
				"name": "Failure Conn ReadWrite BlobStorage",
				"type": "SetVariable",
				"dependsOn": [
					{
						"activity": "Conn Check - ReadWrite Blob Storage",
						"dependencyConditions": [
							"Failed"
						]
					}
				],
				"userProperties": [],
				"typeProperties": {
					"variableName": "vStatusMessage",
					"value": {
						"value": "@concat('Failure- Could not Write to the BlobStorage, the error message was',\nstring(activity('Conn Check - ReadWrite Blob Storage').Error.message))",
						"type": "Expression"
					}
				}
			},
			{
				"name": "Log Results -  Conn Check BlobStorage ReadWrite",
				"type": "SqlServerStoredProcedure",
				"dependsOn": [
					{
						"activity": "Conn Check - ReadWrite Blob Storage",
						"dependencyConditions": [
							"Completed"
						]
					}
				],
				"policy": {
					"timeout": "0.12:00:00",
					"retry": 0,
					"retryIntervalInSeconds": 30,
					"secureOutput": false,
					"secureInput": false
				},
				"userProperties": [],
				"typeProperties": {
					"storedProcedureName": "[dfCheck].[InsertLogRecord]",
					"storedProcedureParameters": {
						"Duration": {
							"value": {
								"value": "0",
								"type": "Expression"
							},
							"type": "String"
						},
						"RunID": {
							"value": {
								"value": "@int(variables('vRunID'))",
								"type": "Expression"
							},
							"type": "Int32"
						},
						"StartDateTime": {
							"value": {
								"value": "@convertFromUtc(utcnow(), 'New Zealand Standard Time', 'yyyy-MM-dd HH:mm:ss')",
								"type": "Expression"
							},
							"type": "DateTime"
						},
						"StatusMessage": {
							"value": {
								"value": "@variables('vStatusMessage')",
								"type": "Expression"
							},
							"type": "String"
						},
						"TestType": {
							"value": {
								"value": "Connection Check - ReadWrite BlobStorage",
								"type": "Expression"
							},
							"type": "String"
						},
						"KeyVaultURL": {
							"value": {
								"value": "@pipeline().globalParameters.GPKeyVaultURL",
								"type": "Expression"
							},
							"type": "String"
						},
						"StorageAccountURL": {
							"value": {
								"value": "@pipeline().globalParameters.GPCDPADLSUrl",
								"type": "Expression"
							},
							"type": "String"
						}
					}
				},
				"linkedServiceName": {
					"referenceName": "LS_AZSQL_CDP",
					"type": "LinkedServiceReference",
					"parameters": {
						"KVConStrSecretName": "az-sql-mi-admin-password",
						"DatabaseName": "ADM_LOG"
					}
				}
			},
			{
				"name": "Conn Check - Read from SQL OnPrem Helios",
				"type": "Lookup",
				"dependsOn": [
					{
						"activity": "Log Results -  Conn Check BlobStorage ReadWrite",
						"dependencyConditions": [
							"Completed"
						]
					}
				],
				"policy": {
					"timeout": "0.12:00:00",
					"retry": 0,
					"retryIntervalInSeconds": 30,
					"secureOutput": false,
					"secureInput": false
				},
				"userProperties": [],
				"typeProperties": {
					"source": {
						"type": "SqlServerSource",
						"sqlReaderQuery": "select top 1 * from adm.SelfService_Target",
						"queryTimeout": "02:00:00",
						"partitionOption": "None"
					},
					"dataset": {
						"referenceName": "DS_MSSQL_OnPrem_Generic_Query",
						"type": "DatasetReference",
						"parameters": {
							"ServerName": "VHAL0CSS021AG01.healthcare.huarahi.health.govt.nz,2773",
							"DatabaseName": "ADHB_DA_ODS_Dev"
						}
					}
				}
			},
			{
				"name": "Success Conn Check Read OnPrem SQL",
				"type": "SetVariable",
				"dependsOn": [
					{
						"activity": "Conn Check - Read from SQL OnPrem Helios",
						"dependencyConditions": [
							"Succeeded"
						]
					}
				],
				"userProperties": [],
				"typeProperties": {
					"variableName": "vStatusMessage",
					"value": {
						"value": "@concat('Success - connected to the on prem Helios Database')",
						"type": "Expression"
					}
				}
			},
			{
				"name": "Failure Conn Read OnPrem SQL",
				"type": "SetVariable",
				"dependsOn": [
					{
						"activity": "Conn Check - Read from SQL OnPrem Helios",
						"dependencyConditions": [
							"Failed"
						]
					}
				],
				"userProperties": [],
				"typeProperties": {
					"variableName": "vStatusMessage",
					"value": {
						"value": "@concat('Failure- Could not read from the on Prem SQL, the error message was',\nstring(activity('Conn Check - Read from SQL OnPrem Helios').Error.message))",
						"type": "Expression"
					}
				}
			},
			{
				"name": "Log Results -  Conn Check Read on Prem SQL",
				"type": "SqlServerStoredProcedure",
				"dependsOn": [
					{
						"activity": "Conn Check - Read from SQL OnPrem Helios",
						"dependencyConditions": [
							"Completed"
						]
					}
				],
				"policy": {
					"timeout": "0.12:00:00",
					"retry": 0,
					"retryIntervalInSeconds": 30,
					"secureOutput": false,
					"secureInput": false
				},
				"userProperties": [],
				"typeProperties": {
					"storedProcedureName": "[dfCheck].[InsertLogRecord]",
					"storedProcedureParameters": {
						"Duration": {
							"value": {
								"value": "0",
								"type": "Expression"
							},
							"type": "String"
						},
						"RunID": {
							"value": {
								"value": "@int(variables('vRunID'))",
								"type": "Expression"
							},
							"type": "Int32"
						},
						"StartDateTime": {
							"value": {
								"value": "@convertFromUtc(utcnow(), 'New Zealand Standard Time', 'yyyy-MM-dd HH:mm:ss')",
								"type": "Expression"
							},
							"type": "DateTime"
						},
						"StatusMessage": {
							"value": {
								"value": "@variables('vStatusMessage')",
								"type": "Expression"
							},
							"type": "String"
						},
						"TestType": {
							"value": {
								"value": "Connection Check - Read OnPrem SQL Helios Database",
								"type": "Expression"
							},
							"type": "String"
						},
						"KeyVaultURL": {
							"value": {
								"value": "@pipeline().globalParameters.GPKeyVaultURL",
								"type": "Expression"
							},
							"type": "String"
						},
						"StorageAccountURL": {
							"value": {
								"value": "@pipeline().globalParameters.GPCDPADLSUrl",
								"type": "Expression"
							},
							"type": "String"
						}
					}
				},
				"linkedServiceName": {
					"referenceName": "LS_AZSQL_CDP",
					"type": "LinkedServiceReference",
					"parameters": {
						"KVConStrSecretName": "az-sql-mi-admin-password",
						"DatabaseName": "ADM_LOG"
					}
				}
			},
			{
				"name": "Conn Check - Write to OnPrem Helios SQL",
				"type": "Script",
				"dependsOn": [
					{
						"activity": "Log Results -  Conn Check Read on Prem SQL",
						"dependencyConditions": [
							"Completed"
						]
					}
				],
				"policy": {
					"timeout": "0.12:00:00",
					"retry": 0,
					"retryIntervalInSeconds": 30,
					"secureOutput": false,
					"secureInput": false
				},
				"userProperties": [],
				"linkedServiceName": {
					"referenceName": "LS_MSSQL_OnPrem",
					"type": "LinkedServiceReference",
					"parameters": {
						"ServerName": "VHAL0CSS021AG01.healthcare.huarahi.health.govt.nz,2773",
						"DatabaseName": "ADHB_DA_ODS_DEV"
					}
				},
				"typeProperties": {
					"scripts": [
						{
							"type": "Query",
							"text": "update dbo.DataFactoryConnectionCheck set DateTimeInsert=Getdate()"
						}
					]
				}
			},
			{
				"name": "Success Conn Check Write OnPrem SQL",
				"type": "SetVariable",
				"dependsOn": [
					{
						"activity": "Conn Check - Write to OnPrem Helios SQL",
						"dependencyConditions": [
							"Succeeded"
						]
					}
				],
				"userProperties": [],
				"typeProperties": {
					"variableName": "vStatusMessage",
					"value": {
						"value": "@concat('Success - Wrote to the on prem Helios Database')",
						"type": "Expression"
					}
				}
			},
			{
				"name": "Failure Conn Read OnPrem SQL_copy1",
				"type": "SetVariable",
				"dependsOn": [
					{
						"activity": "Conn Check - Write to OnPrem Helios SQL",
						"dependencyConditions": [
							"Failed"
						]
					}
				],
				"userProperties": [],
				"typeProperties": {
					"variableName": "vStatusMessage",
					"value": {
						"value": "@concat('Failure- Could not read from the on Prem SQL, the error message was',\nstring(activity('Conn Check - Write to OnPrem Helios SQL').Error.message))",
						"type": "Expression"
					}
				}
			},
			{
				"name": "Log Results -  Conn Check Write on Prem SQL",
				"type": "SqlServerStoredProcedure",
				"dependsOn": [
					{
						"activity": "Conn Check - Write to OnPrem Helios SQL",
						"dependencyConditions": [
							"Completed"
						]
					}
				],
				"policy": {
					"timeout": "0.12:00:00",
					"retry": 0,
					"retryIntervalInSeconds": 30,
					"secureOutput": false,
					"secureInput": false
				},
				"userProperties": [],
				"typeProperties": {
					"storedProcedureName": "[dfCheck].[InsertLogRecord]",
					"storedProcedureParameters": {
						"Duration": {
							"value": {
								"value": "0",
								"type": "Expression"
							},
							"type": "String"
						},
						"RunID": {
							"value": {
								"value": "@int(variables('vRunID'))",
								"type": "Expression"
							},
							"type": "Int32"
						},
						"StartDateTime": {
							"value": {
								"value": "@convertFromUtc(utcnow(), 'New Zealand Standard Time', 'yyyy-MM-dd HH:mm:ss')",
								"type": "Expression"
							},
							"type": "DateTime"
						},
						"StatusMessage": {
							"value": {
								"value": "@variables('vStatusMessage')",
								"type": "Expression"
							},
							"type": "String"
						},
						"TestType": {
							"value": {
								"value": "Connection Check - Write OnPrem SQL Helios Database",
								"type": "Expression"
							},
							"type": "String"
						},
						"KeyVaultURL": {
							"value": {
								"value": "@pipeline().globalParameters.GPKeyVaultURL",
								"type": "Expression"
							},
							"type": "String"
						},
						"StorageAccountURL": {
							"value": {
								"value": "@pipeline().globalParameters.GPCDPADLSUrl",
								"type": "Expression"
							},
							"type": "String"
						}
					}
				},
				"linkedServiceName": {
					"referenceName": "LS_AZSQL_CDP",
					"type": "LinkedServiceReference",
					"parameters": {
						"KVConStrSecretName": "az-sql-mi-admin-password",
						"DatabaseName": "ADM_LOG"
					}
				}
			},
			{
				"name": "Conn Check - Read from SQL MI",
				"type": "Lookup",
				"dependsOn": [
					{
						"activity": "Log Results -  Conn Check Write on Prem SQL",
						"dependencyConditions": [
							"Completed"
						]
					}
				],
				"policy": {
					"timeout": "0.12:00:00",
					"retry": 0,
					"retryIntervalInSeconds": 30,
					"secureOutput": false,
					"secureInput": false
				},
				"userProperties": [],
				"typeProperties": {
					"source": {
						"type": "AzureSqlSource",
						"sqlReaderQuery": "select top 1 * from dfCheck.DataFactoryConnCheck",
						"queryTimeout": "02:00:00",
						"partitionOption": "None"
					},
					"dataset": {
						"referenceName": "DS_AZSQL_Generic_Query",
						"type": "DatasetReference",
						"parameters": {
							"DatabaseName": "ADM_LOG",
							"KVConStrSecretName": "az-sql-mi-admin-password",
							"ServerName": {
								"value": "@pipeline().globalParameters.GPManagedAZSQLServerName",
								"type": "Expression"
							}
						}
					}
				}
			},
			{
				"name": "Success Conn Check Read MI SQL",
				"type": "SetVariable",
				"dependsOn": [
					{
						"activity": "Conn Check - Read from SQL MI",
						"dependencyConditions": [
							"Succeeded"
						]
					}
				],
				"userProperties": [],
				"typeProperties": {
					"variableName": "vStatusMessage",
					"value": {
						"value": "@concat('Success - Read from the SQL MI Database')",
						"type": "Expression"
					}
				}
			},
			{
				"name": "Failure Conn Read MI SQL",
				"type": "SetVariable",
				"dependsOn": [
					{
						"activity": "Conn Check - Read from SQL MI",
						"dependencyConditions": [
							"Failed"
						]
					}
				],
				"userProperties": [],
				"typeProperties": {
					"variableName": "vStatusMessage",
					"value": {
						"value": "@concat('Failure- Could not read from the on Prem SQL, the error message was',\nstring(activity('Conn Check - Read from SQL MI').Error.message))",
						"type": "Expression"
					}
				}
			},
			{
				"name": "Log Results -  Conn Check Read MI SQL",
				"type": "SqlServerStoredProcedure",
				"dependsOn": [
					{
						"activity": "Conn Check - Read from SQL MI",
						"dependencyConditions": [
							"Completed"
						]
					}
				],
				"policy": {
					"timeout": "0.12:00:00",
					"retry": 0,
					"retryIntervalInSeconds": 30,
					"secureOutput": false,
					"secureInput": false
				},
				"userProperties": [],
				"typeProperties": {
					"storedProcedureName": "[dfCheck].[InsertLogRecord]",
					"storedProcedureParameters": {
						"Duration": {
							"value": {
								"value": "0",
								"type": "Expression"
							},
							"type": "String"
						},
						"RunID": {
							"value": {
								"value": "@int(variables('vRunID'))",
								"type": "Expression"
							},
							"type": "Int32"
						},
						"StartDateTime": {
							"value": {
								"value": "@convertFromUtc(utcnow(), 'New Zealand Standard Time', 'yyyy-MM-dd HH:mm:ss')",
								"type": "Expression"
							},
							"type": "DateTime"
						},
						"StatusMessage": {
							"value": {
								"value": "@variables('vStatusMessage')",
								"type": "Expression"
							},
							"type": "String"
						},
						"TestType": {
							"value": {
								"value": "Connection Check - Read MI SQL Database",
								"type": "Expression"
							},
							"type": "String"
						},
						"KeyVaultURL": {
							"value": {
								"value": "@pipeline().globalParameters.GPKeyVaultURL",
								"type": "Expression"
							},
							"type": "String"
						},
						"StorageAccountURL": {
							"value": {
								"value": "@pipeline().globalParameters.GPCDPADLSUrl",
								"type": "Expression"
							},
							"type": "String"
						}
					}
				},
				"linkedServiceName": {
					"referenceName": "LS_AZSQL_CDP",
					"type": "LinkedServiceReference",
					"parameters": {
						"KVConStrSecretName": "az-sql-mi-admin-password",
						"DatabaseName": "ADM_LOG"
					}
				}
			},
			{
				"name": "Conn Check - Write to MI SQL",
				"type": "Script",
				"dependsOn": [
					{
						"activity": "Log Results -  Conn Check Read MI SQL",
						"dependencyConditions": [
							"Completed"
						]
					}
				],
				"policy": {
					"timeout": "0.12:00:00",
					"retry": 0,
					"retryIntervalInSeconds": 30,
					"secureOutput": false,
					"secureInput": false
				},
				"userProperties": [],
				"linkedServiceName": {
					"referenceName": "LS_AZSQL_CDP",
					"type": "LinkedServiceReference",
					"parameters": {
						"KVConStrSecretName": "az-sql-mi-admin-password",
						"DatabaseName": "ADM_LOG"
					}
				},
				"typeProperties": {
					"scripts": [
						{
							"type": "Query",
							"text": "update dfCheck.DataFactoryConnCheck set Duration=0 where Duration=0"
						}
					]
				}
			},
			{
				"name": "Success Conn Check Write MI SQL_copy1",
				"type": "SetVariable",
				"dependsOn": [
					{
						"activity": "Conn Check - Write to MI SQL",
						"dependencyConditions": [
							"Succeeded"
						]
					}
				],
				"userProperties": [],
				"typeProperties": {
					"variableName": "vStatusMessage",
					"value": {
						"value": "@concat('Success - Wrote to the SQL MI Database')",
						"type": "Expression"
					}
				}
			},
			{
				"name": "Failure Conn Write MI SQL",
				"type": "SetVariable",
				"dependsOn": [
					{
						"activity": "Conn Check - Write to MI SQL",
						"dependencyConditions": [
							"Failed"
						]
					}
				],
				"userProperties": [],
				"typeProperties": {
					"variableName": "vStatusMessage",
					"value": {
						"value": "@concat('Failure- Could not write to MI SQL, the error message was',\nstring(activity('Conn Check - Write to MI SQL').Error.message))",
						"type": "Expression"
					}
				}
			},
			{
				"name": "Log Results -  Conn Check Write MI SQL",
				"type": "SqlServerStoredProcedure",
				"dependsOn": [
					{
						"activity": "Conn Check - Write to MI SQL",
						"dependencyConditions": [
							"Completed"
						]
					}
				],
				"policy": {
					"timeout": "0.12:00:00",
					"retry": 0,
					"retryIntervalInSeconds": 30,
					"secureOutput": false,
					"secureInput": false
				},
				"userProperties": [],
				"typeProperties": {
					"storedProcedureName": "[dfCheck].[InsertLogRecord]",
					"storedProcedureParameters": {
						"Duration": {
							"value": {
								"value": "0",
								"type": "Expression"
							},
							"type": "String"
						},
						"RunID": {
							"value": {
								"value": "@int(variables('vRunID'))",
								"type": "Expression"
							},
							"type": "Int32"
						},
						"StartDateTime": {
							"value": {
								"value": "@convertFromUtc(utcnow(), 'New Zealand Standard Time', 'yyyy-MM-dd HH:mm:ss')",
								"type": "Expression"
							},
							"type": "DateTime"
						},
						"StatusMessage": {
							"value": {
								"value": "@variables('vStatusMessage')",
								"type": "Expression"
							},
							"type": "String"
						},
						"TestType": {
							"value": {
								"value": "Connection Check - Write MI SQL Database",
								"type": "Expression"
							},
							"type": "String"
						},
						"KeyVaultURL": {
							"value": {
								"value": "@pipeline().globalParameters.GPKeyVaultURL",
								"type": "Expression"
							},
							"type": "String"
						},
						"StorageAccountURL": {
							"value": {
								"value": "@pipeline().globalParameters.GPCDPADLSUrl",
								"type": "Expression"
							},
							"type": "String"
						}
					}
				},
				"linkedServiceName": {
					"referenceName": "LS_AZSQL_CDP",
					"type": "LinkedServiceReference",
					"parameters": {
						"KVConStrSecretName": "az-sql-mi-admin-password",
						"DatabaseName": "ADM_LOG"
					}
				}
			},
			{
				"name": "PL_DataFactoryConnTestAPI",
				"type": "ExecutePipeline",
				"dependsOn": [
					{
						"activity": "Log Results -  Conn Check Write MI SQL",
						"dependencyConditions": [
							"Completed"
						]
					}
				],
				"userProperties": [],
				"typeProperties": {
					"pipeline": {
						"referenceName": "PL_DataFactoryConnTestAPI",
						"type": "PipelineReference"
					},
					"waitOnCompletion": true
				}
			}
		],
		"parameters": {
			"KVSecretName": {
				"type": "string",
				"defaultValue": "ConnTestSecret"
			}
		},
		"variables": {
			"vKeyVaultUrl": {
				"type": "String"
			},
			"vStatusMessage": {
				"type": "String"
			},
			"vStatus": {
				"type": "String"
			},
			"vRunID": {
				"type": "String"
			}
		},
		"folder": {
			"name": "Utilities"
		},
		"annotations": [],
		"lastPublishTime": "2022-10-06T04:07:01Z"
	},
	"type": "Microsoft.DataFactory/factories/pipelines"
}