{
	"name": "PL_DB_Job_Runs_Trigger",
	"properties": {
		"activities": [
			{
				"name": "Trigger the DB Job",
				"description": "This activity will trigger the job in Databricks",
				"type": "WebActivity",
				"dependsOn": [
					{
						"activity": "Get DB Job ID",
						"dependencyConditions": [
							"Succeeded"
						]
					}
				],
				"policy": {
					"timeout": "0.00:10:00",
					"retry": 0,
					"retryIntervalInSeconds": 30,
					"secureOutput": false,
					"secureInput": false
				},
				"userProperties": [],
				"typeProperties": {
					"url": {
						"value": "@concat('https://',pipeline().parameters.DBWorkspaceID,'.azuredatabricks.net/api/2.1/jobs/run-now')",
						"type": "Expression"
					},
					"method": "POST",
					"headers": {
						"Authorization": {
							"value": "@concat('Bearer ',pipeline().parameters.SecretValue)",
							"type": "Expression"
						}
					},
					"body": {
						"value": "@concat('{\"job_id\":',variables('JobID'),'}')",
						"type": "Expression"
					}
				}
			},
			{
				"name": "Get List of DB Job IDs",
				"description": "To get the list of all the Job schedules in Databricks",
				"type": "WebActivity",
				"dependsOn": [],
				"policy": {
					"timeout": "0.00:10:00",
					"retry": 0,
					"retryIntervalInSeconds": 30,
					"secureOutput": false,
					"secureInput": false
				},
				"userProperties": [],
				"typeProperties": {
					"url": {
						"value": "@concat('https://',pipeline().parameters.DBWorkspaceID,'.azuredatabricks.net/api/2.1/jobs/list')",
						"type": "Expression"
					},
					"method": "GET",
					"headers": {
						"Authorization": {
							"value": "@concat('Bearer ',pipeline().parameters.SecretValue)",
							"type": "Expression"
						}
					}
				}
			},
			{
				"name": "Get DB Job ID",
				"description": "To get the job id of a particular job run",
				"type": "ForEach",
				"dependsOn": [
					{
						"activity": "Get List of DB Job IDs",
						"dependencyConditions": [
							"Succeeded"
						]
					}
				],
				"userProperties": [],
				"typeProperties": {
					"items": {
						"value": "@activity('Get List of DB Job IDs').output.jobs",
						"type": "Expression"
					},
					"isSequential": true,
					"activities": [
						{
							"name": "Compare the JobName",
							"description": "Comparing Job Name to get the Job Id",
							"type": "IfCondition",
							"dependsOn": [],
							"userProperties": [],
							"typeProperties": {
								"expression": {
									"value": "@equals(item().settings.name,pipeline().parameters.JobName)",
									"type": "Expression"
								},
								"ifTrueActivities": [
									{
										"name": "Set variable JobID",
										"type": "SetVariable",
										"dependsOn": [],
										"userProperties": [],
										"typeProperties": {
											"variableName": "JobID",
											"value": {
												"value": "@string(item().job_id)",
												"type": "Expression"
											}
										}
									}
								]
							}
						}
					]
				}
			}
		],
		"parameters": {
			"DBWorkspaceID": {
				"type": "string",
				"defaultValue": "adb-1296242858425512.12"
			},
			"JobName": {
				"type": "string",
				"defaultValue": "radiology_data_extraction"
			},
			"SecretValue": {
				"type": "string",
				"defaultValue": "dapi281c994f46491d0a781e8392a373bf6c"
			}
		},
		"variables": {
			"Name": {
				"type": "String"
			},
			"JobID": {
				"type": "String"
			}
		},
		"folder": {
			"name": "Load DL/Eclair"
		},
		"annotations": []
	}
}