{
	"name": "PL_DSU_Maintained",
	"properties": {
		"activities": [
			{
				"name": "Retrieve the list of DSU tables",
				"type": "Lookup",
				"dependsOn": [
					{
						"activity": "sp_batch_creation",
						"dependencyConditions": [
							"Succeeded"
						]
					}
				],
				"policy": {
					"timeout": "0.12:00:00",
					"retry": 0,
					"retryIntervalInSeconds": 30,
					"secureOutput": false,
					"secureInput": false
				},
				"userProperties": [],
				"typeProperties": {
					"source": {
						"type": "AzureSqlSource",
						"sqlReaderQuery": {
							"value": "@concat('\nif ''', pipeline().parameters.EtlControlID, '''=''0''\nBegin\nselect * from etl.Control_DSU WHERE IsActive = 1\nEnd\nElse\nBegin\nselect * from etl.Control_DSU WHERE IsActive = 1 and ETLControlID in (',pipeline().parameters.EtlControlID,')\nEnd\n')",
							"type": "Expression"
						},
						"queryTimeout": "02:00:00",
						"partitionOption": "None"
					},
					"dataset": {
						"referenceName": "DS_AZSQL_TGT_Generic_Query",
						"type": "DatasetReference",
						"parameters": {
							"DatabaseName": "ADM_CONFIG",
							"KVConStrSecretName": "az-sql-mi-admin-password"
						}
					},
					"firstRowOnly": false
				}
			},
			{
				"name": "ForEach DSU Table",
				"type": "ForEach",
				"dependsOn": [
					{
						"activity": "Retrieve the list of DSU tables",
						"dependencyConditions": [
							"Succeeded"
						]
					}
				],
				"userProperties": [],
				"typeProperties": {
					"items": {
						"value": "@activity('Retrieve the list of DSU tables').output.value",
						"type": "Expression"
					},
					"activities": [
						{
							"name": "Copy data from Helios to Dev Cloud",
							"type": "Copy",
							"dependsOn": [
								{
									"activity": "sp_batch_creation_copy1",
									"dependencyConditions": [
										"Succeeded"
									]
								}
							],
							"policy": {
								"timeout": "0.12:00:00",
								"retry": 0,
								"retryIntervalInSeconds": 30,
								"secureOutput": false,
								"secureInput": false
							},
							"userProperties": [],
							"typeProperties": {
								"source": {
									"type": "SqlServerSource",
									"queryTimeout": "02:00:00",
									"partitionOption": "None"
								},
								"sink": {
									"type": "AzureSqlSink",
									"preCopyScript": {
										"value": "IF EXISTS (SELECT 1 FROM INFORMATION_SCHEMA.TABLES WHERE TABLE_NAME = '@{item().TargetTableName}')\nbegin\n    TRUNCATE table [@{item().TargetTableName}];\nend",
										"type": "Expression"
									},
									"writeBehavior": "insert",
									"sqlWriterUseTableLock": false,
									"tableOption": "autoCreate",
									"disableMetricsCollection": false
								},
								"enableStaging": false,
								"translator": {
									"type": "TabularTranslator",
									"typeConversion": true,
									"typeConversionSettings": {
										"allowDataTruncation": true,
										"treatBooleanAsNumber": false
									}
								}
							},
							"inputs": [
								{
									"referenceName": "DS_MSSQL_OnPrem_Generic",
									"type": "DatasetReference",
									"parameters": {
										"SchemaName": "dbo",
										"TableName": {
											"value": "@item().SourceTableName",
											"type": "Expression"
										},
										"DatabaseName": "DSUTrak",
										"ServerName": "VHAL0CSS021AG01.healthcare.huarahi.health.govt.nz,2773",
										"SecretName": {
											"value": "@pipeline().globalParameters.GPHeliosSVCAccountSecret",
											"type": "Expression"
										}
									}
								}
							],
							"outputs": [
								{
									"referenceName": "DS_AZSQL_TGT_Generic",
									"type": "DatasetReference",
									"parameters": {
										"SchemaName": "dbo",
										"TableName": {
											"value": "@item().TargetTableName",
											"type": "Expression"
										},
										"KVConStrSecretName": "az-sql-mi-admin-password",
										"DatabaseName": "DSUMaintained"
									}
								}
							]
						},
						{
							"name": "sp_batch_creation_copy1",
							"type": "Lookup",
							"dependsOn": [],
							"policy": {
								"timeout": "0.12:00:00",
								"retry": 0,
								"retryIntervalInSeconds": 30,
								"secureOutput": false,
								"secureInput": false
							},
							"userProperties": [],
							"typeProperties": {
								"source": {
									"type": "AzureSqlSource",
									"sqlReaderStoredProcedureName": "[etl].[CreateBatch]",
									"storedProcedureParameters": {
										"BatchID": {
											"type": "Int32",
											"value": null
										},
										"ParentBatchID": {
											"type": "Int32",
											"value": {
												"value": "@string(activity('sp_batch_creation').output.firstRow.BatchID)",
												"type": "Expression"
											}
										},
										"ProcessName": {
											"type": "String",
											"value": {
												"value": "@concat(item().PipelinePurpose,' - ', item().SourceTableName)",
												"type": "Expression"
											}
										}
									},
									"queryTimeout": "02:00:00",
									"partitionOption": "None"
								},
								"dataset": {
									"referenceName": "DS_AZSQL_Generic_Query",
									"type": "DatasetReference",
									"parameters": {
										"DatabaseName": "ADM_CONFIG",
										"KVConStrSecretName": "az-sql-mi-admin-password",
										"ServerName": "dev-cdp-sqlmi-ae-1.792150d6ca9e.database.windows.net"
									}
								}
							}
						},
						{
							"name": "sp_update_batch_copy1",
							"type": "SqlServerStoredProcedure",
							"dependsOn": [
								{
									"activity": "Update Watermark value",
									"dependencyConditions": [
										"Succeeded"
									]
								}
							],
							"policy": {
								"timeout": "0.12:00:00",
								"retry": 0,
								"retryIntervalInSeconds": 30,
								"secureOutput": false,
								"secureInput": false
							},
							"userProperties": [],
							"typeProperties": {
								"storedProcedureName": "[etl].[UpdateBatch]",
								"storedProcedureParameters": {
									"BatchId": {
										"value": {
											"value": "@int(string(activity('sp_batch_creation_copy1').output.firstRow.BatchID))",
											"type": "Expression"
										},
										"type": "Int32"
									}
								}
							},
							"linkedServiceName": {
								"referenceName": "LS_AZSQL_CDP",
								"type": "LinkedServiceReference",
								"parameters": {
									"KVConStrSecretName": "az-sql-mi-admin-password",
									"DatabaseName": "ADM_CONFIG"
								}
							}
						},
						{
							"name": "Update Watermark value",
							"type": "SqlServerStoredProcedure",
							"dependsOn": [
								{
									"activity": "Copy data from Helios to Dev Cloud",
									"dependencyConditions": [
										"Succeeded"
									]
								}
							],
							"policy": {
								"timeout": "0.12:00:00",
								"retry": 0,
								"retryIntervalInSeconds": 30,
								"secureOutput": false,
								"secureInput": false
							},
							"userProperties": [],
							"typeProperties": {
								"storedProcedureName": "[etl].[UpdateWaterMarkValue_DSU]",
								"storedProcedureParameters": {
									"ControlTable": {
										"value": {
											"value": "etl.Control_DSU",
											"type": "Expression"
										},
										"type": "String"
									},
									"ETLControlId": {
										"value": {
											"value": "@item().ETLControlID",
											"type": "Expression"
										},
										"type": "String"
									},
									"SourceSystem": {
										"value": {
											"value": "@item().SourceSystem",
											"type": "Expression"
										},
										"type": "String"
									},
									"WaterMarkQuery": {
										"value": {
											"value": "@{concat('''',variables('currentdate'),'''')}",
											"type": "Expression"
										},
										"type": "String"
									}
								}
							},
							"linkedServiceName": {
								"referenceName": "LS_AZSQL_CDP",
								"type": "LinkedServiceReference",
								"parameters": {
									"KVConStrSecretName": "az-sql-mi-admin-password",
									"DatabaseName": "ADM_CONFIG"
								}
							}
						},
						{
							"name": "Set currentdDate",
							"type": "SetVariable",
							"dependsOn": [
								{
									"activity": "sp_batch_creation_copy1",
									"dependencyConditions": [
										"Succeeded"
									]
								}
							],
							"policy": {
								"secureOutput": false,
								"secureInput": false
							},
							"userProperties": [],
							"typeProperties": {
								"variableName": "currentdate",
								"value": {
									"value": "@convertFromUtc(utcnow(), 'New Zealand Standard Time')",
									"type": "Expression"
								}
							}
						}
					]
				}
			},
			{
				"name": "sp_batch_creation",
				"description": "The child batch of the main batch, usually EDW",
				"type": "Lookup",
				"dependsOn": [],
				"policy": {
					"timeout": "0.12:00:00",
					"retry": 0,
					"retryIntervalInSeconds": 30,
					"secureOutput": false,
					"secureInput": false
				},
				"userProperties": [],
				"typeProperties": {
					"source": {
						"type": "AzureSqlSource",
						"sqlReaderStoredProcedureName": "[etl].[CreateBatch]",
						"storedProcedureParameters": {
							"BatchID": {
								"type": "Int32",
								"value": null
							},
							"ParentBatchID": {
								"type": "Int32",
								"value": null
							},
							"ProcessName": {
								"type": "String",
								"value": {
									"value": "@pipeline().parameters.MainBatch",
									"type": "Expression"
								}
							}
						},
						"queryTimeout": "02:00:00",
						"partitionOption": "None"
					},
					"dataset": {
						"referenceName": "DS_AZSQL_Generic_Query",
						"type": "DatasetReference",
						"parameters": {
							"DatabaseName": "ADM_CONFIG",
							"KVConStrSecretName": "az-sql-mi-admin-password",
							"ServerName": {
								"value": "@pipeline().globalParameters.GPAZSQLServerName",
								"type": "Expression"
							}
						}
					}
				}
			},
			{
				"name": "sp_update_batch",
				"type": "SqlServerStoredProcedure",
				"dependsOn": [
					{
						"activity": "ForEach DSU Table",
						"dependencyConditions": [
							"Succeeded"
						]
					}
				],
				"policy": {
					"timeout": "0.12:00:00",
					"retry": 0,
					"retryIntervalInSeconds": 30,
					"secureOutput": false,
					"secureInput": false
				},
				"userProperties": [],
				"typeProperties": {
					"storedProcedureName": "[etl].[UpdateBatch]",
					"storedProcedureParameters": {
						"BatchId": {
							"value": {
								"value": "@int(string(activity('sp_batch_creation').output.firstRow.BatchID))",
								"type": "Expression"
							},
							"type": "Int32"
						}
					}
				},
				"linkedServiceName": {
					"referenceName": "LS_AZSQL_CDP",
					"type": "LinkedServiceReference",
					"parameters": {
						"KVConStrSecretName": "az-sql-mi-admin-password",
						"DatabaseName": "ADM_CONFIG"
					}
				}
			}
		],
		"parameters": {
			"ConfigDatabaseName": {
				"type": "string",
				"defaultValue": "ADM_CONFIG"
			},
			"PLSSecretName": {
				"type": "string",
				"defaultValue": "az-sql-mi-admin-password"
			},
			"BatchType": {
				"type": "string"
			},
			"EtlControlID": {
				"type": "string",
				"defaultValue": "0"
			},
			"MainBatch": {
				"type": "string",
				"defaultValue": "DSU"
			}
		},
		"variables": {
			"currentdate": {
				"type": "String"
			}
		},
		"folder": {
			"name": "Load EDW/DSU"
		},
		"annotations": []
	}
}