{
	"name": "PL_DataBricks_to_Windows_File_Server_GS",
	"properties": {
		"description": "Rapid data - loaded to windows file server, ready to then be exported to Snowflake",
		"activities": [
			{
				"name": "Get list of Rapid Dataset to Process",
				"description": "To get the list of tables to process using ETL control table",
				"type": "Lookup",
				"dependsOn": [],
				"policy": {
					"timeout": "0.00:10:00",
					"retry": 0,
					"retryIntervalInSeconds": 30,
					"secureOutput": false,
					"secureInput": false
				},
				"userProperties": [],
				"typeProperties": {
					"source": {
						"type": "AzureSqlSource",
						"sqlReaderQuery": {
							"value": "@concat(\n'SELECT c.*\nFROM etl.Control_Rapid c\njoin etl.BatchControl bc\non c.ETLControlId = bc.ETLCOntrolID\nand c.IsActive = bc.IsActive\nand bc.ControlTableName = ''Control_Rapid''\nWHERE c.SourceSystem = ''trakcare''\nAND c.SourceSystemType = ''hive_metastore'' \nand c.TargetSystemType = ''FileServer''\nAND c.IsActive = 1\nand (\n    bc.BatchType = ''',pipeline().parameters.BatchType,'''\n    or c.etlcontrolid in (',string(pipeline().parameters.ListOfETLControlIDs),')) \nORDER BY COALESCE(bc.SortOrder,0)\n'\n)\n\n",
							"type": "Expression"
						},
						"queryTimeout": "02:00:00",
						"partitionOption": "None"
					},
					"dataset": {
						"referenceName": "DS_AZSQL_TGT_Generic_Query",
						"type": "DatasetReference",
						"parameters": {
							"DatabaseName": "ADM_CONFIG",
							"KVConStrSecretName": "az-sql-mi-admin-password"
						}
					},
					"firstRowOnly": false
				}
			},
			{
				"name": "For each table",
				"description": "update the table. Do not run 5o items in parallel, it upsets Databricks",
				"type": "ForEach",
				"dependsOn": [
					{
						"activity": "Get list of Rapid Dataset to Process",
						"dependencyConditions": [
							"Succeeded"
						]
					}
				],
				"userProperties": [],
				"typeProperties": {
					"items": {
						"value": "@activity('Get list of Rapid Dataset to Process').output.value",
						"type": "Expression"
					},
					"isSequential": true,
					"activities": [
						{
							"name": "Copy data from ADLS to Windows Folder",
							"type": "Copy",
							"dependsOn": [
								{
									"activity": "Set variable return value form notebook",
									"dependencyConditions": [
										"Succeeded"
									]
								}
							],
							"policy": {
								"timeout": "0.12:00:00",
								"retry": 0,
								"retryIntervalInSeconds": 30,
								"secureOutput": false,
								"secureInput": false
							},
							"userProperties": [],
							"typeProperties": {
								"source": {
									"type": "ParquetSource",
									"storeSettings": {
										"type": "AzureBlobFSReadSettings",
										"recursive": true,
										"wildcardFolderPath": {
											"value": "@concat('rapid-extract/',variables('FileNameReturnedFromDataBricks'))",
											"type": "Expression"
										},
										"wildcardFileName": {
											"value": "*.parquet",
											"type": "Expression"
										},
										"enablePartitionDiscovery": false
									},
									"formatSettings": {
										"type": "ParquetReadSettings"
									}
								},
								"sink": {
									"type": "ParquetSink",
									"storeSettings": {
										"type": "FileServerWriteSettings"
									},
									"formatSettings": {
										"type": "ParquetWriteSettings"
									}
								},
								"enableStaging": true,
								"stagingSettings": {
									"linkedServiceName": {
										"referenceName": "LS_ADLS",
										"type": "LinkedServiceReference",
										"parameters": {
											"StorageAccountURL": "https://devcdpadlsae1.dfs.core.windows.net",
											"StorageAccountSecret": "adlscdpaccountkey"
										}
									},
									"path": ""
								},
								"translator": {
									"type": "TabularTranslator",
									"typeConversion": true,
									"typeConversionSettings": {
										"allowDataTruncation": true,
										"treatBooleanAsNumber": false
									}
								}
							},
							"inputs": [
								{
									"referenceName": "DS_ADLS_Parquet",
									"type": "DatasetReference",
									"parameters": {
										"FolderName": {
											"value": "rapid-extract",
											"type": "Expression"
										},
										"FileName": "*.parquet",
										"StorageAccountURL": "@pipeline().globalParameters.GPCDPADLSUrl",
										"ContainerName": "gold",
										"PSecretName": "adlscdpaccountkey"
									}
								}
							],
							"outputs": [
								{
									"referenceName": "DS_OnPremWindowsFolder",
									"type": "DatasetReference",
									"parameters": {
										"NetworkStorageAccount": {
											"value": "@pipeline().globalParameters.GPHeliosServiceAccount",
											"type": "Expression"
										},
										"NetworkStorageHost": {
											"value": "@item().TargetEntityPath",
											"type": "Expression"
										},
										"NetworkStorageKey": {
											"value": "HeliosSVC",
											"type": "Expression"
										},
										"FilePath": {
											"value": "@item().TargetTableName",
											"type": "Expression"
										},
										"FileName": {
											"value": "@string(activity('Run Rapid Notebook').output.RunOutput.FileName)",
											"type": "Expression"
										}
									}
								}
							]
						},
						{
							"name": "Run Rapid Notebook",
							"type": "DatabricksNotebook",
							"dependsOn": [
								{
									"activity": "Set variable FileSourceAndTarget",
									"dependencyConditions": [
										"Succeeded"
									]
								}
							],
							"policy": {
								"timeout": "0.12:00:00",
								"retry": 0,
								"retryIntervalInSeconds": 30,
								"secureOutput": false,
								"secureInput": false
							},
							"userProperties": [
								{
									"name": "ETLCOntrolID",
									"value": "@item().ETLControlID"
								}
							],
							"typeProperties": {
								"notebookPath": {
									"value": "@item().DatabricksNotebook",
									"type": "Expression"
								},
								"baseParameters": {
									"paramsFromADF": {
										"value": "@variables('FileSourceAndTarget')",
										"type": "Expression"
									}
								}
							},
							"linkedServiceName": {
								"referenceName": "LS_Databricks",
								"type": "LinkedServiceReference",
								"parameters": {
									"DataBricksWorkSpaceURL": {
										"value": "@pipeline().globalParameters.GPDataBricksWorkSpaceURL",
										"type": "Expression"
									},
									"WorkspaceResourceID": {
										"value": "@pipeline().globalParameters.GPWorkspaceResourceID",
										"type": "Expression"
									},
									"ClusterID": {
										"value": "@pipeline().globalParameters.GPDatabricksClusterID",
										"type": "Expression"
									}
								}
							}
						},
						{
							"name": "Set variable FileSourceAndTarget",
							"type": "SetVariable",
							"dependsOn": [],
							"policy": {
								"secureOutput": false,
								"secureInput": false
							},
							"userProperties": [],
							"typeProperties": {
								"variableName": "FileSourceAndTarget",
								"value": {
									"value": "@concat('\n\t{\n        \"FileName\":\"',item().TargetTableName,\n\t\tif(equals(string(item().IncrementalLoad), 'False'), '',\n\t\tconcat('_',formatDateTime(convertTimeZone(utcNow(),'UTC','New Zealand Standard Time'),'yyyyMMddHHmmss'))),\n\t\t'.parquet','\",\n\t    \"TargetTableName\": \"',item().TargetTableName,'\",\n\t    \"SourceQuery\": \"',item().SourceQuery,'\"  \n\t}\n'\n)",
									"type": "Expression"
								}
							}
						},
						{
							"name": "Set variable return value form notebook",
							"type": "SetVariable",
							"dependsOn": [
								{
									"activity": "Run Rapid Notebook",
									"dependencyConditions": [
										"Succeeded"
									]
								}
							],
							"policy": {
								"secureOutput": false,
								"secureInput": false
							},
							"userProperties": [],
							"typeProperties": {
								"variableName": "FileNameReturnedFromDataBricks",
								"value": {
									"value": "@string(activity('Run Rapid Notebook').output.RunOutput.FilePath)",
									"type": "Expression"
								}
							}
						}
					]
				}
			}
		],
		"parameters": {
			"BatchType": {
				"type": "string",
				"defaultValue": "-"
			},
			"ListOfETLControlIDs": {
				"type": "string",
				"defaultValue": "2"
			}
		},
		"variables": {
			"FileSourceAndTarget": {
				"type": "String"
			},
			"FileNameReturnedFromDataBricks": {
				"type": "String"
			}
		},
		"folder": {
			"name": "Load File Server/Regional Data Extracts"
		},
		"annotations": []
	}
}