{
	"name": "PL_Eclair_DataBricks_Run",
	"properties": {
		"description": "Pipeline to trigger Eclair project notebooks",
		"activities": [
			{
				"name": "Notebook_OBSRequest Table",
				"description": "",
				"type": "DatabricksNotebook",
				"dependsOn": [],
				"policy": {
					"timeout": "0.12:00:00",
					"retry": 0,
					"retryIntervalInSeconds": 30,
					"secureOutput": false,
					"secureInput": false
				},
				"userProperties": [
					{
						"name": "TableName",
						"value": "Request Table"
					}
				],
				"typeProperties": {
					"notebookPath": "/Users/mahie_ext@hanz.health.nz/Eclair Project/02.Ingestion to Silver Layer/4.OBSRequest Table"
				},
				"linkedServiceName": {
					"referenceName": "LS_Databricks",
					"type": "LinkedServiceReference"
				}
			}
		],
		"folder": {
			"name": "Load DL/Eclair"
		},
		"annotations": [],
		"lastPublishTime": "2022-10-06T00:27:35Z"
	},
	"type": "Microsoft.DataFactory/factories/pipelines"
}