{
	"name": "PL_Eclair_Data_Load",
	"properties": {
		"activities": [
			{
				"name": "Parallel Query Execution",
				"description": "Data will be parallelly extracted from tables to execute the copy process",
				"type": "ForEach",
				"dependsOn": [
					{
						"activity": "Get List of Tables to Load",
						"dependencyConditions": [
							"Succeeded"
						]
					}
				],
				"userProperties": [],
				"typeProperties": {
					"items": {
						"value": "@activity('Get List of Tables to Load').output.value",
						"type": "Expression"
					},
					"isSequential": false,
					"batchCount": 8,
					"activities": [
						{
							"name": "Load OnPrem to CDP",
							"description": "Copies OnPrem data extract to Blob storage in a Parquet file format",
							"type": "Copy",
							"dependsOn": [],
							"policy": {
								"timeout": "0.00:10:00",
								"retry": 0,
								"retryIntervalInSeconds": 30,
								"secureOutput": false,
								"secureInput": false
							},
							"userProperties": [
								{
									"name": "SourceTableName",
									"value": "@item().SourceTableName"
								},
								{
									"name": "Destination",
									"value": "brnz/@{concat(item().TargetTableSchemaName,'/',item().TargetTableName,'/',formatDateTime(utcNow(),'yyyy'),'/',formatDateTime(utcNow(),'MM'),'/',formatDateTime(utcNow(),'dd'))}/@{concat(item().TargetTableName,'_',formatDateTime(utcNow(),'yyyyMMddHHmmss'))}"
								}
							],
							"typeProperties": {
								"source": {
									"type": "SqlServerSource",
									"sqlReaderQuery": {
										"value": "@concat('Select * FROM ',item().SourceTableSchemaName,'.',item().SourceTableName,' ',\nitem().SourceQueryWhereClause)\n",
										"type": "Expression"
									},
									"queryTimeout": "00:10:00",
									"partitionOption": "None"
								},
								"sink": {
									"type": "ParquetSink",
									"storeSettings": {
										"type": "AzureBlobFSWriteSettings",
										"copyBehavior": "FlattenHierarchy",
										"blockSizeInMB": 4
									},
									"formatSettings": {
										"type": "ParquetWriteSettings"
									}
								},
								"enableStaging": false,
								"parallelCopies": 3,
								"dataIntegrationUnits": 4,
								"translator": {
									"type": "TabularTranslator",
									"typeConversion": true,
									"typeConversionSettings": {
										"allowDataTruncation": true,
										"treatBooleanAsNumber": false
									}
								}
							},
							"inputs": [
								{
									"referenceName": "DS_MSSQL_OnPrem_Generic_Query",
									"type": "DatasetReference",
									"parameters": {
										"ServerName": {
											"value": "@pipeline().parameters.SourceServerName",
											"type": "Expression"
										},
										"DatabaseName": {
											"value": "@pipeline().parameters.SourceDatabaseName",
											"type": "Expression"
										}
									}
								}
							],
							"outputs": [
								{
									"referenceName": "DS_ADLS_Parquet",
									"type": "DatasetReference",
									"parameters": {
										"FolderName": {
											"value": "@concat(item().TargetTableSchemaName,'/',item().TargetTableName,'/',formatDateTime(utcNow(),'yyyy'),'/',formatDateTime(utcNow(),'MM'),'/',formatDateTime(utcNow(),'dd'))",
											"type": "Expression"
										},
										"FileName": {
											"value": "@concat(item().TargetTableName,'_',formatDateTime(utcNow(),'yyyyMMddHHmmss'))",
											"type": "Expression"
										},
										"StorageAccountURL": {
											"value": "@pipeline().globalParameters.GPCDPADLSUrl",
											"type": "Expression"
										},
										"ContainerName": {
											"value": "bronze",
											"type": "Expression"
										},
										"PSecretName": {
											"value": "@pipeline().parameters.PLSSecretName",
											"type": "Expression"
										}
									}
								}
							]
						}
					]
				}
			},
			{
				"name": "Get List of Tables to Load",
				"description": "Dynamically gets the tables from on-prem to load into Blob storage",
				"type": "Lookup",
				"dependsOn": [],
				"policy": {
					"timeout": "0.00:10:00",
					"retry": 0,
					"retryIntervalInSeconds": 30,
					"secureOutput": false,
					"secureInput": false
				},
				"userProperties": [],
				"typeProperties": {
					"source": {
						"type": "AzureSqlSource",
						"sqlReaderQuery": {
							"value": "SELECT \nSourceQueryWhereClause,\nSourceTableName,\nSourceTableSchemaName,\nTargetTableName,\nTargetTableSchemaName\nFROM \netl.Control\nWHERE \nSourceSystem = 'Eclair'\nAND TargetSystemType = 'ADLS'\nAND SourceTableSchemaName='ECLAIR'\nAND IsActive = 1",
							"type": "Expression"
						},
						"queryTimeout": "00:10:00",
						"partitionOption": "None"
					},
					"dataset": {
						"referenceName": "DS_AZSQL_TGT_Generic_Query",
						"type": "DatasetReference",
						"parameters": {
							"DatabaseName": {
								"value": "@pipeline().parameters.ConfigDatabaseName",
								"type": "Expression"
							},
							"KVConStrSecretName": "az-sql-mi-admin-password"
						}
					},
					"firstRowOnly": false
				}
			}
		],
		"parameters": {
			"ConfigDatabaseName": {
				"type": "string",
				"defaultValue": "ADM_CONFIG"
			},
			"SourceServerName": {
				"type": "string",
				"defaultValue": "VHAL0CSS021AG01.healthcare.huarahi.health.govt.nz,2773"
			},
			"SourceDatabaseName": {
				"type": "string",
				"defaultValue": "ADHBSecure"
			},
			"TargetADLS": {
				"type": "string",
				"defaultValue": "https://devcdpadlsae1.dfs.core.windows.net"
			},
			"PLSSecretName": {
				"type": "string",
				"defaultValue": "adlscdpaccountkey"
			}
		},
		"folder": {
			"name": "Load DL/Eclair"
		},
		"annotations": [],
		"lastPublishTime": "2022-10-06T04:07:01Z"
	},
	"type": "Microsoft.DataFactory/factories/pipelines"
}