{
	"name": "PL_Get_Tocken",
	"properties": {
		"activities": [
			{
				"name": "GetSecretValue",
				"type": "WebActivity",
				"dependsOn": [
					{
						"activity": "Switch Decide if Medirota or Clwrota",
						"dependencyConditions": [
							"Succeeded"
						]
					}
				],
				"policy": {
					"timeout": "7.00:00:00",
					"retry": 0,
					"retryIntervalInSeconds": 30,
					"secureOutput": false,
					"secureInput": false
				},
				"userProperties": [],
				"typeProperties": {
					"url": {
						"value": "@concat(pipeline().globalParameters.GPKeyVaultURL,'secrets/',variables('TheSecretToUse'),'/?api-version=7.0')",
						"type": "Expression"
					},
					"method": "GET",
					"authentication": {
						"type": "MSI",
						"resource": "https://vault.azure.net"
					}
				}
			},
			{
				"name": "Get Session Token",
				"type": "WebActivity",
				"dependsOn": [
					{
						"activity": "GetSecretValue",
						"dependencyConditions": [
							"Succeeded"
						]
					}
				],
				"policy": {
					"timeout": "0.00:05:00",
					"retry": 0,
					"retryIntervalInSeconds": 30,
					"secureOutput": false,
					"secureInput": false
				},
				"userProperties": [],
				"typeProperties": {
					"url": {
						"value": "@concat('https://',pipeline().parameters.BusinessUnitName,'.',variables('TheBaseUrlToUse'),'.com/publicapi/login')",
						"type": "Expression"
					},
					"method": "POST",
					"headers": {
						"Content-Type": {
							"value": "application/x-www-form-urlencoded",
							"type": "Expression"
						}
					},
					"body": {
						"value": "@activity('GetSecretValue').output.value",
						"type": "Expression"
					},
					"disableCertValidation": false
				}
			},
			{
				"name": "Extract Token From Response",
				"type": "Lookup",
				"dependsOn": [
					{
						"activity": "Get Session Token",
						"dependencyConditions": [
							"Succeeded"
						]
					}
				],
				"policy": {
					"timeout": "7.00:00:00",
					"retry": 0,
					"retryIntervalInSeconds": 30,
					"secureOutput": false,
					"secureInput": false
				},
				"userProperties": [],
				"typeProperties": {
					"source": {
						"type": "AzureSqlSource",
						"sqlReaderQuery": {
							"value": "@concat('with res as \n(select cast(replace(''',\nactivity('Get Session Token').output.Response,\n''',''\\\"'',''\"'') as xml) as XML_body)\nselect \ni.value(''(./token)[1]'',''NVARCHAR(150)'') AS token\nfrom\nres\ncross apply xml_body.nodes(''/auth'') a(i)')",
							"type": "Expression"
						},
						"queryTimeout": "02:00:00",
						"partitionOption": "None"
					},
					"dataset": {
						"referenceName": "DS_AZSQL_TGT_Generic_Query",
						"type": "DatasetReference",
						"parameters": {
							"DatabaseName": "RDS_MEDIROTA",
							"KVConStrSecretName": "az-sql-mi-admin-password"
						}
					}
				}
			},
			{
				"name": "Update BU Token",
				"type": "SqlServerStoredProcedure",
				"dependsOn": [
					{
						"activity": "Extract Token From Response",
						"dependencyConditions": [
							"Succeeded"
						]
					}
				],
				"policy": {
					"timeout": "7.00:00:00",
					"retry": 0,
					"retryIntervalInSeconds": 30,
					"secureOutput": false,
					"secureInput": false
				},
				"userProperties": [],
				"typeProperties": {
					"storedProcedureName": "[ETL].[UpdateMedirotaToken]",
					"storedProcedureParameters": {
						"BusinessUnit": {
							"value": {
								"value": "@pipeline().parameters.BusinessUnitName",
								"type": "Expression"
							},
							"type": "String"
						},
						"Token": {
							"value": {
								"value": "@activity('Extract Token From Response').output.firstRow.token",
								"type": "Expression"
							},
							"type": "String"
						}
					}
				},
				"linkedServiceName": {
					"referenceName": "LS_AZSQL_CDP",
					"type": "LinkedServiceReference",
					"parameters": {
						"KVConStrSecretName": "az-sql-mi-admin-password",
						"DatabaseName": "ADM_CONFIG",
						"ServerName": {
							"value": "@pipeline().globalParameters.GPManagedAZSQLServerName",
							"type": "Expression"
						}
					}
				}
			},
			{
				"name": "Switch Decide if Medirota or Clwrota",
				"type": "Switch",
				"dependsOn": [],
				"userProperties": [],
				"typeProperties": {
					"on": {
						"value": "@pipeline().parameters.BusinessUnitName",
						"type": "Expression"
					},
					"cases": [
						{
							"value": "adhb",
							"activities": [
								{
									"name": "The Secret from the KV",
									"type": "SetVariable",
									"dependsOn": [],
									"userProperties": [],
									"typeProperties": {
										"variableName": "TheSecretToUse",
										"value": {
											"value": "@pipeline().parameters.KVSecretName2",
											"type": "Expression"
										}
									}
								},
								{
									"name": "Set Base URL as clwrota",
									"type": "SetVariable",
									"dependsOn": [
										{
											"activity": "The Secret from the KV",
											"dependencyConditions": [
												"Succeeded"
											]
										}
									],
									"userProperties": [],
									"typeProperties": {
										"variableName": "TheBaseUrlToUse",
										"value": "clwrota"
									}
								}
							]
						},
						{
							"value": "adhbstarship",
							"activities": [
								{
									"name": "Set KV secret to Clwrota",
									"type": "SetVariable",
									"dependsOn": [],
									"userProperties": [],
									"typeProperties": {
										"variableName": "TheSecretToUse",
										"value": {
											"value": "@pipeline().parameters.KVSecretName2",
											"type": "Expression"
										}
									}
								},
								{
									"name": "Set the Base URl to medirota_copy1",
									"type": "SetVariable",
									"dependsOn": [
										{
											"activity": "Set KV secret to Clwrota",
											"dependencyConditions": [
												"Succeeded"
											]
										}
									],
									"userProperties": [],
									"typeProperties": {
										"variableName": "TheBaseUrlToUse",
										"value": "clwrota"
									}
								}
							]
						},
						{
							"value": "adhbl4",
							"activities": [
								{
									"name": "Select KV secret Clwrota",
									"type": "SetVariable",
									"dependsOn": [],
									"userProperties": [],
									"typeProperties": {
										"variableName": "TheSecretToUse",
										"value": {
											"value": "@pipeline().parameters.KVSecretName2",
											"type": "Expression"
										}
									}
								},
								{
									"name": "Set the Base URl to medirota_copy2",
									"type": "SetVariable",
									"dependsOn": [
										{
											"activity": "Select KV secret Clwrota",
											"dependencyConditions": [
												"Succeeded"
											]
										}
									],
									"userProperties": [],
									"typeProperties": {
										"variableName": "TheBaseUrlToUse",
										"value": "clwrota"
									}
								}
							]
						}
					],
					"defaultActivities": [
						{
							"name": "Set the KV secret",
							"type": "SetVariable",
							"dependsOn": [],
							"userProperties": [],
							"typeProperties": {
								"variableName": "TheSecretToUse",
								"value": {
									"value": "@pipeline().parameters.KVSecretName",
									"type": "Expression"
								}
							}
						},
						{
							"name": "Set the Base URl to medirota",
							"type": "SetVariable",
							"dependsOn": [
								{
									"activity": "Set the KV secret",
									"dependencyConditions": [
										"Succeeded"
									]
								}
							],
							"userProperties": [],
							"typeProperties": {
								"variableName": "TheBaseUrlToUse",
								"value": "medirota"
							}
						}
					]
				}
			}
		],
		"parameters": {
			"BusinessUnitName": {
				"type": "string",
				"defaultValue": "adhbadultcardio"
			},
			"KVSecretName": {
				"type": "string",
				"defaultValue": "MedirotaLogin"
			},
			"KVSecretName2": {
				"type": "string",
				"defaultValue": "ClwrotaLogin"
			}
		},
		"variables": {
			"TheSecretToUse": {
				"type": "String"
			},
			"TheBaseUrlToUse": {
				"type": "String"
			}
		},
		"folder": {
			"name": "Load DL/Medirota"
		},
		"annotations": [],
		"lastPublishTime": "2022-10-06T04:07:01Z"
	},
	"type": "Microsoft.DataFactory/factories/pipelines"
}