{
	"name": "PL_Get_Response_Loop",
	"properties": {
		"activities": [
			{
				"name": "Pagination- Until End Of Responce",
				"type": "Until",
				"dependsOn": [],
				"userProperties": [],
				"typeProperties": {
					"expression": {
						"value": "@equals(int(variables('VNoOfRecords')),0)",
						"type": "Expression"
					},
					"activities": [
						{
							"name": "SP Create File Log",
							"type": "SqlServerStoredProcedure",
							"dependsOn": [
								{
									"activity": "Set Loop Count",
									"dependencyConditions": [
										"Succeeded"
									]
								}
							],
							"policy": {
								"timeout": "7.00:00:00",
								"retry": 0,
								"retryIntervalInSeconds": 30,
								"secureOutput": false,
								"secureInput": false
							},
							"userProperties": [],
							"typeProperties": {
								"storedProcedureName": "[ETL].[CreateFileLog]",
								"storedProcedureParameters": {
									"ActivityID": {
										"value": {
											"value": "@pipeline().RunId",
											"type": "Expression"
										},
										"type": "Guid"
									},
									"BatchId": {
										"value": "1",
										"type": "Int32"
									},
									"ETLControlID": {
										"value": "1",
										"type": "Int32"
									},
									"FileContainer": {
										"value": {
											"value": "bronze",
											"type": "Expression"
										},
										"type": "String"
									},
									"FileName": {
										"value": {
											"value": "@concat(\npipeline().parameters.PTheUrlToUse,'_',\npipeline().parameters.PBusinessUnit,\n'_',\npipeline().parameters.PEndPointName,\nconvertFromUtc(utcnow(), 'New Zealand Standard Time','_yyyyMMddHHmmss'),\n'.xml'\n)",
											"type": "Expression"
										},
										"type": "String"
									},
									"FilePath": {
										"value": {
											"value": "@concat(\n'medirota/',\npipeline().parameters.PEndPointName,\n'/',\nconvertFromUtc(utcnow(), 'New Zealand Standard Time','yyyy'),\n'/',\nconvertFromUtc(utcnow(), 'New Zealand Standard Time','MM'),\n'/',\nconvertFromUtc(utcnow(), 'New Zealand Standard Time','dd')\n)\n",
											"type": "Expression"
										},
										"type": "String"
									},
									"IsLoadedInDW": {
										"value": null,
										"type": "Boolean"
									},
									"LogID": {
										"value": "1",
										"type": "Int32"
									},
									"PipelineId": {
										"value": {
											"value": "@concat(pipeline().RunId,'-',variables('vLoopCount'))",
											"type": "Expression"
										},
										"type": "String"
									},
									"TargetTableName": {
										"value": {
											"value": "@concat(pipeline().parameters.PEndPointName,'_raw')",
											"type": "Expression"
										},
										"type": "String"
									},
									"TargetTableSchemaName": {
										"value": {
											"value": "Stage",
											"type": "Expression"
										},
										"type": "String"
									}
								}
							},
							"linkedServiceName": {
								"referenceName": "LS_AZSQL_CDP",
								"type": "LinkedServiceReference",
								"parameters": {
									"KVConStrSecretName": "az-sql-mi-admin-password",
									"DatabaseName": "ADM_CONFIg"
								}
							}
						},
						{
							"name": "Get File To Load",
							"type": "Lookup",
							"dependsOn": [
								{
									"activity": "SP Create File Log",
									"dependencyConditions": [
										"Succeeded"
									]
								}
							],
							"policy": {
								"timeout": "7.00:00:00",
								"retry": 0,
								"retryIntervalInSeconds": 30,
								"secureOutput": false,
								"secureInput": false
							},
							"userProperties": [],
							"typeProperties": {
								"source": {
									"type": "AzureSqlSource",
									"sqlReaderQuery": {
										"value": "@concat(\n'select * from [ETL].[LogFileOperation]\nwhere\nPipelineId=''',\nconcat(pipeline().RunId,'-',variables('vLoopCount')),\n'''')",
										"type": "Expression"
									},
									"queryTimeout": "02:00:00",
									"partitionOption": "None"
								},
								"dataset": {
									"referenceName": "DS_AZSQL_TGT_Generic_Query",
									"type": "DatasetReference",
									"parameters": {
										"DatabaseName": "ADM_CONFIG",
										"KVConStrSecretName": "az-sql-mi-admin-password"
									}
								}
							}
						},
						{
							"name": "Set Temp Loop Count",
							"type": "SetVariable",
							"dependsOn": [
								{
									"activity": "Set variable3",
									"dependencyConditions": [
										"Succeeded"
									]
								}
							],
							"userProperties": [],
							"typeProperties": {
								"variableName": "vTempLoopCount",
								"value": {
									"value": "@string(add(int(variables('vLoopCount')), 1))",
									"type": "Expression"
								}
							}
						},
						{
							"name": "Set Loop Count",
							"type": "SetVariable",
							"dependsOn": [
								{
									"activity": "Set Temp Loop Count",
									"dependencyConditions": [
										"Succeeded"
									]
								}
							],
							"userProperties": [],
							"typeProperties": {
								"variableName": "vLoopCount",
								"value": {
									"value": "@variables('vTempLoopCount')",
									"type": "Expression"
								}
							}
						},
						{
							"name": "Wait 20 Sec",
							"type": "Wait",
							"dependsOn": [
								{
									"activity": "NB_API_Get",
									"dependencyConditions": [
										"Succeeded"
									]
								}
							],
							"userProperties": [],
							"typeProperties": {
								"waitTimeInSeconds": 20
							}
						},
						{
							"name": "Set OffSet Variable On Fail",
							"type": "SetVariable",
							"dependsOn": [
								{
									"activity": "Wait 20 Sec",
									"dependencyConditions": [
										"Skipped"
									]
								}
							],
							"userProperties": [],
							"typeProperties": {
								"variableName": "VNoOfRecords",
								"value": "0"
							}
						},
						{
							"name": "Update LogFile Operation-Success-Land",
							"type": "SqlServerStoredProcedure",
							"dependsOn": [
								{
									"activity": "Wait 20 Sec",
									"dependencyConditions": [
										"Succeeded"
									]
								}
							],
							"policy": {
								"timeout": "7.00:00:00",
								"retry": 0,
								"retryIntervalInSeconds": 30,
								"secureOutput": false,
								"secureInput": false
							},
							"userProperties": [],
							"typeProperties": {
								"storedProcedureName": "[ETL].[UpdateLogFileOperation]",
								"storedProcedureParameters": {
									"IsLoadedInDW": {
										"value": {
											"value": "false",
											"type": "Expression"
										},
										"type": "Boolean"
									},
									"LogFileID": {
										"value": {
											"value": "@activity('Get File To Load').output.firstRow.LogFileID",
											"type": "Expression"
										},
										"type": "Int32"
									},
									"ProcessErrorMessage": {
										"value": null,
										"type": "String"
									},
									"Status": {
										"value": {
											"value": "true",
											"type": "Expression"
										},
										"type": "Boolean"
									},
									"TableName": {
										"value": null,
										"type": "String"
									},
									"TableSchema": {
										"value": null,
										"type": "String"
									},
									"UpdateDWStatus": {
										"value": {
											"value": "false",
											"type": "Expression"
										},
										"type": "Boolean"
									},
									"UpdateLandingStatus": {
										"value": {
											"value": "true",
											"type": "Expression"
										},
										"type": "Boolean"
									},
									"DataBytesWrite": {
										"value": {
											"value": "999",
											"type": "Expression"
										},
										"type": "Int32"
									},
									"CopyDuration": {
										"value": {
											"value": "999",
											"type": "Expression"
										},
										"type": "Decimal"
									}
								}
							},
							"linkedServiceName": {
								"referenceName": "LS_AZSQL_CDP",
								"type": "LinkedServiceReference",
								"parameters": {
									"KVConStrSecretName": "az-sql-mi-admin-password",
									"DatabaseName": "ADM_CONFIg"
								}
							}
						},
						{
							"name": "Switch ApprovedLeave",
							"type": "Switch",
							"dependsOn": [
								{
									"activity": "PL_ADLS_To_AZSQL",
									"dependencyConditions": [
										"Succeeded"
									]
								}
							],
							"userProperties": [],
							"typeProperties": {
								"on": {
									"value": "@pipeline().parameters.PEndPointName",
									"type": "Expression"
								},
								"cases": [
									{
										"value": "ApprovedLeave",
										"activities": [
											{
												"name": "Set OffSet Variable Pagination",
												"type": "SetVariable",
												"dependsOn": [
													{
														"activity": "Get Rec Count in File",
														"dependencyConditions": [
															"Succeeded"
														]
													},
													{
														"activity": "Update Watermark Value",
														"dependencyConditions": [
															"Succeeded"
														]
													}
												],
												"userProperties": [],
												"typeProperties": {
													"variableName": "VNoOfRecords",
													"value": {
														"value": "@string(mul(\nint(activity('Get Rec Count in File').output.firstRow.RecCount),\n1\n))",
														"type": "Expression"
													}
												}
											},
											{
												"name": "Get Rec Count in File",
												"type": "Lookup",
												"dependsOn": [],
												"policy": {
													"timeout": "7.00:00:00",
													"retry": 0,
													"retryIntervalInSeconds": 30,
													"secureOutput": false,
													"secureInput": false
												},
												"userProperties": [],
												"typeProperties": {
													"source": {
														"type": "AzureSqlSource",
														"sqlReaderStoredProcedureName": "[ETL].[GetMedirotaRecordCount]",
														"storedProcedureParameters": {
															"FileID": {
																"type": "Int32",
																"value": {
																	"value": "@activity('Get File To Load').output.firstRow.LogFileID",
																	"type": "Expression"
																}
															},
															"TableName": {
																"type": "String",
																"value": {
																	"value": "@concat(pipeline().parameters.PEndPointName,'_raw')",
																	"type": "Expression"
																}
															}
														},
														"queryTimeout": "02:00:00",
														"partitionOption": "None"
													},
													"dataset": {
														"referenceName": "DS_AZSQL_TGT_Generic_Query",
														"type": "DatasetReference",
														"parameters": {
															"DatabaseName": "RDS_MEDIROTA",
															"KVConStrSecretName": "az-sql-mi-admin-password"
														}
													}
												}
											},
											{
												"name": "Update Watermark Value",
												"type": "Lookup",
												"dependsOn": [],
												"policy": {
													"timeout": "7.00:00:00",
													"retry": 0,
													"retryIntervalInSeconds": 30,
													"secureOutput": false,
													"secureInput": false
												},
												"userProperties": [],
												"typeProperties": {
													"source": {
														"type": "AzureSqlSource",
														"sqlReaderQuery": {
															"value": "@concat('update etl.control set WaterMarkValue\n=(',pipeline().parameters.PWaterMarkQuery,'\n) where SourceTableName=''ApprovedLeave''\nand SourceTableSchemaName=''',pipeline().parameters.PSourceTableSchemaName,'''\n ;select 1'\n)",
															"type": "Expression"
														},
														"queryTimeout": "02:00:00",
														"partitionOption": "None"
													},
													"dataset": {
														"referenceName": "DS_AZSQL_TGT_Generic_Query",
														"type": "DatasetReference",
														"parameters": {
															"DatabaseName": "ADM_CONFIG",
															"KVConStrSecretName": "az-sql-mi-admin-password"
														}
													}
												}
											}
										]
									},
									{
										"value": "GenRota",
										"activities": [
											{
												"name": "Update Watermark Value_copy1_copy1",
												"type": "Lookup",
												"dependsOn": [],
												"policy": {
													"timeout": "7.00:00:00",
													"retry": 0,
													"retryIntervalInSeconds": 30,
													"secureOutput": false,
													"secureInput": false
												},
												"userProperties": [],
												"typeProperties": {
													"source": {
														"type": "AzureSqlSource",
														"sqlReaderQuery": {
															"value": "@concat('update etl.control set WaterMarkValue\n=(',pipeline().parameters.PWaterMarkQuery,'\n) where SourceTableName=''GenRota''\nand SourceTableSchemaName=''',pipeline().parameters.PSourceTableSchemaName,'''\n ;select 1'\n)",
															"type": "Expression"
														},
														"queryTimeout": "02:00:00",
														"partitionOption": "None"
													},
													"dataset": {
														"referenceName": "DS_AZSQL_TGT_Generic_Query",
														"type": "DatasetReference",
														"parameters": {
															"DatabaseName": "ADM_CONFIG",
															"KVConStrSecretName": "az-sql-mi-admin-password"
														}
													}
												}
											},
											{
												"name": "Set OffSet Variable Pagination_copy1",
												"type": "SetVariable",
												"dependsOn": [
													{
														"activity": "Update Watermark Value_copy1_copy1",
														"dependencyConditions": [
															"Succeeded"
														]
													}
												],
												"userProperties": [],
												"typeProperties": {
													"variableName": "VNoOfRecords",
													"value": {
														"value": "0",
														"type": "Expression"
													}
												}
											}
										]
									}
								],
								"defaultActivities": [
									{
										"name": "Set variable2_copy1",
										"type": "SetVariable",
										"dependsOn": [],
										"userProperties": [],
										"typeProperties": {
											"variableName": "VNoOfRecords",
											"value": "0"
										}
									}
								]
							}
						},
						{
							"name": "If Stored Token expired get new one",
							"description": "If token has expired, get a new one. Look it up. Set the vToken variable. If not expired, set the vToken variable to the current ",
							"type": "IfCondition",
							"dependsOn": [
								{
									"activity": "If Token Expired Get Stored Token",
									"dependencyConditions": [
										"Succeeded"
									]
								}
							],
							"userProperties": [],
							"typeProperties": {
								"expression": {
									"value": "@greaterOrEquals(div(int(string(sub(ticks(convertFromUtc(utcnow(), 'New Zealand Standard Time')),ticks(variables('vTokenGeneratedTime'))))),600000000),20)",
									"type": "Expression"
								},
								"ifTrueActivities": [
									{
										"name": "PL Get Tocken",
										"type": "ExecutePipeline",
										"dependsOn": [],
										"userProperties": [],
										"typeProperties": {
											"pipeline": {
												"referenceName": "PL_Get_Tocken",
												"type": "PipelineReference"
											},
											"waitOnCompletion": true,
											"parameters": {
												"BusinessUnitName": {
													"value": "@pipeline().parameters.PBusinessUnit",
													"type": "Expression"
												},
												"KVSecretName": {
													"value": "@pipeline().parameters.PKVSecretName",
													"type": "Expression"
												}
											}
										}
									},
									{
										"name": "Set variable  The New Token",
										"description": "The token from the param has expired so we need to set the variable to the new token",
										"type": "SetVariable",
										"dependsOn": [
											{
												"activity": "Get Stored New Token",
												"dependencyConditions": [
													"Succeeded"
												]
											}
										],
										"userProperties": [],
										"typeProperties": {
											"variableName": "vToken",
											"value": {
												"value": "@activity('Get Stored New Token').output.firstRow.Token",
												"type": "Expression"
											}
										}
									},
									{
										"name": "Get Stored New Token",
										"type": "Lookup",
										"dependsOn": [
											{
												"activity": "PL Get Tocken",
												"dependencyConditions": [
													"Succeeded"
												]
											}
										],
										"policy": {
											"timeout": "7.00:00:00",
											"retry": 0,
											"retryIntervalInSeconds": 30,
											"secureOutput": false,
											"secureInput": false
										},
										"userProperties": [],
										"typeProperties": {
											"source": {
												"type": "AzureSqlSource",
												"sqlReaderQuery": {
													"value": "@concat(\n'select top 1 Token,TokenGeneratedTime from etl.Control where SourceTableSchemaName=''',pipeline().parameters.PBusinessUnit,\n'''')",
													"type": "Expression"
												},
												"queryTimeout": "02:00:00",
												"partitionOption": "None"
											},
											"dataset": {
												"referenceName": "DS_AZSQL_TGT_Generic_Query",
												"type": "DatasetReference",
												"parameters": {
													"DatabaseName": "ADM_CONFIG",
													"KVConStrSecretName": "az-sql-mi-admin-password"
												}
											}
										}
									},
									{
										"name": "Set var v_TokenGeneratedDateTime",
										"type": "SetVariable",
										"dependsOn": [
											{
												"activity": "Set variable  The New Token",
												"dependencyConditions": [
													"Succeeded"
												]
											}
										],
										"userProperties": [],
										"typeProperties": {
											"variableName": "vTokenGeneratedTime",
											"value": {
												"value": "@activity('Get Stored New Token').output.firstRow.TokenGeneratedTime",
												"type": "Expression"
											}
										}
									}
								]
							}
						},
						{
							"name": "If Token Expired Get Stored Token",
							"description": "THis step is needed in case the pipeline is kicked off again soon after cancelling another. We would need to get the stored value because grabbing a new token would get an error since the old token is still valid",
							"type": "IfCondition",
							"dependsOn": [],
							"userProperties": [],
							"typeProperties": {
								"expression": {
									"value": "@greaterOrEquals(div(int(string(sub(ticks(convertFromUtc(utcnow(), 'New Zealand Standard Time')),ticks(variables('vTokenGeneratedTime'))))),600000000),20)",
									"type": "Expression"
								},
								"ifTrueActivities": [
									{
										"name": "Get Stored Tkn",
										"type": "Lookup",
										"dependsOn": [],
										"policy": {
											"timeout": "7.00:00:00",
											"retry": 0,
											"retryIntervalInSeconds": 30,
											"secureOutput": false,
											"secureInput": false
										},
										"userProperties": [],
										"typeProperties": {
											"source": {
												"type": "AzureSqlSource",
												"sqlReaderQuery": {
													"value": "@concat(\n'select top 1 Token,TokenGeneratedTime from etl.Control where SourceTableSchemaName=''',\npipeline().parameters.PBusinessUnit,\n'''')",
													"type": "Expression"
												},
												"queryTimeout": "02:00:00",
												"partitionOption": "None"
											},
											"dataset": {
												"referenceName": "DS_AZSQL_TGT_Generic_Query",
												"type": "DatasetReference",
												"parameters": {
													"DatabaseName": "ADM_CONFIG",
													"KVConStrSecretName": "az-sql-mi-admin-password"
												}
											}
										}
									},
									{
										"name": "Set variable token",
										"type": "SetVariable",
										"dependsOn": [
											{
												"activity": "Get Stored Tkn",
												"dependencyConditions": [
													"Succeeded"
												]
											}
										],
										"userProperties": [],
										"typeProperties": {
											"variableName": "vToken",
											"value": {
												"value": "@activity('Get Stored Tkn').output.firstRow.Token",
												"type": "Expression"
											}
										}
									},
									{
										"name": "Set var Tkn GeneratedDate",
										"type": "SetVariable",
										"dependsOn": [
											{
												"activity": "Set variable token",
												"dependencyConditions": [
													"Succeeded"
												]
											}
										],
										"userProperties": [],
										"typeProperties": {
											"variableName": "vTokenGeneratedTime",
											"value": {
												"value": "@activity('Get Stored Tkn').output.firstRow.TokenGeneratedTime",
												"type": "Expression"
											}
										}
									}
								]
							}
						},
						{
							"name": "Exit Loop Set variable",
							"type": "SetVariable",
							"dependsOn": [
								{
									"activity": "NB_API_Get",
									"dependencyConditions": [
										"Failed"
									]
								}
							],
							"userProperties": [],
							"typeProperties": {
								"variableName": "VNoOfRecords",
								"value": "0"
							}
						},
						{
							"name": "If Token is valid has 18 mins or more passed",
							"description": "The token may be valid but if is been active for 18 mins we should wait and then get a new one",
							"type": "IfCondition",
							"dependsOn": [
								{
									"activity": "If Stored Token expired get new one",
									"dependencyConditions": [
										"Succeeded"
									]
								}
							],
							"userProperties": [],
							"typeProperties": {
								"expression": {
									"value": "@greaterOrEquals(div(int(string(sub(ticks(convertFromUtc(utcnow(), 'New Zealand Standard Time')),ticks(variables('vTokenGeneratedTime'))))),600000000),18)",
									"type": "Expression"
								},
								"ifTrueActivities": [
									{
										"name": "PL Get Tocken_copy1",
										"type": "ExecutePipeline",
										"dependsOn": [
											{
												"activity": "Wait1",
												"dependencyConditions": [
													"Succeeded"
												]
											}
										],
										"userProperties": [],
										"typeProperties": {
											"pipeline": {
												"referenceName": "PL_Get_Tocken",
												"type": "PipelineReference"
											},
											"waitOnCompletion": true,
											"parameters": {
												"BusinessUnitName": {
													"value": "@pipeline().parameters.PBusinessUnit",
													"type": "Expression"
												},
												"KVSecretName": {
													"value": "@pipeline().parameters.PKVSecretName",
													"type": "Expression"
												}
											}
										}
									},
									{
										"name": "Set variable  The New Token_copy1",
										"description": "The token from the param has expired so we need to set the variable to the new token",
										"type": "SetVariable",
										"dependsOn": [
											{
												"activity": "Get Stored New Token_copy1",
												"dependencyConditions": [
													"Succeeded"
												]
											}
										],
										"userProperties": [],
										"typeProperties": {
											"variableName": "vToken",
											"value": {
												"value": "@activity('Get Stored New Token_copy1').output.firstRow.Token",
												"type": "Expression"
											}
										}
									},
									{
										"name": "Get Stored New Token_copy1",
										"type": "Lookup",
										"dependsOn": [
											{
												"activity": "PL Get Tocken_copy1",
												"dependencyConditions": [
													"Succeeded"
												]
											}
										],
										"policy": {
											"timeout": "7.00:00:00",
											"retry": 0,
											"retryIntervalInSeconds": 30,
											"secureOutput": false,
											"secureInput": false
										},
										"userProperties": [],
										"typeProperties": {
											"source": {
												"type": "AzureSqlSource",
												"sqlReaderQuery": {
													"value": "@concat(\n'select top 1 Token,TokenGeneratedTime from etl.Control where SourceTableSchemaName=''',pipeline().parameters.PBusinessUnit,\n'''')",
													"type": "Expression"
												},
												"queryTimeout": "02:00:00",
												"partitionOption": "None"
											},
											"dataset": {
												"referenceName": "DS_AZSQL_TGT_Generic_Query",
												"type": "DatasetReference",
												"parameters": {
													"DatabaseName": "ADM_CONFIG",
													"KVConStrSecretName": "az-sql-mi-admin-password"
												}
											}
										}
									},
									{
										"name": "Set var v_TokenGeneratedDateTime_copy1",
										"type": "SetVariable",
										"dependsOn": [
											{
												"activity": "Set variable  The New Token_copy1",
												"dependencyConditions": [
													"Succeeded"
												]
											}
										],
										"userProperties": [],
										"typeProperties": {
											"variableName": "vTokenGeneratedTime",
											"value": {
												"value": "@activity('Get Stored New Token_copy1').output.firstRow.TokenGeneratedTime",
												"type": "Expression"
											}
										}
									},
									{
										"name": "Wait1",
										"type": "Wait",
										"dependsOn": [],
										"userProperties": [],
										"typeProperties": {
											"waitTimeInSeconds": 120
										}
									}
								]
							}
						},
						{
							"name": "Set variable3",
							"type": "SetVariable",
							"dependsOn": [
								{
									"activity": "If Token is valid has 18 mins or more passed",
									"dependencyConditions": [
										"Succeeded"
									]
								}
							],
							"userProperties": [],
							"typeProperties": {
								"variableName": "vDate",
								"value": {
									"value": "@utcnow()",
									"type": "Expression"
								}
							}
						},
						{
							"name": "Set variable APIUrlAndToken",
							"type": "SetVariable",
							"dependsOn": [
								{
									"activity": "Get File To Load",
									"dependencyConditions": [
										"Succeeded"
									]
								}
							],
							"userProperties": [],
							"typeProperties": {
								"variableName": "ApiUrlAndToken",
								"value": {
									"value": "@concat(\n'https://',\npipeline().parameters.PBusinessUnit,\n'.',pipeline().parameters.PTheUrlToUse,'.com',\nreplace(replace(replace(pipeline().parameters.PEndPointURL,'{token}',variables('vToken')),'{DateFilter}',formatDateTime(convertTimeZone(variables('vDate'),'UTC','New Zealand Standard Time'),'yyyy-MM-dd')),'{offset}',string(mul(sub(int(variables('vLoopCount')),1),250)))\n)\n",
									"type": "Expression"
								}
							}
						},
						{
							"name": "Set variable FilePathNameAndToken",
							"type": "SetVariable",
							"dependsOn": [
								{
									"activity": "Set variable APIUrlAndToken",
									"dependencyConditions": [
										"Succeeded"
									]
								}
							],
							"userProperties": [],
							"typeProperties": {
								"variableName": "FilePathNameAndToken",
								"value": {
									"value": "@concat('\n\n\t{\n              \"FileName\":\"',activity('Get File To Load').output.firstRow.FileName,'\",\n    \t      \"FilePath\": \"',activity('Get File To Load').output.firstRow.FilePath,'\",\n              \"ApiUrlAndToken\":\"',variables('ApiUrlAndToken'),'\",\n\t          \"StorageAccount\":\"',pipeline().globalParameters.GPCDPADLSUrl,'\"\n    \n\t}'\n)\n\n",
									"type": "Expression"
								}
							}
						},
						{
							"name": "NB_API_Get",
							"type": "DatabricksNotebook",
							"dependsOn": [
								{
									"activity": "Set variable FilePathNameAndToken",
									"dependencyConditions": [
										"Succeeded"
									]
								}
							],
							"policy": {
								"timeout": "0.12:00:00",
								"retry": 0,
								"retryIntervalInSeconds": 30,
								"secureOutput": false,
								"secureInput": false
							},
							"userProperties": [],
							"typeProperties": {
								"notebookPath": "/Shared/Staff/Medirota/MedirotaGenrota",
								"baseParameters": {
									"paramsFromADF": {
										"value": "@variables('FilePathNameAndToken')",
										"type": "Expression"
									}
								}
							},
							"linkedServiceName": {
								"referenceName": "LS_Databricks",
								"type": "LinkedServiceReference",
								"parameters": {
									"DataBricksWorkSpaceURL": {
										"value": "@pipeline().globalParameters.GPDataBricksWorkSpaceURL",
										"type": "Expression"
									},
									"WorkspaceResourceID": {
										"value": "@pipeline().globalParameters.GPWorkspaceResourceID",
										"type": "Expression"
									},
									"ClusterID": "1215-203917-w1y8htzi"
								}
							}
						},
						{
							"name": "PL_ADLS_To_AZSQL",
							"type": "ExecutePipeline",
							"dependsOn": [
								{
									"activity": "Wait 20 Sec",
									"dependencyConditions": [
										"Succeeded"
									]
								}
							],
							"userProperties": [],
							"typeProperties": {
								"pipeline": {
									"referenceName": "PL_ADLS_To_AZSQL",
									"type": "PipelineReference"
								},
								"waitOnCompletion": true,
								"parameters": {
									"PRotaType": "Medirota",
									"PBusinessUnit": {
										"value": "@pipeline().parameters.PBusinessUnit",
										"type": "Expression"
									},
									"PContainerName": {
										"value": "@activity('Get File To Load').output.firstRow.FileContainer",
										"type": "Expression"
									},
									"PFolderPath": {
										"value": "@activity('Get File To Load').output.firstRow.FilePath",
										"type": "Expression"
									},
									"PFileName": {
										"value": "@activity('Get File To Load').output.firstRow.FileName",
										"type": "Expression"
									},
									"PTargetSchemaName": {
										"value": "@activity('Get File To Load').output.firstRow.TargetTableSchemaName",
										"type": "Expression"
									},
									"PTargetTableName": {
										"value": "@activity('Get File To Load').output.firstRow.TargetTableName",
										"type": "Expression"
									},
									"PRawTableName": {
										"value": "@activity('Get File To Load').output.firstRow.TargetTableName",
										"type": "Expression"
									},
									"PRawSchemaName": {
										"value": "@activity('Get File To Load').output.firstRow.TargetTableSchemaName",
										"type": "Expression"
									},
									"PSourceReadSQL": {
										"value": "with people as\n(\nselect cast(REPLACE(cast(XMLDATA as varchar(max)),'©', '&#169;') as xml) XMLDATA ,BusinessUnit from raw.[PeopleList]\n),\nflattern as \n(\nselect \nBusinessUnit,\nr.value('(@name)[1]','VARCHAR(8000)') AS name,\nr.value('(@uuid)[1]','VARCHAR(8000)') AS uuid,\nr.value('(./firstname)[1]','NVARCHAR(150)') AS firstname,\nr.value('(./surname)[1]','VARCHAR(8000)') AS surname,\nr.value('(./start)[1]','VARCHAR(8000)') AS start,\nr.value('(./end)[1]','VARCHAR(8000)') AS [end],\nr.value('(./part_time)[1]','VARCHAR(8000)') AS part_time,\nr.value('(./role_type)[1]','VARCHAR(8000)') AS role_type,\nr.value('(./role)[1]','VARCHAR(8000)') AS role,\nr.value('(./enabled)[1]','VARCHAR(8000)') AS enabled\nfrom \npeople\ncross apply XMLDATA.nodes('/stream') t(p)\ncross apply XMLDATA.nodes('/stream/summary') i(q)\ncross apply XMLDATA.nodes('/stream/people/person') j(r)\n)\nselect\nBusinessUnit,\ntrim(name) as name,\ntrim(uuid) as uuid,\ntrim(firstname) as firstname,\ntrim(surname) as surname,\ntrim(start) as start,\ntrim([end]) as [end],\ntrim(part_time) as part_time,\ntrim(role_type) as role_type,\ntrim(role) as role,\ntrim(enabled) as enabled,\nGETDATE() as EtlInsertDateTime \nfrom\nflattern",
										"type": "Expression"
									},
									"PDataEndPointName": {
										"value": "@pipeline().parameters.PEndPointName",
										"type": "Expression"
									},
									"PLogFileID": {
										"value": "@activity('Get File To Load').output.firstRow.LogFileID",
										"type": "Expression"
									}
								}
							}
						},
						{
							"name": "Exit Loop Set variable_copy1",
							"type": "SetVariable",
							"dependsOn": [
								{
									"activity": "PL_ADLS_To_AZSQL",
									"dependencyConditions": [
										"Failed"
									]
								}
							],
							"userProperties": [],
							"typeProperties": {
								"variableName": "VNoOfRecords",
								"value": "0"
							}
						}
					],
					"timeout": "7.00:00:00"
				}
			}
		],
		"parameters": {
			"PEndPointURL": {
				"type": "string"
			},
			"PBusinessUnit": {
				"type": "string"
			},
			"PToken": {
				"type": "string"
			},
			"PEndPointName": {
				"type": "string"
			},
			"PDate": {
				"type": "string"
			},
			"PTokenGeneratedTime": {
				"type": "string"
			},
			"PKVSecretName": {
				"type": "string"
			},
			"PTargetTableName": {
				"type": "string"
			},
			"PWaterMarkQuery": {
				"type": "string"
			},
			"PSourceTableSchemaName": {
				"type": "string"
			},
			"PBatchType": {
				"type": "string"
			},
			"PTheUrlToUse": {
				"type": "string"
			}
		},
		"variables": {
			"Token": {
				"type": "String"
			},
			"Response": {
				"type": "String",
				"defaultValue": "<?xml version=\\\"1.0\\\" encoding=\\\"UTF-8\\\"?>\\n<auth>\\n    <token>fafcb6e7-eaba-4696-9d19-8a3befdcc950</token>\\n</auth>"
			},
			"VNoOfRecords": {
				"type": "String",
				"defaultValue": "2"
			},
			"Vioffset": {
				"type": "String"
			},
			"vLoopCount": {
				"type": "String",
				"defaultValue": "0"
			},
			"vTempLoopCount": {
				"type": "String",
				"defaultValue": "0"
			},
			"vToken": {
				"type": "String"
			},
			"vTokenGeneratedTime": {
				"type": "String",
				"defaultValue": "2022-07-30 07:01"
			},
			"vDate": {
				"type": "String"
			},
			"ApiUrlAndToken": {
				"type": "String"
			},
			"FilePathNameAndToken": {
				"type": "String"
			}
		},
		"folder": {
			"name": "Load DL/Medirota"
		},
		"annotations": [],
		"lastPublishTime": "2022-10-06T04:07:01Z"
	},
	"type": "Microsoft.DataFactory/factories/pipelines"
}