{
	"name": "PL_HPD",
	"properties": {
		"activities": [
			{
				"name": "get_HPD_ProcessOrder",
				"description": "",
				"type": "Lookup",
				"dependsOn": [],
				"policy": {
					"timeout": "0.12:00:00",
					"retry": 0,
					"retryIntervalInSeconds": 30,
					"secureOutput": false,
					"secureInput": false
				},
				"userProperties": [],
				"typeProperties": {
					"source": {
						"type": "AzureSqlSource",
						"sqlReaderStoredProcedureName": "[etl].GetHPDProcessOrder",
						"storedProcedureParameters": {
							"Token": {
								"type": "String",
								"value": "HPD"
							}
						},
						"queryTimeout": "02:00:00",
						"partitionOption": "None"
					},
					"dataset": {
						"referenceName": "DS_AZSQL_Generic_Query",
						"type": "DatasetReference",
						"parameters": {
							"DatabaseName": "ADM_CONFIG",
							"KVConStrSecretName": "az-sql-mi-admin-password",
							"ServerName": {
								"value": "@pipeline().globalParameters.GPManagedAZSQLServerName",
								"type": "Expression"
							}
						}
					},
					"firstRowOnly": false
				}
			},
			{
				"name": "CreateTriggerFiles",
				"type": "ForEach",
				"dependsOn": [
					{
						"activity": "get_HPD_ProcessOrder",
						"dependencyConditions": [
							"Succeeded"
						]
					}
				],
				"userProperties": [],
				"typeProperties": {
					"items": {
						"value": "@activity('get_HPD_ProcessOrder').output.value",
						"type": "Expression"
					},
					"isSequential": true,
					"activities": [
						{
							"name": "Write Trigger File",
							"type": "Copy",
							"dependsOn": [],
							"policy": {
								"timeout": "0.00:10:00",
								"retry": 0,
								"retryIntervalInSeconds": 30,
								"secureOutput": false,
								"secureInput": false
							},
							"userProperties": [],
							"typeProperties": {
								"source": {
									"type": "JsonSource",
									"additionalColumns": [
										{
											"name": "v_pipelinePurpose",
											"value": {
												"value": "@item().PipelinePurpose",
												"type": "Expression"
											}
										},
										{
											"name": "v_wait",
											"value": {
												"value": "@item().PostWaitMins",
												"type": "Expression"
											}
										}
									],
									"storeSettings": {
										"type": "AzureBlobFSReadSettings",
										"recursive": true,
										"enablePartitionDiscovery": false
									},
									"formatSettings": {
										"type": "JsonReadSettings"
									}
								},
								"sink": {
									"type": "JsonSink",
									"storeSettings": {
										"type": "AzureBlobFSWriteSettings"
									},
									"formatSettings": {
										"type": "JsonWriteSettings"
									}
								},
								"enableStaging": false,
								"dataIntegrationUnits": 2,
								"translator": {
									"type": "TabularTranslator",
									"mappings": [
										{
											"source": {
												"path": "$['v_pipelinePurpose']"
											},
											"sink": {
												"path": "$['PipelinePurpose']"
											}
										},
										{
											"source": {
												"path": "$['v_wait']"
											},
											"sink": {
												"path": "$['Wait']"
											}
										}
									],
									"collectionReference": ""
								}
							},
							"inputs": [
								{
									"referenceName": "DS_ADLS_JSON_HPD",
									"type": "DatasetReference",
									"parameters": {
										"PContainerName": {
											"value": "landing",
											"type": "Expression"
										},
										"PFolderPath": {
											"value": "Trigger/Load_DL/",
											"type": "Expression"
										},
										"PFileName": {
											"value": "hpd_triggerTemplate.json",
											"type": "Expression"
										},
										"PStorageAccount": {
											"value": "@pipeline().globalParameters.GPCDPADLSUrl",
											"type": "Expression"
										},
										"PStorageAccountSecretName": "adlscdpaccountkey"
									}
								}
							],
							"outputs": [
								{
									"referenceName": "DS_ADLS_JSON_HPD",
									"type": "DatasetReference",
									"parameters": {
										"PContainerName": {
											"value": "landing",
											"type": "Expression"
										},
										"PFolderPath": {
											"value": "@concat('Trigger/Load_DL/HPD/',\nconvertFromUTC(utcnow(),'New Zealand Standard Time','yyyy'),'/',\nconvertFromUTC(utcnow(),'New Zealand Standard Time','MM'),'/',\nconvertFromUTC(utcnow(),'New Zealand Standard Time','dd'),'/'\n)",
											"type": "Expression"
										},
										"PFileName": {
											"value": "@item().SourceSystem",
											"type": "Expression"
										},
										"PStorageAccount": {
											"value": "@pipeline().globalParameters.GPCDPADLSUrl",
											"type": "Expression"
										},
										"PStorageAccountSecretName": "adlscdpaccountkey"
									}
								}
							]
						},
						{
							"name": "Wait",
							"type": "Wait",
							"dependsOn": [
								{
									"activity": "Write Trigger File",
									"dependencyConditions": [
										"Succeeded"
									]
								}
							],
							"userProperties": [],
							"typeProperties": {
								"waitTimeInSeconds": {
									"value": "@mul(item().PostWaitMins, 60)",
									"type": "Expression"
								}
							}
						}
					]
				}
			},
			{
				"name": "Teams Notification",
				"type": "ExecutePipeline",
				"dependsOn": [
					{
						"activity": "CreateTriggerFiles",
						"dependencyConditions": [
							"Succeeded"
						]
					}
				],
				"userProperties": [],
				"typeProperties": {
					"pipeline": {
						"referenceName": "PL_Teams_Notifications",
						"type": "PipelineReference"
					},
					"waitOnCompletion": true,
					"parameters": {
						"pTeamsWebURL": "https://northernregion.webhook.office.com/webhookb2/18ab8006-edbf-4c3a-b374-565e858c4f2c@494a2d87-24b5-42d8-8a3d-77448be1d46f/IncomingWebhook/dee379e37472415597afe4c222a6720b/0b1a6ecf-10f8-4599-8e86-1f9e3d6e1e4f"
					}
				}
			}
		],
		"variables": {
			"v_pipelinePurpose": {
				"type": "String"
			}
		},
		"folder": {
			"name": "Load DL/HPD"
		},
		"annotations": []
	}
}