{
	"name": "PL_LogToHeliosOnPrem",
	"properties": {
		"activities": [
			{
				"name": "Lookup Metadata",
				"type": "Lookup",
				"dependsOn": [],
				"policy": {
					"timeout": "0.12:00:00",
					"retry": 0,
					"retryIntervalInSeconds": 30,
					"secureOutput": false,
					"secureInput": false
				},
				"userProperties": [],
				"typeProperties": {
					"source": {
						"type": "SqlServerSource",
						"sqlReaderQuery": {
							"value": "@concat('select *from ADM_LOG.dbo.LogSourceMetaData \nwhere\n(\n\t(1=1\n\tand isActive=1\n\tand (sourceSystem=''All'' or sourceSystem=''',pipeline().parameters.SourceSystem,''')\n\tand ((frequency=''Daily'' and datepart(hour,Getdate())=runAtWhatHours) or (frequency=''Live''))\n\tand ServerName=''Azure MI''\n\t)\nor ',string(pipeline().parameters.Override),'=1 and serverName=''Azure MI'' and isActive=1\n)\n'\n)",
							"type": "Expression"
						},
						"queryTimeout": "02:00:00",
						"partitionOption": "None"
					},
					"dataset": {
						"referenceName": "DS_MSSQL_OnPrem_Generic",
						"type": "DatasetReference",
						"parameters": {
							"SchemaName": "dbo",
							"TableName": "LogSourceMetaData",
							"DatabaseName": "ADM_LOG",
							"ServerName": "VHAL0CSS021AG01.healthcare.huarahi.health.govt.nz,2773"
						}
					},
					"firstRowOnly": false
				}
			},
			{
				"name": "ForEach1",
				"type": "ForEach",
				"dependsOn": [
					{
						"activity": "Lookup Metadata",
						"dependencyConditions": [
							"Completed"
						]
					}
				],
				"userProperties": [],
				"typeProperties": {
					"items": {
						"value": "@activity('Lookup Metadata').output.value",
						"type": "Expression"
					},
					"isSequential": true,
					"activities": [
						{
							"name": "Set LatestRowCount",
							"type": "SetVariable",
							"dependsOn": [
								{
									"activity": "Set latestDateTimeValue_copy1",
									"dependencyConditions": [
										"Completed"
									]
								}
							],
							"userProperties": [],
							"typeProperties": {
								"variableName": "vRowCountValue",
								"value": {
									"value": "@string(activity('Lookup Latest Data and Row Count').output.firstRow.rowCountValue) ",
									"type": "Expression"
								}
							}
						},
						{
							"name": "Set latestDateTimeValue_copy1",
							"type": "SetVariable",
							"dependsOn": [
								{
									"activity": "Lookup Latest Data and Row Count",
									"dependencyConditions": [
										"Completed"
									]
								}
							],
							"userProperties": [],
							"typeProperties": {
								"variableName": "vLatestDateTimeValue",
								"value": {
									"value": "@activity('Lookup Latest Data and Row Count').output.firstRow.col1",
									"type": "Expression"
								}
							}
						},
						{
							"name": "Lookup Latest Data and Row Count",
							"type": "Lookup",
							"dependsOn": [],
							"policy": {
								"timeout": "0.12:00:00",
								"retry": 0,
								"retryIntervalInSeconds": 30,
								"secureOutput": false,
								"secureInput": false
							},
							"userProperties": [],
							"typeProperties": {
								"source": {
									"type": "AzureSqlSource",
									"sqlReaderQuery": {
										"value": "@concat('select max(',item().controlField,') as col1 ,\ncount (*) as rowCountValue \nfrom ',\nitem().SourceSystem,'.',item().controlTable,'\n'\n)",
										"type": "Expression"
									},
									"queryTimeout": "02:00:00",
									"partitionOption": "None"
								},
								"dataset": {
									"referenceName": "DS_AZSQL_Generic_Query",
									"type": "DatasetReference",
									"parameters": {
										"DatabaseName": "ADM_CONFIG",
										"KVConStrSecretName": "az-sql-mi-admin-password",
										"ServerName": "dev-cdp-sqlmi-ae-1.792150d6ca9e.database.windows.net"
									}
								},
								"firstRowOnly": true
							}
						},
						{
							"name": "Stored procedure Log Results",
							"type": "SqlServerStoredProcedure",
							"dependsOn": [
								{
									"activity": "Set LatestRowCount",
									"dependencyConditions": [
										"Completed"
									]
								}
							],
							"policy": {
								"timeout": "0.12:00:00",
								"retry": 0,
								"retryIntervalInSeconds": 30,
								"secureOutput": false,
								"secureInput": false
							},
							"userProperties": [],
							"typeProperties": {
								"storedProcedureName": "[dbo].[sp_LogResultsHelios]",
								"storedProcedureParameters": {
									"controlField": {
										"value": {
											"value": "@item().controlField",
											"type": "Expression"
										},
										"type": "String"
									},
									"controlTable": {
										"value": {
											"value": "@item().controlTable",
											"type": "Expression"
										},
										"type": "String"
									},
									"dataMart": {
										"value": {
											"value": "@item().dataArea",
											"type": "Expression"
										},
										"type": "String"
									},
									"deliveryCategory": {
										"value": {
											"value": "@item().deliveryCategory",
											"type": "Expression"
										},
										"type": "String"
									},
									"expectedStartTime": {
										"value": null,
										"type": "DateTime"
									},
									"jobEndTime": {
										"value": null,
										"type": "DateTime"
									},
									"jobID": {
										"value": {
											"value": "@item().JobId",
											"type": "Expression"
										},
										"type": "String"
									},
									"jobName": {
										"value": null,
										"type": "String"
									},
									"jobStartTime": {
										"value": null,
										"type": "DateTime"
									},
									"lastJobStatus": {
										"value": {
											"value": "Check log entry for the Medirota Triggers and Pipelines",
											"type": "Expression"
										},
										"type": "String"
									},
									"latestDateTime": {
										"value": {
											"value": "@variables('vLatestDateTimeValue')",
											"type": "Expression"
										},
										"type": "DateTime"
									},
									"newRows": {
										"value": null,
										"type": "Int32"
									},
									"prevRowCount": {
										"value": null,
										"type": "Int32"
									},
									"recordCount": {
										"value": {
											"value": "@variables('vRowCountValue')",
											"type": "Expression"
										},
										"type": "Int32"
									},
									"reportingCategory": {
										"value": {
											"value": "@item().reportingCategory",
											"type": "Expression"
										},
										"type": "String"
									},
									"runTimeMins": {
										"value": null,
										"type": "String"
									},
									"sourceServerNameValue": {
										"value": {
											"value": "@item().serverName",
											"type": "Expression"
										},
										"type": "String"
									},
									"sourceSystem": {
										"value": {
											"value": "@item().sourceSystem",
											"type": "Expression"
										},
										"type": "String"
									}
								}
							},
							"linkedServiceName": {
								"referenceName": "LS_MSSQL_OnPrem",
								"type": "LinkedServiceReference",
								"parameters": {
									"ServerName": "VHAL0CSS021AG01.healthcare.huarahi.health.govt.nz,2773",
									"DatabaseName": "ADM_LOG"
								}
							}
						}
					]
				}
			}
		],
		"parameters": {
			"Override": {
				"type": "int",
				"defaultValue": 1
			},
			"SourceSystem": {
				"type": "string",
				"defaultValue": "All"
			}
		},
		"variables": {
			"vLatestDateTimeValue": {
				"type": "String"
			},
			"vRowCountValue": {
				"type": "String"
			}
		},
		"folder": {
			"name": "Utilities"
		},
		"annotations": []
	}
}