{
	"name": "PL_Landing_GS",
	"properties": {
		"activities": [
			{
				"name": "common_variables_notebook",
				"type": "DatabricksNotebook",
				"dependsOn": [],
				"policy": {
					"timeout": "0.12:00:00",
					"retry": 0,
					"retryIntervalInSeconds": 30,
					"secureOutput": false,
					"secureInput": false
				},
				"userProperties": [],
				"typeProperties": {
					"notebookPath": "/Repos/gopeshr_ext@hanz.health.nz/AZ-CDP-Databricks/Utilities/common_variables_params",
					"baseParameters": {
						"StorageAccount": {
							"value": "@pipeline().parameters.StorageAccount",
							"type": "Expression"
						},
						"azure_sql_dbname": {
							"value": "@pipeline().parameters.azure_sql_dbname",
							"type": "Expression"
						},
						"azure_sql_hostname": {
							"value": "@pipeline().parameters.azure_sql_hostname",
							"type": "Expression"
						},
						"azure_sql_pwd_key": {
							"value": "@pipeline().parameters.azure_sql_pwd_key",
							"type": "Expression"
						},
						"azure_sql_username": {
							"value": "@pipeline().parameters.azure_sql_username",
							"type": "Expression"
						}
					}
				},
				"linkedServiceName": {
					"referenceName": "LS_Databricks",
					"type": "LinkedServiceReference"
				}
			}
		],
		"parameters": {
			"StorageAccount": {
				"type": "string",
				"defaultValue": "devcdpadlsae1"
			},
			"azure_sql_dbname": {
				"type": "string",
				"defaultValue": "STAGE"
			},
			"azure_sql_hostname": {
				"type": "string",
				"defaultValue": "dev-cdp-sqlmi-ae-1.792150d6ca9e.database.windows.net"
			},
			"azure_sql_pwd_key": {
				"type": "string",
				"defaultValue": "dev-cdp-sqlmi-ae-1-sqladmin-password"
			},
			"azure_sql_username": {
				"type": "string",
				"defaultValue": "adhbsqladmin"
			}
		},
		"folder": {
			"name": "TRAK"
		},
		"annotations": []
	}
}