{
	"name": "PL_Leader_Payroll",
	"properties": {
		"activities": [
			{
				"name": "get_FilePaths",
				"description": "Connects to a Stored Proc on AZ SQL MI database to fetch source folder and filename (wildcard)",
				"type": "Lookup",
				"dependsOn": [
					{
						"activity": "set variable",
						"dependencyConditions": [
							"Succeeded"
						]
					}
				],
				"policy": {
					"timeout": "0.12:00:00",
					"retry": 0,
					"retryIntervalInSeconds": 30,
					"secureOutput": false,
					"secureInput": false
				},
				"userProperties": [],
				"typeProperties": {
					"source": {
						"type": "AzureSqlSource",
						"sqlReaderStoredProcedureName": "[etl].[GetHPDFilePath]",
						"storedProcedureParameters": {
							"SourceSystem": {
								"type": "String",
								"value": {
									"value": "@variables('v_pipelinePurpose')",
									"type": "Expression"
								}
							}
						},
						"queryTimeout": "02:00:00",
						"partitionOption": "None"
					},
					"dataset": {
						"referenceName": "DS_AZSQL_Generic_Query",
						"type": "DatasetReference",
						"parameters": {
							"DatabaseName": "ADM_CONFIG",
							"KVConStrSecretName": "az-sql-mi-admin-password",
							"ServerName": {
								"value": "@pipeline().globalParameters.GPManagedAZSQLServerName",
								"type": "Expression"
							}
						}
					},
					"firstRowOnly": false
				}
			},
			{
				"name": "Serial Copy",
				"type": "ForEach",
				"dependsOn": [
					{
						"activity": "get_FilePaths",
						"dependencyConditions": [
							"Succeeded"
						]
					}
				],
				"userProperties": [],
				"typeProperties": {
					"items": {
						"value": "@activity('get_FilePaths').output.value",
						"type": "Expression"
					},
					"isSequential": true,
					"activities": [
						{
							"name": "sp_batch_creation",
							"type": "Lookup",
							"dependsOn": [],
							"policy": {
								"timeout": "0.12:00:00",
								"retry": 0,
								"retryIntervalInSeconds": 30,
								"secureOutput": false,
								"secureInput": false
							},
							"userProperties": [],
							"typeProperties": {
								"source": {
									"type": "AzureSqlSource",
									"sqlReaderStoredProcedureName": "[etl].[CreateBatch]",
									"storedProcedureParameters": {
										"BatchID": {
											"type": "Int32",
											"value": null
										},
										"ParentBatchID": {
											"type": "Int32",
											"value": null
										},
										"ProcessName": {
											"type": "String",
											"value": {
												"value": "@item().SourceTableSchemaName",
												"type": "Expression"
											}
										}
									},
									"queryTimeout": "02:00:00",
									"partitionOption": "None"
								},
								"dataset": {
									"referenceName": "DS_AZSQL_Generic_Query",
									"type": "DatasetReference",
									"parameters": {
										"DatabaseName": "ADM_CONFIG",
										"KVConStrSecretName": "az-sql-mi-admin-password",
										"ServerName": {
											"value": "@pipeline().globalParameters.GPManagedAZSQLServerName",
											"type": "Expression"
										}
									}
								}
							}
						},
						{
							"name": "Copy Leader Payroll data to SQL MI",
							"type": "Copy",
							"dependsOn": [
								{
									"activity": "initialise_batch",
									"dependencyConditions": [
										"Succeeded"
									]
								}
							],
							"policy": {
								"timeout": "0.12:00:00",
								"retry": 0,
								"retryIntervalInSeconds": 30,
								"secureOutput": false,
								"secureInput": false
							},
							"userProperties": [],
							"typeProperties": {
								"source": {
									"type": "DelimitedTextSource",
									"storeSettings": {
										"type": "FileServerReadSettings",
										"recursive": false,
										"wildcardFolderPath": {
											"value": "@item().SourceEntityPath",
											"type": "Expression"
										},
										"wildcardFileName": {
											"value": "@item().SourceFileName",
											"type": "Expression"
										},
										"enablePartitionDiscovery": false
									},
									"formatSettings": {
										"type": "DelimitedTextReadSettings"
									}
								},
								"sink": {
									"type": "AzureSqlSink",
									"writeBehavior": "insert",
									"sqlWriterUseTableLock": false
								},
								"enableStaging": false,
								"enableSkipIncompatibleRow": false,
								"validateDataConsistency": false,
								"translator": {
									"type": "TabularTranslator",
									"mappings": [
										{
											"source": {
												"name": "EmployeeID",
												"type": "String",
												"physicalType": "String"
											},
											"sink": {
												"name": "EmployeeID",
												"type": "String",
												"physicalType": "varchar"
											}
										},
										{
											"source": {
												"name": "CPN",
												"type": "String",
												"physicalType": "String"
											},
											"sink": {
												"name": "CPN",
												"type": "String",
												"physicalType": "varchar"
											}
										},
										{
											"source": {
												"name": "LicenceNm",
												"type": "String",
												"physicalType": "String"
											},
											"sink": {
												"name": "LicenceNm",
												"type": "String",
												"physicalType": "varchar"
											}
										},
										{
											"source": {
												"name": "RAID",
												"type": "String",
												"physicalType": "String"
											},
											"sink": {
												"name": "RAID",
												"type": "String",
												"physicalType": "varchar"
											}
										},
										{
											"source": {
												"name": "OrgId",
												"type": "String",
												"physicalType": "String"
											},
											"sink": {
												"name": "OrgID",
												"type": "String",
												"physicalType": "varchar"
											}
										},
										{
											"source": {
												"name": "FacilityID",
												"type": "String",
												"physicalType": "String"
											},
											"sink": {
												"name": "FacilityID",
												"type": "String",
												"physicalType": "varchar"
											}
										},
										{
											"source": {
												"name": "GivenName",
												"type": "String",
												"physicalType": "String"
											},
											"sink": {
												"name": "GivenName",
												"type": "String",
												"physicalType": "varchar"
											}
										},
										{
											"source": {
												"name": "PreferredName",
												"type": "String",
												"physicalType": "String"
											},
											"sink": {
												"name": "PreferredName",
												"type": "String",
												"physicalType": "varchar"
											}
										},
										{
											"source": {
												"name": "MiddleNames",
												"type": "String",
												"physicalType": "String"
											},
											"sink": {
												"name": "MiddleNames",
												"type": "String",
												"physicalType": "varchar"
											}
										},
										{
											"source": {
												"name": "LastName",
												"type": "String",
												"physicalType": "String"
											},
											"sink": {
												"name": "LastName",
												"type": "String",
												"physicalType": "varchar"
											}
										},
										{
											"source": {
												"name": "NameType",
												"type": "String",
												"physicalType": "String"
											},
											"sink": {
												"name": "NameType",
												"type": "String",
												"physicalType": "char"
											}
										},
										{
											"source": {
												"name": "Role",
												"type": "String",
												"physicalType": "String"
											},
											"sink": {
												"name": "Role",
												"type": "String",
												"physicalType": "varchar"
											}
										},
										{
											"source": {
												"name": "CCoACode",
												"type": "String",
												"physicalType": "String"
											},
											"sink": {
												"name": "CCoACode",
												"type": "String",
												"physicalType": "varchar"
											}
										},
										{
											"source": {
												"name": "Department",
												"type": "String",
												"physicalType": "String"
											},
											"sink": {
												"name": "RCDescription",
												"type": "String",
												"physicalType": "varchar"
											}
										},
										{
											"source": {
												"name": "EmpStartDate",
												"type": "String",
												"physicalType": "String"
											},
											"sink": {
												"name": "EmpStartDate",
												"type": "String",
												"physicalType": "varchar"
											}
										},
										{
											"source": {
												"name": "EmpLeaveDate",
												"type": "String",
												"physicalType": "String"
											},
											"sink": {
												"name": "EmpLeaveDate",
												"type": "String",
												"physicalType": "varchar"
											}
										},
										{
											"source": {
												"name": "LocStartDate",
												"type": "String",
												"physicalType": "String"
											},
											"sink": {
												"name": "LocStartDate",
												"type": "String",
												"physicalType": "varchar"
											}
										},
										{
											"source": {
												"name": "LocLeaveDate",
												"type": "String",
												"physicalType": "String"
											},
											"sink": {
												"name": "LocLeaveDate",
												"type": "String",
												"physicalType": "varchar"
											}
										},
										{
											"source": {
												"name": "Manager",
												"type": "String",
												"physicalType": "String"
											},
											"sink": {
												"name": "Manager",
												"type": "String",
												"physicalType": "varchar"
											}
										},
										{
											"source": {
												"name": "ManagerEmployeeID",
												"type": "String",
												"physicalType": "String"
											},
											"sink": {
												"name": "ManagerEmployeeID",
												"type": "String",
												"physicalType": "varchar"
											}
										},
										{
											"source": {
												"name": "SourceSystem",
												"type": "String",
												"physicalType": "String"
											},
											"sink": {
												"name": "SourceSystem",
												"type": "String",
												"physicalType": "varchar"
											}
										},
										{
											"source": {
												"name": "Email",
												"type": "String",
												"physicalType": "String"
											},
											"sink": {
												"name": "Email",
												"type": "String",
												"physicalType": "varchar"
											}
										},
										{
											"source": {
												"name": "SourceRecordID",
												"type": "String",
												"physicalType": "String"
											},
											"sink": {
												"name": "SourceRecordID",
												"type": "String",
												"physicalType": "varchar"
											}
										}
									],
									"typeConversion": true,
									"typeConversionSettings": {
										"allowDataTruncation": true,
										"treatBooleanAsNumber": false
									}
								}
							},
							"inputs": [
								{
									"referenceName": "DS_Leader_Payroll",
									"type": "DatasetReference",
									"parameters": {
										"PFolderPath": "C4_Integrations/acc/hpd/Auckland/input",
										"PFileName": "leader_adhb_202311120000_202311121655.csv",
										"PNetworkStorageAccount": {
											"value": "@pipeline().globalParameters.GPNetworkStorageAccount",
											"type": "Expression"
										},
										"PNetworkStorageKey": {
											"value": "@pipeline().globalParameters.GPNetworkStorageKey",
											"type": "Expression"
										},
										"PNetworkStorageHost": {
											"value": "@pipeline().globalParameters.GPNetworkStorageHost",
											"type": "Expression"
										}
									}
								}
							],
							"outputs": [
								{
									"referenceName": "DS_AZSQL_TGT_Generic",
									"type": "DatasetReference",
									"parameters": {
										"SchemaName": "load",
										"TableName": "Employee",
										"KVConStrSecretName": "az-sql-mi-admin-password",
										"DatabaseName": "HPD"
									}
								}
							]
						},
						{
							"name": "Set CurrentDate",
							"type": "SetVariable",
							"dependsOn": [
								{
									"activity": "sp_batch_creation",
									"dependencyConditions": [
										"Succeeded"
									]
								}
							],
							"policy": {
								"secureOutput": false,
								"secureInput": false
							},
							"userProperties": [],
							"typeProperties": {
								"variableName": "currDate",
								"value": {
									"value": "@convertFromUtc(utcnow(), 'New Zealand Standard Time')",
									"type": "Expression"
								}
							}
						},
						{
							"name": "update_Batch",
							"type": "SqlServerStoredProcedure",
							"dependsOn": [
								{
									"activity": "Success_Create_LogFile",
									"dependencyConditions": [
										"Succeeded"
									]
								}
							],
							"policy": {
								"timeout": "0.12:00:00",
								"retry": 0,
								"retryIntervalInSeconds": 30,
								"secureOutput": false,
								"secureInput": false
							},
							"userProperties": [],
							"typeProperties": {
								"storedProcedureName": "[etl].[UpdateBatch]",
								"storedProcedureParameters": {
									"BatchId": {
										"value": {
											"value": "@int(string(activity('sp_batch_creation').output.firstRow.BatchID))",
											"type": "Expression"
										},
										"type": "Int32"
									}
								}
							},
							"linkedServiceName": {
								"referenceName": "LS_AZSQL_CDP",
								"type": "LinkedServiceReference",
								"parameters": {
									"KVConStrSecretName": "az-sql-mi-admin-password",
									"DatabaseName": "ADM_CONFIG"
								}
							}
						},
						{
							"name": "updateWatermarkValue",
							"type": "SqlServerStoredProcedure",
							"dependsOn": [
								{
									"activity": "getChanges",
									"dependencyConditions": [
										"Succeeded"
									]
								}
							],
							"policy": {
								"timeout": "0.12:00:00",
								"retry": 0,
								"retryIntervalInSeconds": 30,
								"secureOutput": false,
								"secureInput": false
							},
							"userProperties": [],
							"typeProperties": {
								"storedProcedureName": "[etl].[UpdateWaterMarkValue]",
								"storedProcedureParameters": {
									"ETLControlId": {
										"value": {
											"value": "@item().ETLControlID",
											"type": "Expression"
										},
										"type": "String"
									},
									"SourceSystem": {
										"value": {
											"value": "@item().SourceSystem",
											"type": "Expression"
										},
										"type": "String"
									},
									"WaterMarkQuery": {
										"value": {
											"value": "@{concat('''',variables('currDate'),'''')}",
											"type": "Expression"
										},
										"type": "String"
									}
								}
							},
							"linkedServiceName": {
								"referenceName": "LS_AZSQL_CDP",
								"type": "LinkedServiceReference",
								"parameters": {
									"KVConStrSecretName": "az-sql-mi-admin-password",
									"DatabaseName": "ADM_CONFIG"
								}
							}
						},
						{
							"name": "Success_Create_LogFile",
							"type": "SqlServerStoredProcedure",
							"dependsOn": [
								{
									"activity": "getChanges",
									"dependencyConditions": [
										"Succeeded"
									]
								}
							],
							"policy": {
								"timeout": "0.12:00:00",
								"retry": 0,
								"retryIntervalInSeconds": 30,
								"secureOutput": false,
								"secureInput": false
							},
							"userProperties": [],
							"typeProperties": {
								"storedProcedureName": "[etl].[CreateFileLog]",
								"storedProcedureParameters": {
									"ActivityID": {
										"value": {
											"value": "@pipeline().RunId",
											"type": "Expression"
										},
										"type": "Guid"
									},
									"BatchId": {
										"value": {
											"value": "@activity('sp_batch_creation').output.firstRow.BatchID",
											"type": "Expression"
										},
										"type": "Int32"
									},
									"CopyDuration": {
										"value": {
											"value": "@activity('Copy Leader Payroll data to SQL MI').output.copyDuration",
											"type": "Expression"
										},
										"type": "Decimal"
									},
									"DatabricksNotebookOutput": {
										"value": null,
										"type": "String"
									},
									"DataBytesWrite": {
										"value": {
											"value": "@activity('getChanges').output.dataWritten",
											"type": "Expression"
										},
										"type": "Int64"
									},
									"ETLControlID": {
										"value": {
											"value": "@item().ETLControlID",
											"type": "Expression"
										},
										"type": "Int32"
									},
									"FileContainer": {
										"value": null,
										"type": "String"
									},
									"FileName": {
										"value": {
											"value": "@item().SourceFileName",
											"type": "Expression"
										},
										"type": "String"
									},
									"FilePath": {
										"value": {
											"value": "@item().SourceEntityPath",
											"type": "Expression"
										},
										"type": "String"
									},
									"HasProcessingErrors": {
										"value": null,
										"type": "Boolean"
									},
									"IsLoadedInDW": {
										"value": null,
										"type": "Boolean"
									},
									"IsLoadedInLanding": {
										"value": "True",
										"type": "Boolean"
									},
									"LogFileID": {
										"value": null,
										"type": "Int32"
									},
									"LogID": {
										"value": "1",
										"type": "Int32"
									},
									"PipelineId": {
										"value": {
											"value": "@pipeline().RunId",
											"type": "Expression"
										},
										"type": "String"
									},
									"ProcessErrorMessage": {
										"value": null,
										"type": "String"
									},
									"TargetTableName": {
										"value": {
											"value": "@item().SourceFileName",
											"type": "Expression"
										},
										"type": "String"
									},
									"TargetTableSchemaName": {
										"value": {
											"value": "@item().TargetEntityPath",
											"type": "Expression"
										},
										"type": "String"
									},
									"FilesRead": {
										"value": {
											"value": "@activity('Copy Leader Payroll data to SQL MI').output.filesRead",
											"type": "Expression"
										},
										"type": "Int32"
									},
									"RowsRead": {
										"value": {
											"value": "@activity('Copy Leader Payroll data to SQL MI').output.rowsRead",
											"type": "Expression"
										},
										"type": "Int64"
									},
									"RowsCopied": {
										"value": {
											"value": "@activity('Copy Leader Payroll data to SQL MI').output.rowsCopied",
											"type": "Expression"
										},
										"type": "Int64"
									}
								}
							},
							"linkedServiceName": {
								"referenceName": "LS_AZSQL_CDP",
								"type": "LinkedServiceReference",
								"parameters": {
									"KVConStrSecretName": "az-sql-mi-admin-password",
									"DatabaseName": "ADM_CONFIG"
								}
							}
						},
						{
							"name": "Failure_Create_LogFile",
							"type": "SqlServerStoredProcedure",
							"dependsOn": [
								{
									"activity": "getChanges",
									"dependencyConditions": [
										"Failed"
									]
								}
							],
							"policy": {
								"timeout": "0.12:00:00",
								"retry": 0,
								"retryIntervalInSeconds": 30,
								"secureOutput": false,
								"secureInput": false
							},
							"userProperties": [],
							"typeProperties": {
								"storedProcedureName": "[etl].[CreateFileLog]",
								"storedProcedureParameters": {
									"ActivityID": {
										"value": {
											"value": "@pipeline().RunId",
											"type": "Expression"
										},
										"type": "Guid"
									},
									"BatchId": {
										"value": {
											"value": "@activity('sp_batch_creation').output.firstRow.BatchID",
											"type": "Expression"
										},
										"type": "Int32"
									},
									"CopyDuration": {
										"value": {
											"value": "@activity('getChanges').output.copyDuration",
											"type": "Expression"
										},
										"type": "Decimal"
									},
									"DatabricksNotebookOutput": {
										"value": null,
										"type": "String"
									},
									"DataBytesWrite": {
										"value": null,
										"type": "Int64"
									},
									"ETLControlID": {
										"value": {
											"value": "@item().ETLControlID",
											"type": "Expression"
										},
										"type": "Int32"
									},
									"FileContainer": {
										"value": null,
										"type": "String"
									},
									"FileName": {
										"value": {
											"value": "@item().SourceFileName",
											"type": "Expression"
										},
										"type": "String"
									},
									"FilePath": {
										"value": {
											"value": "@item().SourceEntityPath",
											"type": "Expression"
										},
										"type": "String"
									},
									"HasProcessingErrors": {
										"value": "True",
										"type": "Boolean"
									},
									"IsLoadedInDW": {
										"value": null,
										"type": "Boolean"
									},
									"IsLoadedInLanding": {
										"value": "False",
										"type": "Boolean"
									},
									"LogFileID": {
										"value": null,
										"type": "Int32"
									},
									"LogID": {
										"value": "1",
										"type": "Int32"
									},
									"PipelineId": {
										"value": {
											"value": "@pipeline().RunId",
											"type": "Expression"
										},
										"type": "String"
									},
									"ProcessErrorMessage": {
										"value": {
											"value": "@activity('getChanges').error.Message",
											"type": "Expression"
										},
										"type": "String"
									},
									"TargetTableName": {
										"value": {
											"value": "@item().SourceFileName",
											"type": "Expression"
										},
										"type": "String"
									},
									"TargetTableSchemaName": {
										"value": {
											"value": "@item().TargetEntityPath",
											"type": "Expression"
										},
										"type": "String"
									}
								}
							},
							"linkedServiceName": {
								"referenceName": "LS_AZSQL_CDP",
								"type": "LinkedServiceReference",
								"parameters": {
									"KVConStrSecretName": "az-sql-mi-admin-password",
									"DatabaseName": "ADM_CONFIG"
								}
							}
						},
						{
							"name": "process_batch",
							"type": "SqlServerStoredProcedure",
							"dependsOn": [
								{
									"activity": "Copy Leader Payroll data to SQL MI",
									"dependencyConditions": [
										"Succeeded"
									]
								}
							],
							"policy": {
								"timeout": "0.12:00:00",
								"retry": 0,
								"retryIntervalInSeconds": 30,
								"secureOutput": false,
								"secureInput": false
							},
							"userProperties": [],
							"typeProperties": {
								"storedProcedureName": "[dbo].[p_ProcessBatch]",
								"storedProcedureParameters": {
									"BatchId": {
										"value": {
											"value": "@int(string(activity('initialise_batch').output.firstRow.BatchID))",
											"type": "Expression"
										},
										"type": "Int32"
									}
								}
							},
							"linkedServiceName": {
								"referenceName": "LS_AZSQL_CDP",
								"type": "LinkedServiceReference",
								"parameters": {
									"KVConStrSecretName": "az-sql-mi-admin-password",
									"DatabaseName": "HPD"
								}
							}
						},
						{
							"name": "getChanges",
							"description": "Extract delta records to CSV",
							"type": "Copy",
							"dependsOn": [
								{
									"activity": "process_batch",
									"dependencyConditions": [
										"Succeeded"
									]
								}
							],
							"policy": {
								"timeout": "0.12:00:00",
								"retry": 0,
								"retryIntervalInSeconds": 30,
								"secureOutput": false,
								"secureInput": false
							},
							"userProperties": [],
							"typeProperties": {
								"source": {
									"type": "AzureSqlSource",
									"sqlReaderStoredProcedureName": "[dbo].[p_GetChanges]",
									"storedProcedureParameters": {
										"BatchId": {
											"type": "Int32",
											"value": {
												"value": "@int(string(activity('initialise_batch').output.firstRow.BatchID))",
												"type": "Expression"
											}
										}
									},
									"queryTimeout": "02:00:00",
									"partitionOption": "None"
								},
								"sink": {
									"type": "DelimitedTextSink",
									"storeSettings": {
										"type": "AzureBlobStorageWriteSettings"
									},
									"formatSettings": {
										"type": "DelimitedTextWriteSettings",
										"quoteAllText": true,
										"fileExtension": ".txt"
									}
								},
								"enableStaging": false,
								"translator": {
									"type": "TabularTranslator",
									"typeConversion": true,
									"typeConversionSettings": {
										"allowDataTruncation": true,
										"treatBooleanAsNumber": false
									}
								}
							},
							"inputs": [
								{
									"referenceName": "DS_AZSQL_Generic_Query",
									"type": "DatasetReference",
									"parameters": {
										"DatabaseName": "HPD",
										"KVConStrSecretName": "az-sql-mi-admin-password",
										"ServerName": {
											"value": "@pipeline().globalParameters.GPManagedAZSQLServerName",
											"type": "Expression"
										}
									}
								}
							],
							"outputs": [
								{
									"referenceName": "DS_HPD_ABS_CSV_Generic_File",
									"type": "DatasetReference",
									"parameters": {
										"PContainerName": "payroll",
										"PStorageAccount": {
											"value": "@pipeline().globalParameters.GPHPDBSURL",
											"type": "Expression"
										},
										"PSecretName": "abshpdaccountkey",
										"PFileName": {
											"value": "@item().TargetTableName",
											"type": "Expression"
										}
									}
								}
							]
						},
						{
							"name": "finalise_batch",
							"type": "SqlServerStoredProcedure",
							"dependsOn": [
								{
									"activity": "getChanges",
									"dependencyConditions": [
										"Succeeded"
									]
								}
							],
							"policy": {
								"timeout": "0.12:00:00",
								"retry": 0,
								"retryIntervalInSeconds": 30,
								"secureOutput": false,
								"secureInput": false
							},
							"userProperties": [],
							"typeProperties": {
								"storedProcedureName": "[dbo].[p_FinaliseBatch]",
								"storedProcedureParameters": {
									"BatchId": {
										"value": {
											"value": "@int(string(activity('initialise_batch').output.firstRow.BatchID))",
											"type": "Expression"
										},
										"type": "Int32"
									}
								}
							},
							"linkedServiceName": {
								"referenceName": "LS_AZSQL_CDP",
								"type": "LinkedServiceReference",
								"parameters": {
									"KVConStrSecretName": "az-sql-mi-admin-password",
									"DatabaseName": "HPD"
								}
							}
						},
						{
							"name": "initialise_batch",
							"type": "Lookup",
							"dependsOn": [
								{
									"activity": "sp_batch_creation",
									"dependencyConditions": [
										"Succeeded"
									]
								}
							],
							"policy": {
								"timeout": "0.12:00:00",
								"retry": 0,
								"retryIntervalInSeconds": 30,
								"secureOutput": false,
								"secureInput": false
							},
							"userProperties": [],
							"typeProperties": {
								"source": {
									"type": "AzureSqlSource",
									"sqlReaderStoredProcedureName": "[dbo].[p_IntialiseBatch]",
									"storedProcedureParameters": {
										"OrgDescription": {
											"type": "String",
											"value": {
												"value": "@item().SourceTableSchemaName",
												"type": "Expression"
											}
										}
									},
									"queryTimeout": "02:00:00",
									"partitionOption": "None"
								},
								"dataset": {
									"referenceName": "DS_AZSQL_Generic_Query",
									"type": "DatasetReference",
									"parameters": {
										"DatabaseName": "HPD",
										"KVConStrSecretName": "az-sql-mi-admin-password",
										"ServerName": {
											"value": "@pipeline().globalParameters.GPManagedAZSQLServerName",
											"type": "Expression"
										}
									}
								}
							}
						},
						{
							"name": "Move to Archive folder",
							"type": "Copy",
							"dependsOn": [
								{
									"activity": "finalise_batch",
									"dependencyConditions": [
										"Succeeded"
									]
								}
							],
							"policy": {
								"timeout": "0.12:00:00",
								"retry": 0,
								"retryIntervalInSeconds": 30,
								"secureOutput": false,
								"secureInput": false
							},
							"userProperties": [],
							"typeProperties": {
								"source": {
									"type": "DelimitedTextSource",
									"storeSettings": {
										"type": "FileServerReadSettings",
										"recursive": false,
										"wildcardFolderPath": {
											"value": "@item().SourceEntityPath",
											"type": "Expression"
										},
										"wildcardFileName": {
											"value": "@item().SourceFileName",
											"type": "Expression"
										},
										"enablePartitionDiscovery": false
									},
									"formatSettings": {
										"type": "DelimitedTextReadSettings"
									}
								},
								"sink": {
									"type": "DelimitedTextSink",
									"storeSettings": {
										"type": "FileServerWriteSettings"
									},
									"formatSettings": {
										"type": "DelimitedTextWriteSettings",
										"quoteAllText": true,
										"fileExtension": ".txt"
									}
								},
								"enableStaging": false,
								"enableSkipIncompatibleRow": false,
								"validateDataConsistency": false,
								"translator": {
									"type": "TabularTranslator",
									"typeConversion": true,
									"typeConversionSettings": {
										"allowDataTruncation": true,
										"treatBooleanAsNumber": false,
										"dateFormat": "dd/MM/yyyy",
										"dateTimeFormat": "dd/MM/yyyy"
									}
								}
							},
							"inputs": [
								{
									"referenceName": "DS_Leader_Payroll",
									"type": "DatasetReference",
									"parameters": {
										"PFolderPath": "C4_Integrations/acc/hpd/Auckland/input",
										"PFileName": "leader_adhb_202311120000_202311121655.csv",
										"PNetworkStorageAccount": {
											"value": "@pipeline().globalParameters.GPNetworkStorageAccount",
											"type": "Expression"
										},
										"PNetworkStorageKey": {
											"value": "@pipeline().globalParameters.GPNetworkStorageKey",
											"type": "Expression"
										},
										"PNetworkStorageHost": {
											"value": "@pipeline().globalParameters.GPNetworkStorageHost",
											"type": "Expression"
										}
									}
								}
							],
							"outputs": [
								{
									"referenceName": "DS_Leader_Payroll_TGT_NoFile",
									"type": "DatasetReference",
									"parameters": {
										"PFolderPath": {
											"value": "@item().ArchiveFolderPath",
											"type": "Expression"
										},
										"PNetworkStorageAccount": {
											"value": "@pipeline().globalParameters.GPNetworkStorageAccount",
											"type": "Expression"
										},
										"PNetworkStorageKey": {
											"value": "@pipeline().globalParameters.GPNetworkStorageKey",
											"type": "Expression"
										},
										"PNetworkStorageHost": {
											"value": "@pipeline().globalParameters.GPNetworkStorageHost",
											"type": "Expression"
										}
									}
								}
							]
						},
						{
							"name": "Delete source file",
							"type": "Delete",
							"dependsOn": [
								{
									"activity": "Move to Archive folder",
									"dependencyConditions": [
										"Succeeded"
									]
								}
							],
							"policy": {
								"timeout": "0.12:00:00",
								"retry": 0,
								"retryIntervalInSeconds": 30,
								"secureOutput": false,
								"secureInput": false
							},
							"userProperties": [],
							"typeProperties": {
								"dataset": {
									"referenceName": "DS_Leader_Payroll",
									"type": "DatasetReference",
									"parameters": {
										"PFolderPath": {
											"value": "@item().SourceEntityPath",
											"type": "Expression"
										},
										"PFileName": {
											"value": "item().SourceFileName",
											"type": "Expression"
										},
										"PNetworkStorageAccount": {
											"value": "@pipeline().globalParameters.GPNetworkStorageAccount",
											"type": "Expression"
										},
										"PNetworkStorageKey": {
											"value": "@pipeline().globalParameters.GPNetworkStorageKey",
											"type": "Expression"
										},
										"PNetworkStorageHost": {
											"value": "@pipeline().globalParameters.GPNetworkStorageHost",
											"type": "Expression"
										}
									}
								},
								"enableLogging": false,
								"storeSettings": {
									"type": "FileServerReadSettings",
									"recursive": false,
									"wildcardFileName": {
										"value": "@{item().SourceFileName}",
										"type": "Expression"
									},
									"enablePartitionDiscovery": false
								}
							}
						},
						{
							"name": "Failure_Create_LogFile_CopyActivity",
							"type": "SqlServerStoredProcedure",
							"dependsOn": [
								{
									"activity": "Copy Leader Payroll data to SQL MI",
									"dependencyConditions": [
										"Failed"
									]
								}
							],
							"policy": {
								"timeout": "0.12:00:00",
								"retry": 0,
								"retryIntervalInSeconds": 30,
								"secureOutput": false,
								"secureInput": false
							},
							"userProperties": [],
							"typeProperties": {
								"storedProcedureName": "[etl].[CreateFileLog]",
								"storedProcedureParameters": {
									"ActivityID": {
										"value": {
											"value": "@pipeline().RunId",
											"type": "Expression"
										},
										"type": "Guid"
									},
									"BatchId": {
										"value": {
											"value": "@activity('sp_batch_creation').output.firstRow.BatchID",
											"type": "Expression"
										},
										"type": "Int32"
									},
									"CopyDuration": {
										"value": null,
										"type": "Decimal"
									},
									"DatabricksNotebookOutput": {
										"value": null,
										"type": "String"
									},
									"DataBytesWrite": {
										"value": null,
										"type": "Int64"
									},
									"ETLControlID": {
										"value": {
											"value": "@item().ETLControlID",
											"type": "Expression"
										},
										"type": "Int32"
									},
									"FileContainer": {
										"value": null,
										"type": "String"
									},
									"FileName": {
										"value": {
											"value": "@item().SourceFileName",
											"type": "Expression"
										},
										"type": "String"
									},
									"FilePath": {
										"value": {
											"value": "@item().SourceEntityPath",
											"type": "Expression"
										},
										"type": "String"
									},
									"HasProcessingErrors": {
										"value": "True",
										"type": "Boolean"
									},
									"IsLoadedInDW": {
										"value": null,
										"type": "Boolean"
									},
									"IsLoadedInLanding": {
										"value": "False",
										"type": "Boolean"
									},
									"LogFileID": {
										"value": null,
										"type": "Int32"
									},
									"LogID": {
										"value": "1",
										"type": "Int32"
									},
									"PipelineId": {
										"value": {
											"value": "@pipeline().RunId",
											"type": "Expression"
										},
										"type": "String"
									},
									"ProcessErrorMessage": {
										"value": {
											"value": "@activity('Copy Leader Payroll data to SQL MI').error.Message",
											"type": "Expression"
										},
										"type": "String"
									},
									"TargetTableName": {
										"value": {
											"value": "@item().SourceFileName",
											"type": "Expression"
										},
										"type": "String"
									},
									"TargetTableSchemaName": {
										"value": {
											"value": "@item().TargetEntityPath",
											"type": "Expression"
										},
										"type": "String"
									}
								}
							},
							"linkedServiceName": {
								"referenceName": "LS_AZSQL_CDP",
								"type": "LinkedServiceReference",
								"parameters": {
									"KVConStrSecretName": "az-sql-mi-admin-password",
									"DatabaseName": "ADM_CONFIG"
								}
							}
						},
						{
							"name": "Failure_Create_LogFile_BatchProcess",
							"type": "SqlServerStoredProcedure",
							"dependsOn": [
								{
									"activity": "process_batch",
									"dependencyConditions": [
										"Failed"
									]
								}
							],
							"policy": {
								"timeout": "0.12:00:00",
								"retry": 0,
								"retryIntervalInSeconds": 30,
								"secureOutput": false,
								"secureInput": false
							},
							"userProperties": [],
							"typeProperties": {
								"storedProcedureName": "[etl].[CreateFileLog]",
								"storedProcedureParameters": {
									"ActivityID": {
										"value": {
											"value": "@pipeline().RunId",
											"type": "Expression"
										},
										"type": "Guid"
									},
									"BatchId": {
										"value": {
											"value": "@activity('sp_batch_creation').output.firstRow.BatchID",
											"type": "Expression"
										},
										"type": "Int32"
									},
									"CopyDuration": {
										"value": null,
										"type": "Decimal"
									},
									"DatabricksNotebookOutput": {
										"value": null,
										"type": "String"
									},
									"DataBytesWrite": {
										"value": null,
										"type": "Int64"
									},
									"ETLControlID": {
										"value": {
											"value": "@item().ETLControlID",
											"type": "Expression"
										},
										"type": "Int32"
									},
									"FileContainer": {
										"value": null,
										"type": "String"
									},
									"FileName": {
										"value": {
											"value": "@item().SourceFileName",
											"type": "Expression"
										},
										"type": "String"
									},
									"FilePath": {
										"value": {
											"value": "@item().SourceEntityPath",
											"type": "Expression"
										},
										"type": "String"
									},
									"HasProcessingErrors": {
										"value": "True",
										"type": "Boolean"
									},
									"IsLoadedInDW": {
										"value": null,
										"type": "Boolean"
									},
									"IsLoadedInLanding": {
										"value": "False",
										"type": "Boolean"
									},
									"LogFileID": {
										"value": null,
										"type": "Int32"
									},
									"LogID": {
										"value": "1",
										"type": "Int32"
									},
									"PipelineId": {
										"value": {
											"value": "@pipeline().RunId",
											"type": "Expression"
										},
										"type": "String"
									},
									"ProcessErrorMessage": {
										"value": {
											"value": "@activity('process_batch').error.Message",
											"type": "Expression"
										},
										"type": "String"
									},
									"TargetTableName": {
										"value": {
											"value": "@item().SourceFileName",
											"type": "Expression"
										},
										"type": "String"
									},
									"TargetTableSchemaName": {
										"value": {
											"value": "@item().TargetEntityPath",
											"type": "Expression"
										},
										"type": "String"
									}
								}
							},
							"linkedServiceName": {
								"referenceName": "LS_AZSQL_CDP",
								"type": "LinkedServiceReference",
								"parameters": {
									"KVConStrSecretName": "az-sql-mi-admin-password",
									"DatabaseName": "ADM_CONFIG"
								}
							}
						},
						{
							"name": "Failure_Create_LogFile_Archive",
							"type": "SqlServerStoredProcedure",
							"dependsOn": [
								{
									"activity": "Move to Archive folder",
									"dependencyConditions": [
										"Failed"
									]
								}
							],
							"policy": {
								"timeout": "0.12:00:00",
								"retry": 0,
								"retryIntervalInSeconds": 30,
								"secureOutput": false,
								"secureInput": false
							},
							"userProperties": [],
							"typeProperties": {
								"storedProcedureName": "[etl].[CreateFileLog]",
								"storedProcedureParameters": {
									"ActivityID": {
										"value": {
											"value": "@pipeline().RunId",
											"type": "Expression"
										},
										"type": "Guid"
									},
									"BatchId": {
										"value": {
											"value": "@activity('sp_batch_creation').output.firstRow.BatchID",
											"type": "Expression"
										},
										"type": "Int32"
									},
									"CopyDuration": {
										"value": {
											"value": "@activity('Move to Archive folder').output.copyDuration",
											"type": "Expression"
										},
										"type": "Decimal"
									},
									"DatabricksNotebookOutput": {
										"value": null,
										"type": "String"
									},
									"DataBytesWrite": {
										"value": null,
										"type": "Int64"
									},
									"ETLControlID": {
										"value": {
											"value": "@item().ETLControlID",
											"type": "Expression"
										},
										"type": "Int32"
									},
									"FileContainer": {
										"value": null,
										"type": "String"
									},
									"FileName": {
										"value": {
											"value": "@item().SourceFileName",
											"type": "Expression"
										},
										"type": "String"
									},
									"FilePath": {
										"value": {
											"value": "@item().SourceEntityPath",
											"type": "Expression"
										},
										"type": "String"
									},
									"HasProcessingErrors": {
										"value": "True",
										"type": "Boolean"
									},
									"IsLoadedInDW": {
										"value": null,
										"type": "Boolean"
									},
									"IsLoadedInLanding": {
										"value": "False",
										"type": "Boolean"
									},
									"LogFileID": {
										"value": null,
										"type": "Int32"
									},
									"LogID": {
										"value": "1",
										"type": "Int32"
									},
									"PipelineId": {
										"value": {
											"value": "@pipeline().RunId",
											"type": "Expression"
										},
										"type": "String"
									},
									"ProcessErrorMessage": {
										"value": {
											"value": "@activity('Move to Archive folder').error.Message",
											"type": "Expression"
										},
										"type": "String"
									},
									"TargetTableName": {
										"value": {
											"value": "@item().SourceFileName",
											"type": "Expression"
										},
										"type": "String"
									},
									"TargetTableSchemaName": {
										"value": {
											"value": "@item().TargetEntityPath",
											"type": "Expression"
										},
										"type": "String"
									}
								}
							},
							"linkedServiceName": {
								"referenceName": "LS_AZSQL_CDP",
								"type": "LinkedServiceReference",
								"parameters": {
									"KVConStrSecretName": "az-sql-mi-admin-password",
									"DatabaseName": "ADM_CONFIG"
								}
							}
						}
					]
				}
			},
			{
				"name": "read_TriggerJSON",
				"description": "Connects to a Stored Proc on AZ SQL MI database to fetch source folder and filename (wildcard)",
				"type": "Lookup",
				"dependsOn": [],
				"policy": {
					"timeout": "0.12:00:00",
					"retry": 0,
					"retryIntervalInSeconds": 30,
					"secureOutput": false,
					"secureInput": false
				},
				"userProperties": [],
				"typeProperties": {
					"source": {
						"type": "JsonSource",
						"storeSettings": {
							"type": "AzureBlobFSReadSettings",
							"recursive": true,
							"wildcardFolderPath": {
								"value": "@concat('Trigger/Load_DL/HPD/',\nconvertFromUTC(utcnow(),'New Zealand Standard Time','yyyy'),'/',\nconvertFromUTC(utcnow(),'New Zealand Standard Time','MM'),'/',\nconvertFromUTC(utcnow(),'New Zealand Standard Time','dd'),'/'\n)",
								"type": "Expression"
							},
							"wildcardFileName": {
								"value": "*leader*",
								"type": "Expression"
							},
							"enablePartitionDiscovery": false
						},
						"formatSettings": {
							"type": "JsonReadSettings"
						}
					},
					"dataset": {
						"referenceName": "DS_ADLS_JSON_HPD",
						"type": "DatasetReference",
						"parameters": {
							"PContainerName": {
								"value": "landing",
								"type": "Expression"
							},
							"PFolderPath": {
								"value": "@concat('Trigger/Load_DL/Audit/PowerBIActivities/',\nconvertFromUTC(utcnow(),'New Zealand Standard Time','yyyy'),'/',\nconvertFromUTC(utcnow(),'New Zealand Standard Time','MM'),'/',\nconvertFromUTC(utcnow(),'New Zealand Standard Time','dd'),'/'\n)",
								"type": "Expression"
							},
							"PFileName": "1405_pse_payroll",
							"PStorageAccount": {
								"value": "@pipeline().globalParameters.GPCDPADLSUrl",
								"type": "Expression"
							},
							"PStorageAccountSecretName": "adlscdpaccountkey"
						}
					},
					"firstRowOnly": false
				}
			},
			{
				"name": "set variable",
				"type": "SetVariable",
				"dependsOn": [
					{
						"activity": "read_TriggerJSON",
						"dependencyConditions": [
							"Succeeded"
						]
					}
				],
				"policy": {
					"secureOutput": false,
					"secureInput": false
				},
				"userProperties": [],
				"typeProperties": {
					"variableName": "v_pipelinePurpose",
					"value": {
						"value": "@activity('read_TriggerJSON').output.value[0].PipelinePurpose",
						"type": "Expression"
					}
				}
			}
		],
		"variables": {
			"currDate": {
				"type": "String"
			},
			"filePath": {
				"type": "String"
			},
			"fileName": {
				"type": "String"
			},
			"v_pipelinePurpose": {
				"type": "String"
			}
		},
		"folder": {
			"name": "Load DL/HPD"
		},
		"annotations": []
	}
}