{
	"name": "PL_Load_Medirota_RDS",
	"properties": {
		"activities": [
			{
				"name": "Get stored procs to execute",
				"description": "Get store procs to move data from ADLS to stage/RDS layer and from stage to dbo/CRDS layer.",
				"type": "Lookup",
				"dependsOn": [],
				"policy": {
					"timeout": "0.00:10:00",
					"retry": 0,
					"retryIntervalInSeconds": 30,
					"secureOutput": false,
					"secureInput": false
				},
				"userProperties": [],
				"typeProperties": {
					"source": {
						"type": "AzureSqlSource",
						"sqlReaderStoredProcedureName": "[etl].[GetDistinctRotaEndPoint]",
						"storedProcedureParameters": {
							"BatchType": {
								"type": "String",
								"value": {
									"value": "@pipeline().parameters.PBatch",
									"type": "Expression"
								}
							},
							"SourceSystem": {
								"type": "String",
								"value": {
									"value": "@pipeline().parameters.PSourceSystem",
									"type": "Expression"
								}
							}
						},
						"queryTimeout": "02:00:00",
						"partitionOption": "None"
					},
					"dataset": {
						"referenceName": "DS_AZSQL_TGT_Generic_Query",
						"type": "DatasetReference",
						"parameters": {
							"DatabaseName": {
								"value": "@pipeline().parameters.PConfigDatabaseName",
								"type": "Expression"
							},
							"KVConStrSecretName": {
								"value": "@pipeline().parameters.PKVSecretName",
								"type": "Expression"
							}
						}
					},
					"firstRowOnly": false
				}
			},
			{
				"name": "Flatten xml files and load in _raw tables",
				"type": "ForEach",
				"dependsOn": [
					{
						"activity": "Get stored procs to execute",
						"dependencyConditions": [
							"Succeeded"
						]
					}
				],
				"userProperties": [],
				"typeProperties": {
					"items": {
						"value": "@activity('Get stored procs to execute').output.value",
						"type": "Expression"
					},
					"batchCount": 2,
					"activities": [
						{
							"name": "raw to stage",
							"description": "the store procs flatten the XML files",
							"type": "SqlServerStoredProcedure",
							"dependsOn": [],
							"policy": {
								"timeout": "0.00:50:00",
								"retry": 0,
								"retryIntervalInSeconds": 30,
								"secureOutput": false,
								"secureInput": false
							},
							"userProperties": [
								{
									"name": "StoreProc",
									"value": "@{item().SourceQuery}"
								}
							],
							"typeProperties": {
								"storedProcedureName": {
									"value": "@{item().SourceQuery}",
									"type": "Expression"
								}
							},
							"linkedServiceName": {
								"referenceName": "LS_AZSQL_CDP",
								"type": "LinkedServiceReference",
								"parameters": {
									"KVConStrSecretName": {
										"value": "@pipeline().parameters.PKVSecretName",
										"type": "Expression"
									},
									"DatabaseName": {
										"value": "@pipeline().parameters.PTargetDatabaseName",
										"type": "Expression"
									}
								}
							}
						}
					]
				}
			},
			{
				"name": "Create Trigger File",
				"type": "ExecutePipeline",
				"dependsOn": [
					{
						"activity": "Load from stage to dbo",
						"dependencyConditions": [
							"Succeeded"
						]
					}
				],
				"userProperties": [],
				"typeProperties": {
					"pipeline": {
						"referenceName": "PL_Trigger_Generic",
						"type": "PipelineReference"
					},
					"waitOnCompletion": true,
					"parameters": {
						"PContainerName": {
							"value": "bronze",
							"type": "Expression"
						},
						"PSourceFolderPath": {
							"value": "medirota/Trigger/Load_DL/",
							"type": "Expression"
						},
						"PSourceFileName": {
							"value": "template.json",
							"type": "Expression"
						},
						"PTargetFolderPath": {
							"value": "@concat('medirota/Trigger/Load_RDS/',\nformatDateTime(convertTimeZone(utcnow(),'UTC','New Zealand Standard Time'),'yyyy'),'/',\nformatDateTime(convertTimeZone(utcnow(),'UTC','New Zealand Standard Time'),'MM'),'/',\nformatDateTime(convertTimeZone(utcnow(),'UTC','New Zealand Standard Time'),'dd')\n)",
							"type": "Expression"
						},
						"PTargetFileName": {
							"value": "@concat(pipeline().Pipeline,'_',\nformatDateTime(\nconvertTimeZone(utcnow(),'UTC','New Zealand Standard Time'),\n'yyyyMMddHHmmss'),'_Medirota.json')",
							"type": "Expression"
						},
						"PStorageAccount": {
							"value": "@pipeline().globalParameters.GPCDPADLSUrl",
							"type": "Expression"
						},
						"PStorageAccountSecret": {
							"value": "@pipeline().parameters.PADLSSecretName",
							"type": "Expression"
						}
					}
				}
			},
			{
				"name": "Load from stage to dbo",
				"type": "ForEach",
				"dependsOn": [
					{
						"activity": "Flatten xml files and load in _raw tables",
						"dependencyConditions": [
							"Succeeded"
						]
					}
				],
				"userProperties": [],
				"typeProperties": {
					"items": {
						"value": "@activity('Get stored procs to execute').output.value",
						"type": "Expression"
					},
					"batchCount": 2,
					"activities": [
						{
							"name": "stage to dbo",
							"type": "SqlServerStoredProcedure",
							"dependsOn": [],
							"policy": {
								"timeout": "0.00:30:00",
								"retry": 0,
								"retryIntervalInSeconds": 30,
								"secureOutput": false,
								"secureInput": false
							},
							"userProperties": [
								{
									"name": "StoreProc",
									"value": "@{item().PostScriptProcedure}"
								}
							],
							"typeProperties": {
								"storedProcedureName": {
									"value": "@{item().PostScriptProcedure}",
									"type": "Expression"
								}
							},
							"linkedServiceName": {
								"referenceName": "LS_AZSQL_CDP",
								"type": "LinkedServiceReference",
								"parameters": {
									"KVConStrSecretName": {
										"value": "@pipeline().parameters.PKVSecretName",
										"type": "Expression"
									},
									"DatabaseName": {
										"value": "@pipeline().parameters.PTargetDatabaseName",
										"type": "Expression"
									}
								}
							}
						}
					]
				}
			}
		],
		"parameters": {
			"PBatch": {
				"type": "string",
				"defaultValue": "Hourly"
			},
			"PSourceSystem": {
				"type": "string",
				"defaultValue": "Medirota"
			},
			"PConfigDatabaseName": {
				"type": "string",
				"defaultValue": "ADM_CONFIG"
			},
			"PTargetDatabaseName": {
				"type": "string",
				"defaultValue": "RDS_MEDIROTA"
			},
			"PKVSecretName": {
				"type": "string",
				"defaultValue": "az-sql-mi-admin-password"
			},
			"PADLSSecretName": {
				"type": "string",
				"defaultValue": "adlscdpaccountkey"
			}
		},
		"folder": {
			"name": "Load RDS/Medirota"
		},
		"annotations": [],
		"lastPublishTime": "2022-10-06T04:07:01Z"
	},
	"type": "Microsoft.DataFactory/factories/pipelines"
}