{
	"name": "PL_Load_Medirota_CRDS",
	"properties": {
		"description": "Move data from RDS_MEDIROTA to CRDS",
		"activities": [
			{
				"name": "Get Metadata",
				"type": "Lookup",
				"dependsOn": [],
				"policy": {
					"timeout": "0.00:10:00",
					"retry": 0,
					"retryIntervalInSeconds": 30,
					"secureOutput": false,
					"secureInput": false
				},
				"userProperties": [],
				"typeProperties": {
					"source": {
						"type": "AzureSqlSource",
						"sqlReaderStoredProcedureName": "[etl].[GetCRDSMetadata]",
						"storedProcedureParameters": {
							"SourceSystem": {
								"type": "String",
								"value": {
									"value": "@pipeline().parameters.PSourceSystem",
									"type": "Expression"
								}
							}
						},
						"queryTimeout": "02:00:00",
						"partitionOption": "None"
					},
					"dataset": {
						"referenceName": "DS_AZSQL_TGT_Generic_Query",
						"type": "DatasetReference",
						"parameters": {
							"DatabaseName": {
								"value": "@pipeline().parameters.PConfigDatabase",
								"type": "Expression"
							},
							"KVConStrSecretName": {
								"value": "@pipeline().parameters.PKVSecretName",
								"type": "Expression"
							}
						}
					},
					"firstRowOnly": false
				}
			},
			{
				"name": "For Each Row",
				"type": "ForEach",
				"dependsOn": [
					{
						"activity": "Get Metadata",
						"dependencyConditions": [
							"Succeeded"
						]
					}
				],
				"userProperties": [],
				"typeProperties": {
					"items": {
						"value": "@activity('Get Metadata').output.value",
						"type": "Expression"
					},
					"batchCount": 10,
					"activities": [
						{
							"name": "Run store proc",
							"type": "SqlServerStoredProcedure",
							"dependsOn": [],
							"policy": {
								"timeout": "0.00:30:00",
								"retry": 0,
								"retryIntervalInSeconds": 30,
								"secureOutput": false,
								"secureInput": false
							},
							"userProperties": [],
							"typeProperties": {
								"storedProcedureName": {
									"value": "@item().SourceQuery",
									"type": "Expression"
								}
							},
							"linkedServiceName": {
								"referenceName": "LS_AZSQL_CDP",
								"type": "LinkedServiceReference",
								"parameters": {
									"KVConStrSecretName": {
										"value": "@pipeline().parameters.PKVSecretName",
										"type": "Expression"
									},
									"DatabaseName": {
										"value": "@pipeline().parameters.PTargetDatabase",
										"type": "Expression"
									}
								}
							}
						}
					]
				}
			}
		],
		"parameters": {
			"PSourceSystem": {
				"type": "string",
				"defaultValue": "Medirota"
			},
			"PKVSecretName": {
				"type": "string",
				"defaultValue": "az-sql-mi-admin-password"
			},
			"PSourceDatabaseName": {
				"type": "string",
				"defaultValue": "RDS_MEDIROTA"
			},
			"PTargetDatabase": {
				"type": "string",
				"defaultValue": "DA_CRDS"
			},
			"PConfigDatabase": {
				"type": "string",
				"defaultValue": "ADM_CONFIG"
			}
		},
		"folder": {
			"name": "Load CRDS/Medirota"
		},
		"annotations": [],
		"lastPublishTime": "2022-10-06T04:07:01Z"
	},
	"type": "Microsoft.DataFactory/factories/pipelines"
}