{
	"name": "PL_Loop_Endpoints",
	"properties": {
		"activities": [
			{
				"name": "Loop Data EndPoint",
				"type": "ForEach",
				"dependsOn": [
					{
						"activity": "Split Array",
						"dependencyConditions": [
							"Succeeded"
						]
					}
				],
				"userProperties": [],
				"typeProperties": {
					"items": {
						"value": "@activity('Split Array').output.value",
						"type": "Expression"
					},
					"isSequential": true,
					"activities": [
						{
							"name": "PL_Get_Response_Loop",
							"type": "ExecutePipeline",
							"dependsOn": [],
							"userProperties": [],
							"typeProperties": {
								"pipeline": {
									"referenceName": "PL_Get_Response_Loop",
									"type": "PipelineReference"
								},
								"waitOnCompletion": true,
								"parameters": {
									"PEndPointURL": {
										"value": "@item().EndPointURL",
										"type": "Expression"
									},
									"PBusinessUnit": {
										"value": "@pipeline().parameters.PBusinessUnit",
										"type": "Expression"
									},
									"PToken": {
										"value": "@pipeline().parameters.PToken",
										"type": "Expression"
									},
									"PEndPointName": {
										"value": "@item().EndPoint",
										"type": "Expression"
									},
									"PDate": {
										"value": "@utcnow()",
										"type": "Expression"
									},
									"PTokenGeneratedTime": {
										"value": "@pipeline().parameters.PTokenGeneratedTime",
										"type": "Expression"
									},
									"PKVSecretName": {
										"value": "@pipeline().parameters.PKVSecretName",
										"type": "Expression"
									},
									"PTargetTableName": {
										"value": "@item().TargetTableName",
										"type": "Expression"
									},
									"PWaterMarkQuery": {
										"value": "@item().WaterMarkQuery",
										"type": "Expression"
									},
									"PSourceTableSchemaName": {
										"value": "@item().SourceTableSchemaName",
										"type": "Expression"
									},
									"PBatchType": {
										"value": "@pipeline().parameters.PBatchType",
										"type": "Expression"
									},
									"PTheUrlToUse": {
										"value": "@variables('vTheUrlToUse')",
										"type": "Expression"
									}
								}
							}
						}
					]
				}
			},
			{
				"name": "Split Array",
				"type": "Lookup",
				"dependsOn": [
					{
						"activity": "Set variable2",
						"dependencyConditions": [
							"Succeeded"
						]
					}
				],
				"policy": {
					"timeout": "7.00:00:00",
					"retry": 0,
					"retryIntervalInSeconds": 30,
					"secureOutput": false,
					"secureInput": false
				},
				"userProperties": [],
				"typeProperties": {
					"source": {
						"type": "AzureSqlSource",
						"sqlReaderQuery": {
							"value": "@concat(\n'select *\nfrom openjson(''',\nstring(variables('vInputForSplitArray')),\n''')\nwith\n(EndPoint varchar(100) ''$.EndPoint'',\nEndPointURL varchar(100) ''$.EndPointURL'',\nTargetTableSchemaName varchar(100) ''$.TargetTableSchemaName'',\nTargetTableName varchar(100) ''$.TargetTableName'',\nWaterMarkQuery varchar(255) ''$.WaterMarkQuery'',\nSourceTableSchemaName varchar(255) ''$.SourceTableSchemaName''\n)'\n)",
							"type": "Expression"
						},
						"queryTimeout": "02:00:00",
						"partitionOption": "None"
					},
					"dataset": {
						"referenceName": "DS_AZSQL_TGT_Generic_Query",
						"type": "DatasetReference",
						"parameters": {
							"DatabaseName": "ADM_CONFIG",
							"KVConStrSecretName": "az-sql-mi-admin-password"
						}
					},
					"firstRowOnly": false
				}
			},
			{
				"name": "Filter Current BU",
				"type": "Filter",
				"dependsOn": [
					{
						"activity": "Get EndPoint Details",
						"dependencyConditions": [
							"Succeeded"
						]
					}
				],
				"userProperties": [],
				"typeProperties": {
					"items": {
						"value": "@activity('Get EndPoint Details').output.value",
						"type": "Expression"
					},
					"condition": {
						"value": "@equals(item().BusinessUnit,variables('VBusinessUnit'))",
						"type": "Expression"
					}
				}
			},
			{
				"name": "Get EndPoint Details",
				"type": "Lookup",
				"dependsOn": [
					{
						"activity": "Set variable1",
						"dependencyConditions": [
							"Succeeded"
						]
					}
				],
				"policy": {
					"timeout": "7.00:00:00",
					"retry": 0,
					"retryIntervalInSeconds": 30,
					"secureOutput": false,
					"secureInput": false
				},
				"userProperties": [],
				"typeProperties": {
					"source": {
						"type": "AzureSqlSource",
						"sqlReaderStoredProcedureName": "[ETL].[GetRotaEndPointDtl]",
						"storedProcedureParameters": {
							"SourceSystem": {
								"type": "String",
								"value": {
									"value": "Medirota",
									"type": "Expression"
								}
							},
							"BatchType": {
								"type": "String",
								"value": {
									"value": "@pipeline().parameters.PBatchType",
									"type": "Expression"
								}
							}
						},
						"queryTimeout": "02:00:00",
						"partitionOption": "None"
					},
					"dataset": {
						"referenceName": "DS_AZSQL_TGT_Generic_Query",
						"type": "DatasetReference",
						"parameters": {
							"DatabaseName": "ADM_CONFIG",
							"KVConStrSecretName": "az-sql-mi-admin-password"
						}
					},
					"firstRowOnly": false
				}
			},
			{
				"name": "Set variable1",
				"type": "SetVariable",
				"dependsOn": [],
				"userProperties": [],
				"typeProperties": {
					"variableName": "vBusinessUnit",
					"value": {
						"value": "@pipeline().parameters.PBusinessUnit",
						"type": "Expression"
					}
				}
			},
			{
				"name": "Set variable2",
				"type": "SetVariable",
				"dependsOn": [
					{
						"activity": "Filter Current BU",
						"dependencyConditions": [
							"Succeeded"
						]
					}
				],
				"userProperties": [],
				"typeProperties": {
					"variableName": "vInputForSplitArray",
					"value": {
						"value": "@{activity('Filter Current BU').output.value[0].EndPointInfo}",
						"type": "Expression"
					}
				}
			},
			{
				"name": "Medirota or Clwrota",
				"type": "Switch",
				"dependsOn": [
					{
						"activity": "Set variable1",
						"dependencyConditions": [
							"Succeeded"
						]
					}
				],
				"userProperties": [],
				"typeProperties": {
					"on": {
						"value": "@pipeline().parameters.PBusinessUnit",
						"type": "Expression"
					},
					"cases": [
						{
							"value": "adhb",
							"activities": [
								{
									"name": "Set variable4",
									"type": "SetVariable",
									"dependsOn": [],
									"userProperties": [],
									"typeProperties": {
										"variableName": "vTheUrlToUse",
										"value": "clwrota"
									}
								}
							]
						},
						{
							"value": "adhbstarship",
							"activities": [
								{
									"name": "Set variable5",
									"type": "SetVariable",
									"dependsOn": [],
									"userProperties": [],
									"typeProperties": {
										"variableName": "vTheUrlToUse",
										"value": "clwrota"
									}
								}
							]
						},
						{
							"value": "adhbl4",
							"activities": [
								{
									"name": "Set variable6",
									"type": "SetVariable",
									"dependsOn": [],
									"userProperties": [],
									"typeProperties": {
										"variableName": "vTheUrlToUse",
										"value": "clwrota"
									}
								}
							]
						}
					],
					"defaultActivities": [
						{
							"name": "Set variable3",
							"type": "SetVariable",
							"dependsOn": [],
							"userProperties": [],
							"typeProperties": {
								"variableName": "vTheUrlToUse",
								"value": "medirota"
							}
						}
					]
				}
			}
		],
		"parameters": {
			"PDataEndPoint": {
				"type": "array"
			},
			"PBusinessUnit": {
				"type": "string"
			},
			"PToken": {
				"type": "string"
			},
			"PTokenGeneratedTime": {
				"type": "string"
			},
			"PKVSecretName": {
				"type": "string"
			},
			"PBatchType": {
				"type": "string"
			}
		},
		"variables": {
			"vBusinessUnit": {
				"type": "String"
			},
			"vInputForSplitArray": {
				"type": "String"
			},
			"vTheUrlToUse": {
				"type": "String"
			}
		},
		"folder": {
			"name": "Load DL/Medirota"
		},
		"annotations": [],
		"lastPublishTime": "2022-10-06T04:07:02Z"
	},
	"type": "Microsoft.DataFactory/factories/pipelines"
}