{
	"name": "PL_Load_Staff_Vaccination",
	"properties": {
		"activities": [
			{
				"name": "TriggerLogicApp",
				"type": "WebActivity",
				"dependsOn": [],
				"policy": {
					"timeout": "0.00:10:00",
					"retry": 0,
					"retryIntervalInSeconds": 30,
					"secureOutput": false,
					"secureInput": false
				},
				"userProperties": [],
				"typeProperties": {
					"url": {
						"value": "@pipeline().globalParameters.GPStaffVaccinationLogicAppURL",
						"type": "Expression"
					},
					"method": "POST",
					"headers": {
						"Content-Type": {
							"value": "application/json",
							"type": "Expression"
						}
					},
					"body": {
						"test": "test"
					}
				}
			},
			{
				"name": "IfNewFileArrives",
				"type": "IfCondition",
				"dependsOn": [
					{
						"activity": "TriggerLogicApp",
						"dependencyConditions": [
							"Succeeded"
						]
					}
				],
				"userProperties": [],
				"typeProperties": {
					"expression": {
						"value": "@equals(activity('TriggerLogicApp').output.FileName,'NoNewFile')",
						"type": "Expression"
					},
					"ifFalseActivities": [
						{
							"name": "Copy data1",
							"type": "Copy",
							"dependsOn": [],
							"policy": {
								"timeout": "7.00:00:00",
								"retry": 0,
								"retryIntervalInSeconds": 30,
								"secureOutput": false,
								"secureInput": false
							},
							"userProperties": [],
							"typeProperties": {
								"source": {
									"type": "ExcelSource",
									"storeSettings": {
										"type": "AzureBlobFSReadSettings",
										"recursive": true,
										"enablePartitionDiscovery": false
									}
								},
								"sink": {
									"type": "SqlServerSink",
									"preCopyScript": "truncate table [employee].StaffNHIMapping",
									"writeBehavior": "insert",
									"sqlWriterUseTableLock": false
								},
								"enableStaging": false,
								"translator": {
									"type": "TabularTranslator",
									"typeConversion": true,
									"typeConversionSettings": {
										"allowDataTruncation": true,
										"treatBooleanAsNumber": false
									}
								}
							},
							"inputs": [
								{
									"referenceName": "DS_ADLS_Excel",
									"type": "DatasetReference",
									"parameters": {
										"PContainerName": {
											"value": "landing",
											"type": "Expression"
										},
										"PFolderPath": {
											"value": "@string(activity('TriggerLogicAPp').output.filePath)",
											"type": "Expression"
										},
										"PFileName": {
											"value": "@string(activity('TriggerLogicAPp').output.fileName)",
											"type": "Expression"
										},
										"PKeyVaultURL": {
											"value": "@pipeline().globalParameters.GPKeyVaultURL",
											"type": "Expression"
										},
										"PStorageAccountURL": {
											"value": "@pipeline().globalParameters.GPCDPADLSUrl",
											"type": "Expression"
										},
										"PSecretName": "adlscdpaccountkey"
									}
								}
							],
							"outputs": [
								{
									"referenceName": "DS_MSSQL_OnPrem_Generic",
									"type": "DatasetReference",
									"parameters": {
										"SchemaName": "employee",
										"TableName": "StaffNHIMapping",
										"DatabaseName": "ADHBSECURE",
										"ServerName": "VHAL0CSS021AG01.healthcare.huarahi.health.govt.nz,2773"
									}
								}
							]
						}
					],
					"ifTrueActivities": [
						{
							"name": "Set variable1",
							"type": "SetVariable",
							"dependsOn": [],
							"userProperties": [],
							"typeProperties": {
								"variableName": "ArrayValue",
								"value": {
									"value": "@activity('TriggerLogicApp').output.FileName",
									"type": "Expression"
								}
							}
						}
					]
				}
			}
		],
		"variables": {
			"ArrayValue": {
				"type": "String"
			}
		},
		"folder": {
			"name": "Load DL/Staff Vaccination"
		},
		"annotations": [],
		"lastPublishTime": "2022-10-06T00:27:37Z"
	},
	"type": "Microsoft.DataFactory/factories/pipelines"
}