{
	"name": "PL_MahieTaea_ADLS_To_AZSQL",
	"properties": {
		"activities": [
			{
				"name": "Get Files to Process",
				"description": "Get Files to Process from LogFileOperation table",
				"type": "Lookup",
				"dependsOn": [
					{
						"activity": "Truncate the tables",
						"dependencyConditions": [
							"Succeeded"
						]
					}
				],
				"policy": {
					"timeout": "0.00:10:00",
					"retry": 0,
					"retryIntervalInSeconds": 30,
					"secureOutput": false,
					"secureInput": false
				},
				"userProperties": [],
				"typeProperties": {
					"source": {
						"type": "AzureSqlSource",
						"sqlReaderStoredProcedureName": "[etl].[GetFilesToProcess]",
						"storedProcedureParameters": {
							"SchemaName": {
								"type": "String",
								"value": {
									"value": "stage",
									"type": "Expression"
								}
							},
							"SourceSystem": {
								"type": "String",
								"value": {
									"value": "@pipeline().parameters.PSourceSystem",
									"type": "Expression"
								}
							}
						},
						"queryTimeout": "00:10:00",
						"partitionOption": "None"
					},
					"dataset": {
						"referenceName": "DS_AZSQL_TGT_Generic_Query",
						"type": "DatasetReference",
						"parameters": {
							"DatabaseName": {
								"value": "@pipeline().parameters.ConfigDatabaseName",
								"type": "Expression"
							},
							"KVConStrSecretName": {
								"value": "@pipeline().parameters.PKVMIServerSecretName",
								"type": "Expression"
							}
						}
					},
					"firstRowOnly": false
				}
			},
			{
				"name": "Process Each File",
				"type": "ForEach",
				"dependsOn": [
					{
						"activity": "Get Files to Process",
						"dependencyConditions": [
							"Succeeded"
						]
					}
				],
				"userProperties": [],
				"typeProperties": {
					"items": {
						"value": "@activity('Get Files to Process').output.value",
						"type": "Expression"
					},
					"batchCount": 5,
					"activities": [
						{
							"name": "Does the file exists",
							"description": "Does the file exists",
							"type": "GetMetadata",
							"dependsOn": [],
							"policy": {
								"timeout": "0.00:10:00",
								"retry": 0,
								"retryIntervalInSeconds": 30,
								"secureOutput": false,
								"secureInput": false
							},
							"userProperties": [
								{
									"name": "FileName",
									"value": "@item().FileName"
								}
							],
							"typeProperties": {
								"dataset": {
									"referenceName": "DS_ADLS_CSV_Generic",
									"type": "DatasetReference",
									"parameters": {
										"PContainerName": {
											"value": "@item().FileContainer",
											"type": "Expression"
										},
										"PFolderPath": {
											"value": "@item().FilePath",
											"type": "Expression"
										},
										"PFileName": {
											"value": "@item().FileName",
											"type": "Expression"
										},
										"PStorageAccount": {
											"value": "@pipeline().globalParameters.GPCDPADLSUrl",
											"type": "Expression"
										},
										"PSecretName": {
											"value": "@pipeline().parameters.PKVADLSSecretName",
											"type": "Expression"
										}
									}
								},
								"fieldList": [
									"exists"
								],
								"storeSettings": {
									"type": "AzureBlobFSReadSettings",
									"recursive": true,
									"enablePartitionDiscovery": false
								},
								"formatSettings": {
									"type": "DelimitedTextReadSettings"
								}
							}
						},
						{
							"name": "If the file exists",
							"type": "IfCondition",
							"dependsOn": [
								{
									"activity": "Does the file exists",
									"dependencyConditions": [
										"Succeeded"
									]
								}
							],
							"userProperties": [],
							"typeProperties": {
								"expression": {
									"value": "@activity('Does the file exists').output.exists",
									"type": "Expression"
								},
								"ifFalseActivities": [
									{
										"name": "File not Found",
										"type": "SqlServerStoredProcedure",
										"dependsOn": [],
										"policy": {
											"timeout": "0.00:10:00",
											"retry": 0,
											"retryIntervalInSeconds": 30,
											"secureOutput": false,
											"secureInput": false
										},
										"userProperties": [],
										"typeProperties": {
											"storedProcedureName": "[etl].[UpdateLogFileOperation]",
											"storedProcedureParameters": {
												"CopyDuration": {
													"value": null,
													"type": "Decimal"
												},
												"DataBytesWrite": {
													"value": null,
													"type": "Int64"
												},
												"IsLoadedInDW": {
													"value": null,
													"type": "Boolean"
												},
												"LogFileID": {
													"value": {
														"value": "@item().LogFileID",
														"type": "Expression"
													},
													"type": "Int32"
												},
												"ProcessErrorMessage": {
													"value": {
														"value": "File not found",
														"type": "Expression"
													},
													"type": "String"
												},
												"Status": {
													"value": {
														"value": "true",
														"type": "Expression"
													},
													"type": "Boolean"
												},
												"TableName": {
													"value": null,
													"type": "String"
												},
												"TableSchema": {
													"value": null,
													"type": "String"
												},
												"UpdateDWStatus": {
													"value": null,
													"type": "Boolean"
												},
												"UpdateLandingStatus": {
													"value": null,
													"type": "Boolean"
												}
											}
										},
										"linkedServiceName": {
											"referenceName": "LS_AZSQL_CDP",
											"type": "LinkedServiceReference",
											"parameters": {
												"KVConStrSecretName": {
													"value": "@pipeline().parameters.PKVMIServerSecretName",
													"type": "Expression"
												},
												"DatabaseName": {
													"value": "@pipeline().parameters.ConfigDatabaseName",
													"type": "Expression"
												}
											}
										}
									}
								],
								"ifTrueActivities": [
									{
										"name": "ADLS to AZSQL",
										"type": "Copy",
										"dependsOn": [],
										"policy": {
											"timeout": "0.00:20:00",
											"retry": 0,
											"retryIntervalInSeconds": 30,
											"secureOutput": false,
											"secureInput": false
										},
										"userProperties": [
											{
												"name": "FileName",
												"value": "@item().FileName"
											}
										],
										"typeProperties": {
											"source": {
												"type": "DelimitedTextSource",
												"additionalColumns": [
													{
														"name": "FileId",
														"value": {
															"value": "@string(item().LogFileID)",
															"type": "Expression"
														}
													},
													{
														"name": "BatchId",
														"value": {
															"value": "@string(item().BatchId)",
															"type": "Expression"
														}
													}
												],
												"storeSettings": {
													"type": "AzureBlobFSReadSettings",
													"recursive": true,
													"enablePartitionDiscovery": false
												},
												"formatSettings": {
													"type": "DelimitedTextReadSettings",
													"skipLineCount": 6
												}
											},
											"sink": {
												"type": "AzureSqlSink",
												"writeBehavior": "insert",
												"sqlWriterUseTableLock": false,
												"disableMetricsCollection": false
											},
											"enableStaging": false,
											"dataIntegrationUnits": 4,
											"translator": {
												"type": "TabularTranslator",
												"typeConversion": true,
												"typeConversionSettings": {
													"allowDataTruncation": true,
													"treatBooleanAsNumber": false
												}
											}
										},
										"inputs": [
											{
												"referenceName": "DS_ADLS_CSV_Generic",
												"type": "DatasetReference",
												"parameters": {
													"PContainerName": {
														"value": "@item().FileContainer",
														"type": "Expression"
													},
													"PFolderPath": {
														"value": "@item().FilePath",
														"type": "Expression"
													},
													"PFileName": {
														"value": "@item().FileName",
														"type": "Expression"
													},
													"PStorageAccount": {
														"value": "@pipeline().globalParameters.GPCDPADLSUrl",
														"type": "Expression"
													},
													"PSecretName": {
														"value": "@pipeline().parameters.PKVADLSSecretName",
														"type": "Expression"
													}
												}
											}
										],
										"outputs": [
											{
												"referenceName": "DS_AZSQL_TGT_Generic",
												"type": "DatasetReference",
												"parameters": {
													"SchemaName": {
														"value": "@item().TargetTableSchemaName",
														"type": "Expression"
													},
													"TableName": {
														"value": "@item().TargetTableName",
														"type": "Expression"
													},
													"KVConStrSecretName": {
														"value": "@pipeline().parameters.PKVMIServerSecretName",
														"type": "Expression"
													},
													"DatabaseName": {
														"value": "@pipeline().parameters.TargetDatabaseName",
														"type": "Expression"
													}
												}
											}
										]
									},
									{
										"name": "Set LogFile to Processed",
										"description": "Set LogFile to Processed",
										"type": "SqlServerStoredProcedure",
										"dependsOn": [
											{
												"activity": "ADLS to AZSQL",
												"dependencyConditions": [
													"Succeeded"
												]
											}
										],
										"policy": {
											"timeout": "0.00:10:00",
											"retry": 0,
											"retryIntervalInSeconds": 30,
											"secureOutput": false,
											"secureInput": false
										},
										"userProperties": [],
										"typeProperties": {
											"storedProcedureName": "[etl].[UpdateLogFileOperation]",
											"storedProcedureParameters": {
												"CopyDuration": {
													"value": {
														"value": "@activity('ADLS to AZSQL').output.copyDuration",
														"type": "Expression"
													},
													"type": "Decimal"
												},
												"DataBytesWrite": {
													"value": {
														"value": "@activity('ADLS to AZSQL').output.dataWritten",
														"type": "Expression"
													},
													"type": "Int64"
												},
												"IsLoadedInDW": {
													"value": null,
													"type": "Boolean"
												},
												"LogFileID": {
													"value": {
														"value": "@item().LogFileID",
														"type": "Expression"
													},
													"type": "Int32"
												},
												"ProcessErrorMessage": {
													"value": null,
													"type": "String"
												},
												"Status": {
													"value": {
														"value": "true",
														"type": "Expression"
													},
													"type": "Boolean"
												},
												"TableName": {
													"value": null,
													"type": "String"
												},
												"TableSchema": {
													"value": null,
													"type": "String"
												},
												"UpdateDWStatus": {
													"value": {
														"value": "false",
														"type": "Expression"
													},
													"type": "Boolean"
												},
												"UpdateLandingStatus": {
													"value": {
														"value": "true",
														"type": "Expression"
													},
													"type": "Boolean"
												}
											}
										},
										"linkedServiceName": {
											"referenceName": "LS_AZSQL_CDP",
											"type": "LinkedServiceReference",
											"parameters": {
												"KVConStrSecretName": {
													"value": "@pipeline().parameters.PKVMIServerSecretName",
													"type": "Expression"
												},
												"DatabaseName": {
													"value": "@pipeline().parameters.ConfigDatabaseName",
													"type": "Expression"
												}
											}
										}
									}
								]
							}
						}
					]
				}
			},
			{
				"name": "Truncate the tables",
				"type": "ForEach",
				"dependsOn": [
					{
						"activity": "Get stage tables to truncate",
						"dependencyConditions": [
							"Succeeded"
						]
					}
				],
				"userProperties": [],
				"typeProperties": {
					"items": {
						"value": "@activity('Get stage tables to truncate').output.value",
						"type": "Expression"
					},
					"batchCount": 5,
					"activities": [
						{
							"name": "Truncate Table",
							"description": "Truncate Table",
							"type": "SqlServerStoredProcedure",
							"dependsOn": [],
							"policy": {
								"timeout": "0.00:10:00",
								"retry": 0,
								"retryIntervalInSeconds": 30,
								"secureOutput": false,
								"secureInput": false
							},
							"userProperties": [],
							"typeProperties": {
								"storedProcedureName": "[etl].[TruncateTables]",
								"storedProcedureParameters": {
									"DatabaseName": {
										"value": {
											"value": "@pipeline().parameters.TargetDatabaseName",
											"type": "Expression"
										},
										"type": "String"
									},
									"SchemaName": {
										"value": {
											"value": "@item().TargetTableSchemaName",
											"type": "Expression"
										},
										"type": "String"
									},
									"TableName": {
										"value": {
											"value": "@item().TargetTableName",
											"type": "Expression"
										},
										"type": "String"
									}
								}
							},
							"linkedServiceName": {
								"referenceName": "LS_AZSQL_CDP",
								"type": "LinkedServiceReference",
								"parameters": {
									"KVConStrSecretName": {
										"value": "@pipeline().parameters.PKVMIServerSecretName",
										"type": "Expression"
									},
									"DatabaseName": {
										"value": "@pipeline().parameters.ConfigDatabaseName",
										"type": "Expression"
									}
								}
							}
						}
					]
				}
			},
			{
				"name": "Get stage tables to truncate",
				"description": "Get stage tables to truncate",
				"type": "Lookup",
				"dependsOn": [],
				"policy": {
					"timeout": "0.00:10:00",
					"retry": 0,
					"retryIntervalInSeconds": 30,
					"secureOutput": false,
					"secureInput": false
				},
				"userProperties": [],
				"typeProperties": {
					"source": {
						"type": "AzureSqlSource",
						"sqlReaderQuery": {
							"value": "\tselect DISTINCT lg.TargetTableSchemaName, c.TargetTableName, c.StoredProcName\n\t\tfrom etl.Control c\n\t\tjoin [etl].[LogFileOperation] lg\n\t\ton c.ETLControlID = lg.ETLControlID\n\t\tand c.SourceSystem = 'MahieTaea'\n\t\tand c.SourceSystemType = 'API'\n\t\tand c.TargetSystemType = 'ADLS'\n\t\tand c.IsActive = 1\n\t\tand lg.[HasProcessingErrors] is null\n\t\tand ISNULL(IsLoadedInLanding ,0) <> 1",
							"type": "Expression"
						},
						"queryTimeout": "00:10:00",
						"partitionOption": "None"
					},
					"dataset": {
						"referenceName": "DS_AZSQL_TGT_Generic_Query",
						"type": "DatasetReference",
						"parameters": {
							"DatabaseName": {
								"value": "@pipeline().parameters.ConfigDatabaseName",
								"type": "Expression"
							},
							"KVConStrSecretName": {
								"value": "@pipeline().parameters.PKVMIServerSecretName",
								"type": "Expression"
							}
						}
					},
					"firstRowOnly": false
				}
			},
			{
				"name": "Write Trigger File",
				"description": "Write Trigger File for the next pipeline PL_MahieTaea_Load_RDS.",
				"type": "ExecutePipeline",
				"dependsOn": [
					{
						"activity": "Run Stored Procedures after Main Proc",
						"dependencyConditions": [
							"Succeeded"
						]
					}
				],
				"userProperties": [],
				"typeProperties": {
					"pipeline": {
						"referenceName": "PL_Trigger_Generic",
						"type": "PipelineReference"
					},
					"waitOnCompletion": true,
					"parameters": {
						"PContainerName": {
							"value": "bronze",
							"type": "Expression"
						},
						"PSourceFolderPath": "Trigger/",
						"PSourceFileName": {
							"value": "Template.json",
							"type": "Expression"
						},
						"PTargetFolderPath": {
							"value": "@concat('MahieTaea/Trigger/Load_RDS/',\nformatDateTime(utcnow(),'yyyy'),'/',\nformatDateTime(utcnow(),'MM'),'/',\nformatDateTime(utcnow(),'dd'),'/'\n)",
							"type": "Expression"
						},
						"PTargetFileName": "MahieTaea_ADLS_to_AZSQL.json",
						"PStorageAccount": {
							"value": "@pipeline().globalParameters.GPCDPADLSUrl",
							"type": "Expression"
						},
						"PStorageAccountSecret": {
							"value": "@pipeline().parameters.PKVADLSSecretName",
							"type": "Expression"
						}
					}
				}
			},
			{
				"name": "Run Stored Procedures after Main Proc",
				"type": "ForEach",
				"dependsOn": [
					{
						"activity": "Process Each File",
						"dependencyConditions": [
							"Succeeded"
						]
					}
				],
				"userProperties": [],
				"typeProperties": {
					"items": {
						"value": "@activity('Get stage tables to truncate').output.value",
						"type": "Expression"
					},
					"batchCount": 5,
					"activities": [
						{
							"name": "Switch TableName",
							"description": "if CoverageMerged then split the data into OpenShiftCount and CoverageAll",
							"type": "Switch",
							"dependsOn": [],
							"userProperties": [],
							"typeProperties": {
								"on": {
									"value": "@item().TargetTableName",
									"type": "Expression"
								},
								"cases": [
									{
										"value": "coveragemerged",
										"activities": [
											{
												"name": "Split CoverageMerged",
												"type": "SqlServerStoredProcedure",
												"dependsOn": [],
												"policy": {
													"timeout": "0.00:10:00",
													"retry": 0,
													"retryIntervalInSeconds": 30,
													"secureOutput": false,
													"secureInput": false
												},
												"userProperties": [
													{
														"name": "StoreProc",
														"value": "@item().StoredProcName"
													}
												],
												"typeProperties": {
													"storedProcedureName": {
														"value": "@item().StoredProcName",
														"type": "Expression"
													}
												},
												"linkedServiceName": {
													"referenceName": "LS_AZSQL_CDP",
													"type": "LinkedServiceReference",
													"parameters": {
														"KVConStrSecretName": {
															"value": "@pipeline().parameters.PKVMIServerSecretName",
															"type": "Expression"
														},
														"DatabaseName": {
															"value": "@pipeline().parameters.TargetDatabaseName",
															"type": "Expression"
														}
													}
												}
											}
										]
									}
								]
							}
						}
					]
				}
			}
		],
		"parameters": {
			"ConfigDatabaseName": {
				"type": "string",
				"defaultValue": "ADM_CONFIG"
			},
			"TargetDatabaseName": {
				"type": "string",
				"defaultValue": "RDS_MAHI_E_TAEA"
			},
			"PKVMIServerSecretName": {
				"type": "string",
				"defaultValue": "az-sql-mi-admin-password"
			},
			"PSourceSystem": {
				"type": "string",
				"defaultValue": "MahieTaea"
			},
			"PKVADLSSecretName": {
				"type": "string",
				"defaultValue": "adlscdpaccountkey"
			}
		},
		"folder": {
			"name": "Load RDS/MahiETaea"
		},
		"annotations": [],
		"lastPublishTime": "2022-10-06T04:07:01Z"
	},
	"type": "Microsoft.DataFactory/factories/pipelines"
}