{
	"name": "PL_MahieTaea_Locations_MultiRead",
	"properties": {
		"description": "The pipeline does the locations batching as a prerequisite for the bulk processing of the other APIs in the MPL.",
		"activities": [
			{
				"name": "Get Metadata from the Control table",
				"description": "Get Metadata from the Control table for MahieTaea MultiRead APIs - theLocationMultiread is a prerequisite for all other APIs",
				"type": "Lookup",
				"dependsOn": [
					{
						"activity": "Token variable",
						"dependencyConditions": [
							"Succeeded"
						]
					}
				],
				"policy": {
					"timeout": "0.00:10:00",
					"retry": 0,
					"retryIntervalInSeconds": 30,
					"secureOutput": false,
					"secureInput": false
				},
				"userProperties": [],
				"typeProperties": {
					"source": {
						"type": "AzureSqlSource",
						"sqlReaderStoredProcedureName": "[etl].[MahieTaeaGetLocationsMultiReadAPI]",
						"queryTimeout": "00:10:00",
						"partitionOption": "None"
					},
					"dataset": {
						"referenceName": "DS_AZSQL_TGT_Generic_Query",
						"type": "DatasetReference",
						"parameters": {
							"DatabaseName": {
								"value": "@pipeline().parameters.PConfigDatabase",
								"type": "Expression"
							},
							"KVConStrSecretName": {
								"value": "@pipeline().parameters.PKVMISQLSecretName",
								"type": "Expression"
							}
						}
					},
					"firstRowOnly": false
				}
			},
			{
				"name": "GET login from keyvault",
				"description": "GET login from keyvault",
				"type": "WebActivity",
				"dependsOn": [],
				"policy": {
					"timeout": "00.00:05:00",
					"retry": 0,
					"retryIntervalInSeconds": 30,
					"secureOutput": true,
					"secureInput": true
				},
				"userProperties": [],
				"typeProperties": {
					"url": {
						"value": "@concat(pipeline().globalParameters.GPKeyVaultURL\n,'secrets/'\n,pipeline().parameters.PKVApiSecretName\n,'/?api-version=7.0')",
						"type": "Expression"
					},
					"method": "GET",
					"authentication": {
						"type": "MSI",
						"resource": "https://vault.azure.net"
					}
				}
			},
			{
				"name": "GET access token",
				"description": "GET access token. Will be used to populate etl.Control.Token",
				"type": "WebActivity",
				"dependsOn": [
					{
						"activity": "AppKey variable",
						"dependencyConditions": [
							"Succeeded"
						]
					}
				],
				"policy": {
					"timeout": "00.00:05:00",
					"retry": 0,
					"retryIntervalInSeconds": 30,
					"secureOutput": false,
					"secureInput": true
				},
				"userProperties": [],
				"typeProperties": {
					"url": {
						"value": "@concat(\nstring(pipeline().globalParameters.GPMahieTaeaBaseURL)\n,'authentication/access_token'\n)",
						"type": "Expression"
					},
					"method": "POST",
					"headers": {
						"Content-Type": "application/x-www-form-urlencoded",
						"appkey": {
							"value": "@variables('AppKey')",
							"type": "Expression"
						}
					},
					"body": {
						"value": "@string(json(string(activity('GET login from keyvault').output.value)).MahieTaeaLogin)",
						"type": "Expression"
					}
				}
			},
			{
				"name": "AppKey variable",
				"description": "Get AppKey from KeyVault ",
				"type": "SetVariable",
				"dependsOn": [
					{
						"activity": "GET login from keyvault",
						"dependencyConditions": [
							"Succeeded"
						]
					}
				],
				"policy": {
					"secureOutput": false,
					"secureInput": false
				},
				"userProperties": [],
				"typeProperties": {
					"variableName": "AppKey",
					"value": {
						"value": "@string(json(string(activity('GET login from keyvault').output.value)).appkey)",
						"type": "Expression"
					}
				}
			},
			{
				"name": "Token variable",
				"description": "Get AppKey from KeyVault ",
				"type": "SetVariable",
				"dependsOn": [
					{
						"activity": "GET access token",
						"dependencyConditions": [
							"Succeeded"
						]
					}
				],
				"policy": {
					"secureOutput": false,
					"secureInput": false
				},
				"userProperties": [],
				"typeProperties": {
					"variableName": "Token",
					"value": {
						"value": "@string(activity('GET access token').output.access_token)",
						"type": "Expression"
					}
				}
			},
			{
				"name": "ForEach1",
				"type": "ForEach",
				"dependsOn": [
					{
						"activity": "Get Metadata from the Control table",
						"dependencyConditions": [
							"Succeeded"
						]
					}
				],
				"userProperties": [],
				"typeProperties": {
					"items": {
						"value": "@activity('Get Metadata from the Control table').output.value",
						"type": "Expression"
					},
					"activities": [
						{
							"name": "Create logfile operation entry new",
							"description": "Create an entry for each MultiRead file downloaded.",
							"type": "Lookup",
							"dependsOn": [],
							"policy": {
								"timeout": "0.00:10:00",
								"retry": 0,
								"retryIntervalInSeconds": 30,
								"secureOutput": false,
								"secureInput": false
							},
							"userProperties": [],
							"typeProperties": {
								"source": {
									"type": "AzureSqlSource",
									"sqlReaderStoredProcedureName": "[etl].[CreateFileLog]",
									"storedProcedureParameters": {
										"ActivityID": {
											"type": "Guid",
											"value": {
												"value": "@pipeline().RunId",
												"type": "Expression"
											}
										},
										"BatchId": {
											"type": "Int32",
											"value": {
												"value": "@item().LocationBatchId",
												"type": "Expression"
											}
										},
										"CopyDuration": {
											"type": "Decimal",
											"value": null
										},
										"DataBytesWrite": {
											"type": "Int64",
											"value": null
										},
										"ETLControlID": {
											"type": "Int32",
											"value": {
												"value": "@item().ETLControlId",
												"type": "Expression"
											}
										},
										"FileContainer": {
											"type": "String",
											"value": {
												"value": "@item().TargetTableSchemaName",
												"type": "Expression"
											}
										},
										"FileName": {
											"type": "String",
											"value": {
												"value": "@item().ADLSFileName",
												"type": "Expression"
											}
										},
										"FilePath": {
											"type": "String",
											"value": {
												"value": "@concat(\npipeline().parameters.PSourceSystem,'/',\nstring(item().SourceTableName),'/',\nconvertFromUtc(utcnow(), 'New Zealand Standard Time','yyyy'),\n'/',\nconvertFromUtc(utcnow(), 'New Zealand Standard Time','MM'),\n'/',\nconvertFromUtc(utcnow(), 'New Zealand Standard Time','dd')\n)",
												"type": "Expression"
											}
										},
										"HasProcessingErrors": {
											"type": "Boolean",
											"value": null
										},
										"IsLoadedInDW": {
											"type": "Boolean",
											"value": null
										},
										"LogFileID": {
											"type": "Int32",
											"value": null
										},
										"LogID": {
											"type": "Int32",
											"value": "1"
										},
										"PipelineId": {
											"type": "String",
											"value": {
												"value": "@pipeline().RunId",
												"type": "Expression"
											}
										},
										"ProcessErrorMessage": {
											"type": "String",
											"value": null
										},
										"TargetTableName": {
											"type": "String",
											"value": {
												"value": "@item().TargetTableName",
												"type": "Expression"
											}
										},
										"TargetTableSchemaName": {
											"type": "String",
											"value": "etl"
										}
									},
									"queryTimeout": "00:10:00",
									"partitionOption": "None"
								},
								"dataset": {
									"referenceName": "DS_AZSQL_TGT_Generic_Query",
									"type": "DatasetReference",
									"parameters": {
										"DatabaseName": {
											"value": "@pipeline().parameters.PConfigDatabase",
											"type": "Expression"
										},
										"KVConStrSecretName": {
											"value": "@pipeline().parameters.PKVMISQLSecretName",
											"type": "Expression"
										}
									}
								}
							}
						},
						{
							"name": "Switch RequestMethod",
							"type": "Switch",
							"dependsOn": [
								{
									"activity": "Create logfile operation entry new",
									"dependencyConditions": [
										"Succeeded"
									]
								}
							],
							"userProperties": [],
							"typeProperties": {
								"on": {
									"value": "@item().RequestMethod",
									"type": "Expression"
								},
								"cases": [
									{
										"value": "GET",
										"activities": [
											{
												"name": "Get MultiRead json file",
												"description": "Get the downloaded MultiRead json file and load it in an AZ SQL table.",
												"type": "Copy",
												"dependsOn": [],
												"policy": {
													"timeout": "0.00:10:00",
													"retry": 0,
													"retryIntervalInSeconds": 30,
													"secureOutput": false,
													"secureInput": false
												},
												"userProperties": [],
												"typeProperties": {
													"source": {
														"type": "JsonSource",
														"storeSettings": {
															"type": "HttpReadSettings",
															"requestMethod": "GET",
															"additionalHeaders": {
																"value": "@{concat('appkey:',string(variables('AppKey')),\n'\nContent-Type: application/json',\n'\nAuthorization:',variables('Token')\n)}",
																"type": "Expression"
															},
															"requestBody": {
																"value": "@{item().SourceQuery}",
																"type": "Expression"
															},
															"requestTimeout": ""
														},
														"formatSettings": {
															"type": "JsonReadSettings"
														}
													},
													"sink": {
														"type": "JsonSink",
														"storeSettings": {
															"type": "AzureBlobFSWriteSettings"
														},
														"formatSettings": {
															"type": "JsonWriteSettings",
															"filePattern": "arrayOfObjects"
														}
													},
													"enableStaging": false,
													"dataIntegrationUnits": 4
												},
												"inputs": [
													{
														"referenceName": "DS_HTTP_JSON_MahieTaea",
														"type": "DatasetReference",
														"parameters": {
															"PRelativeURL": {
																"value": "@item().SourceEntityPath",
																"type": "Expression"
															}
														}
													}
												],
												"outputs": [
													{
														"referenceName": "DS_ADLS_JSON_Generic",
														"type": "DatasetReference",
														"parameters": {
															"PContainerName": {
																"value": "bronze",
																"type": "Expression"
															},
															"PFolderPath": {
																"value": "@concat(\npipeline().parameters.PSourceSystem,'/',\nstring(item().SourceTableName),'/',\nconvertFromUtc(utcnow(), 'New Zealand Standard Time','yyyy'),\n'/',\nconvertFromUtc(utcnow(), 'New Zealand Standard Time','MM'),\n'/',\nconvertFromUtc(utcnow(), 'New Zealand Standard Time','dd'),\n'/'\n)",
																"type": "Expression"
															},
															"PFileName": {
																"value": "@string(item().ADLSFileName)",
																"type": "Expression"
															},
															"PStorageAccount": {
																"value": "@pipeline().globalParameters.GPCDPADLSUrl",
																"type": "Expression"
															},
															"PStorageAccountSecretName": {
																"value": "@pipeline().parameters.PKVADLSSecretName",
																"type": "Expression"
															}
														}
													}
												]
											},
											{
												"name": "Update Log File Download Success",
												"description": "Update Status of the file in the LogFileOperation table with Success",
												"type": "SqlServerStoredProcedure",
												"dependsOn": [
													{
														"activity": "Get MultiRead json file",
														"dependencyConditions": [
															"Succeeded"
														]
													}
												],
												"policy": {
													"timeout": "0.00:10:00",
													"retry": 0,
													"retryIntervalInSeconds": 30,
													"secureOutput": false,
													"secureInput": false
												},
												"userProperties": [],
												"typeProperties": {
													"storedProcedureName": "[etl].[UpdateLogFileOperation]",
													"storedProcedureParameters": {
														"CopyDuration": {
															"value": {
																"value": "@activity('Get MultiRead json file').output.copyDuration",
																"type": "Expression"
															},
															"type": "Decimal"
														},
														"DataBytesWrite": {
															"value": {
																"value": "@activity('Get MultiRead json file').output.dataWritten",
																"type": "Expression"
															},
															"type": "Int64"
														},
														"IsLoadedInDW": {
															"value": {
																"value": "false",
																"type": "Expression"
															},
															"type": "Boolean"
														},
														"LogFileID": {
															"value": {
																"value": "@activity('Create logfile operation entry new').output.firstRow.LogFileId",
																"type": "Expression"
															},
															"type": "Int32"
														},
														"ProcessErrorMessage": {
															"value": null,
															"type": "String"
														},
														"Status": {
															"value": {
																"value": "true",
																"type": "Expression"
															},
															"type": "Boolean"
														},
														"TableName": {
															"value": null,
															"type": "String"
														},
														"TableSchema": {
															"value": null,
															"type": "String"
														},
														"UpdateDWStatus": {
															"value": {
																"value": "false",
																"type": "Expression"
															},
															"type": "Boolean"
														},
														"UpdateLandingStatus": {
															"value": {
																"value": "false",
																"type": "Expression"
															},
															"type": "Boolean"
														}
													}
												},
												"linkedServiceName": {
													"referenceName": "LS_AZSQL_CDP",
													"type": "LinkedServiceReference",
													"parameters": {
														"KVConStrSecretName": {
															"value": "@pipeline().parameters.PKVMISQLSecretName",
															"type": "Expression"
														},
														"DatabaseName": {
															"value": "@pipeline().parameters.PConfigDatabase",
															"type": "Expression"
														}
													}
												}
											},
											{
												"name": "Log File Download Failure",
												"description": "Update Status of the file in the LogFileOperation table with Success",
												"type": "SqlServerStoredProcedure",
												"dependsOn": [
													{
														"activity": "Get MultiRead json file",
														"dependencyConditions": [
															"Failed"
														]
													}
												],
												"policy": {
													"timeout": "0.00:10:00",
													"retry": 0,
													"retryIntervalInSeconds": 30,
													"secureOutput": false,
													"secureInput": false
												},
												"userProperties": [],
												"typeProperties": {
													"storedProcedureName": "[etl].[UpdateLogFileOperation]",
													"storedProcedureParameters": {
														"CopyDuration": {
															"value": null,
															"type": "Decimal"
														},
														"DataBytesWrite": {
															"value": null,
															"type": "Int64"
														},
														"IsLoadedInDW": {
															"value": {
																"value": "false",
																"type": "Expression"
															},
															"type": "Boolean"
														},
														"LogFileID": {
															"value": {
																"value": "@activity('Create logfile operation entry new').output.firstRow.LogFileId",
																"type": "Expression"
															},
															"type": "Int32"
														},
														"ProcessErrorMessage": {
															"value": {
																"value": "@string(array(activity('Get MultiRead json file').output.errors[0]))",
																"type": "Expression"
															},
															"type": "String"
														},
														"Status": {
															"value": {
																"value": "true",
																"type": "Expression"
															},
															"type": "Boolean"
														},
														"TableName": {
															"value": null,
															"type": "String"
														},
														"TableSchema": {
															"value": null,
															"type": "String"
														},
														"UpdateDWStatus": {
															"value": {
																"value": "false",
																"type": "Expression"
															},
															"type": "Boolean"
														},
														"UpdateLandingStatus": {
															"value": {
																"value": "false",
																"type": "Expression"
															},
															"type": "Boolean"
														}
													}
												},
												"linkedServiceName": {
													"referenceName": "LS_AZSQL_CDP",
													"type": "LinkedServiceReference",
													"parameters": {
														"KVConStrSecretName": {
															"value": "@pipeline().parameters.PKVMISQLSecretName",
															"type": "Expression"
														},
														"DatabaseName": {
															"value": "@pipeline().parameters.PConfigDatabase",
															"type": "Expression"
														}
													}
												}
											}
										]
									},
									{
										"value": "POST",
										"activities": [
											{
												"name": "POST json file",
												"description": "Get the downloaded MultiRead json file and load it in an AZ SQL table.",
												"type": "Copy",
												"dependsOn": [],
												"policy": {
													"timeout": "0.00:10:00",
													"retry": 0,
													"retryIntervalInSeconds": 30,
													"secureOutput": false,
													"secureInput": false
												},
												"userProperties": [],
												"typeProperties": {
													"source": {
														"type": "JsonSource",
														"storeSettings": {
															"type": "HttpReadSettings",
															"requestMethod": "POST",
															"additionalHeaders": {
																"value": "@{concat('appkey:',string(variables('AppKey')),\n'\nContent-Type: application/json',\n'\nAuthorization:',variables('Token')\n)}",
																"type": "Expression"
															},
															"requestBody": {
																"value": "@{item().SourceQuery}",
																"type": "Expression"
															},
															"requestTimeout": ""
														},
														"formatSettings": {
															"type": "JsonReadSettings"
														}
													},
													"sink": {
														"type": "JsonSink",
														"storeSettings": {
															"type": "AzureBlobFSWriteSettings"
														},
														"formatSettings": {
															"type": "JsonWriteSettings",
															"filePattern": "arrayOfObjects"
														}
													},
													"enableStaging": false,
													"dataIntegrationUnits": 4
												},
												"inputs": [
													{
														"referenceName": "DS_HTTP_JSON_MahieTaea",
														"type": "DatasetReference",
														"parameters": {
															"PRelativeURL": {
																"value": "@item().SourceEntityPath",
																"type": "Expression"
															}
														}
													}
												],
												"outputs": [
													{
														"referenceName": "DS_ADLS_JSON_Generic",
														"type": "DatasetReference",
														"parameters": {
															"PContainerName": {
																"value": "bronze",
																"type": "Expression"
															},
															"PFolderPath": {
																"value": "@concat(\npipeline().parameters.PSourceSystem,'/',\nstring(item().SourceTableName),'/',\nconvertFromUtc(utcnow(), 'New Zealand Standard Time','yyyy'),\n'/',\nconvertFromUtc(utcnow(), 'New Zealand Standard Time','MM'),\n'/',\nconvertFromUtc(utcnow(), 'New Zealand Standard Time','dd'),\n'/'\n)",
																"type": "Expression"
															},
															"PFileName": {
																"value": "@string(item().ADLSFileName)",
																"type": "Expression"
															},
															"PStorageAccount": {
																"value": "@pipeline().globalParameters.GPCDPADLSUrl",
																"type": "Expression"
															},
															"PStorageAccountSecretName": {
																"value": "@pipeline().parameters.PKVADLSSecretName",
																"type": "Expression"
															}
														}
													}
												]
											},
											{
												"name": "Update Log File Download Success_POST",
												"description": "Update Status of the file in the LogFileOperation table with Success",
												"type": "SqlServerStoredProcedure",
												"dependsOn": [
													{
														"activity": "POST json file",
														"dependencyConditions": [
															"Succeeded"
														]
													}
												],
												"policy": {
													"timeout": "0.00:10:00",
													"retry": 0,
													"retryIntervalInSeconds": 30,
													"secureOutput": false,
													"secureInput": false
												},
												"userProperties": [],
												"typeProperties": {
													"storedProcedureName": "[etl].[UpdateLogFileOperation]",
													"storedProcedureParameters": {
														"CopyDuration": {
															"value": {
																"value": "@activity('POST json file').output.copyDuration",
																"type": "Expression"
															},
															"type": "Decimal"
														},
														"DataBytesWrite": {
															"value": {
																"value": "@activity('POST json file').output.dataWritten",
																"type": "Expression"
															},
															"type": "Int64"
														},
														"IsLoadedInDW": {
															"value": {
																"value": "false",
																"type": "Expression"
															},
															"type": "Boolean"
														},
														"LogFileID": {
															"value": {
																"value": "@activity('Create logfile operation entry new').output.firstRow.LogFileId",
																"type": "Expression"
															},
															"type": "Int32"
														},
														"ProcessErrorMessage": {
															"value": null,
															"type": "String"
														},
														"Status": {
															"value": {
																"value": "true",
																"type": "Expression"
															},
															"type": "Boolean"
														},
														"TableName": {
															"value": null,
															"type": "String"
														},
														"TableSchema": {
															"value": null,
															"type": "String"
														},
														"UpdateDWStatus": {
															"value": {
																"value": "false",
																"type": "Expression"
															},
															"type": "Boolean"
														},
														"UpdateLandingStatus": {
															"value": {
																"value": "false",
																"type": "Expression"
															},
															"type": "Boolean"
														}
													}
												},
												"linkedServiceName": {
													"referenceName": "LS_AZSQL_CDP",
													"type": "LinkedServiceReference",
													"parameters": {
														"KVConStrSecretName": {
															"value": "@pipeline().parameters.PKVMISQLSecretName",
															"type": "Expression"
														},
														"DatabaseName": {
															"value": "@pipeline().parameters.PConfigDatabase",
															"type": "Expression"
														}
													}
												}
											},
											{
												"name": "Log File Download Failure_POST",
												"description": "Update Status of the file in the LogFileOperation table with Success",
												"type": "SqlServerStoredProcedure",
												"dependsOn": [
													{
														"activity": "POST json file",
														"dependencyConditions": [
															"Failed"
														]
													}
												],
												"policy": {
													"timeout": "0.00:10:00",
													"retry": 0,
													"retryIntervalInSeconds": 30,
													"secureOutput": false,
													"secureInput": false
												},
												"userProperties": [],
												"typeProperties": {
													"storedProcedureName": "[etl].[UpdateLogFileOperation]",
													"storedProcedureParameters": {
														"CopyDuration": {
															"value": null,
															"type": "Decimal"
														},
														"DataBytesWrite": {
															"value": null,
															"type": "Int64"
														},
														"IsLoadedInDW": {
															"value": {
																"value": "false",
																"type": "Expression"
															},
															"type": "Boolean"
														},
														"LogFileID": {
															"value": {
																"value": "@activity('Create logfile operation entry new').output.firstRow.LogFileId",
																"type": "Expression"
															},
															"type": "Int32"
														},
														"ProcessErrorMessage": {
															"value": {
																"value": "@string(array(activity('POST json file').output.errors[0]))",
																"type": "Expression"
															},
															"type": "String"
														},
														"Status": {
															"value": {
																"value": "true",
																"type": "Expression"
															},
															"type": "Boolean"
														},
														"TableName": {
															"value": null,
															"type": "String"
														},
														"TableSchema": {
															"value": null,
															"type": "String"
														},
														"UpdateDWStatus": {
															"value": {
																"value": "false",
																"type": "Expression"
															},
															"type": "Boolean"
														},
														"UpdateLandingStatus": {
															"value": {
																"value": "false",
																"type": "Expression"
															},
															"type": "Boolean"
														}
													}
												},
												"linkedServiceName": {
													"referenceName": "LS_AZSQL_CDP",
													"type": "LinkedServiceReference",
													"parameters": {
														"KVConStrSecretName": {
															"value": "@pipeline().parameters.PKVMISQLSecretName",
															"type": "Expression"
														},
														"DatabaseName": {
															"value": "@pipeline().parameters.PConfigDatabase",
															"type": "Expression"
														}
													}
												}
											}
										]
									}
								]
							}
						}
					]
				}
			},
			{
				"name": "Get Files to Process",
				"description": "Get Files to Process from the LogFileOperation.",
				"type": "Lookup",
				"dependsOn": [
					{
						"activity": "ForEach Table to Truncate",
						"dependencyConditions": [
							"Succeeded"
						]
					}
				],
				"policy": {
					"timeout": "0.00:10:00",
					"retry": 0,
					"retryIntervalInSeconds": 30,
					"secureOutput": false,
					"secureInput": false
				},
				"userProperties": [],
				"typeProperties": {
					"source": {
						"type": "AzureSqlSource",
						"sqlReaderStoredProcedureName": "[etl].[GetFilesToProcess]",
						"storedProcedureParameters": {
							"SchemaName": {
								"type": "String",
								"value": "etl"
							},
							"SourceSystem": {
								"type": "String",
								"value": {
									"value": "@pipeline().parameters.PSourceSystem",
									"type": "Expression"
								}
							}
						},
						"queryTimeout": "02:00:00",
						"partitionOption": "None"
					},
					"dataset": {
						"referenceName": "DS_AZSQL_Generic_Query",
						"type": "DatasetReference",
						"parameters": {
							"DatabaseName": {
								"value": "@pipeline().parameters.PConfigDatabase",
								"type": "Expression"
							},
							"KVConStrSecretName": {
								"value": "@pipeline().parameters.PKVMISQLSecretName",
								"type": "Expression"
							},
							"ServerName": {
								"value": "@pipeline().globalParameters.GPManagedAZSQLServerName",
								"type": "Expression"
							}
						}
					},
					"firstRowOnly": false
				}
			},
			{
				"name": "ForEach Table to Truncate",
				"type": "ForEach",
				"dependsOn": [
					{
						"activity": "Get tables to truncate",
						"dependencyConditions": [
							"Succeeded"
						]
					}
				],
				"userProperties": [],
				"typeProperties": {
					"items": {
						"value": "@activity('Get tables to truncate').output.value",
						"type": "Expression"
					},
					"activities": [
						{
							"name": "Truncate tables",
							"type": "SqlServerStoredProcedure",
							"dependsOn": [],
							"policy": {
								"timeout": "0.00:10:00",
								"retry": 0,
								"retryIntervalInSeconds": 30,
								"secureOutput": false,
								"secureInput": false
							},
							"userProperties": [],
							"typeProperties": {
								"storedProcedureName": "[etl].[TruncateTables]",
								"storedProcedureParameters": {
									"DatabaseName": {
										"value": {
											"value": "@pipeline().parameters.PTargetDatabase",
											"type": "Expression"
										},
										"type": "String"
									},
									"SchemaName": {
										"value": {
											"value": "@item().TargetTableSchemaName",
											"type": "Expression"
										},
										"type": "String"
									},
									"TableName": {
										"value": {
											"value": "@item().TargetTableName",
											"type": "Expression"
										},
										"type": "String"
									}
								}
							},
							"linkedServiceName": {
								"referenceName": "LS_AZSQL_CDP",
								"type": "LinkedServiceReference",
								"parameters": {
									"KVConStrSecretName": {
										"value": "@pipeline().parameters.PKVMISQLSecretName",
										"type": "Expression"
									},
									"DatabaseName": {
										"value": "@pipeline().parameters.PConfigDatabase",
										"type": "Expression"
									}
								}
							}
						}
					]
				}
			},
			{
				"name": "Get tables to truncate",
				"type": "Lookup",
				"dependsOn": [
					{
						"activity": "ForEach1",
						"dependencyConditions": [
							"Succeeded"
						]
					}
				],
				"policy": {
					"timeout": "0.00:10:00",
					"retry": 0,
					"retryIntervalInSeconds": 30,
					"secureOutput": false,
					"secureInput": false
				},
				"userProperties": [],
				"typeProperties": {
					"source": {
						"type": "AzureSqlSource",
						"sqlReaderStoredProcedureName": "[etl].[GetTablesToTruncate]",
						"storedProcedureParameters": {
							"SourceSystem": {
								"type": "String",
								"value": {
									"value": "@pipeline().parameters.PSourceSystem",
									"type": "Expression"
								}
							},
							"SourceSystemType": {
								"type": "String",
								"value": {
									"value": "API",
									"type": "Expression"
								}
							},
							"TargetSystemType": {
								"type": "String",
								"value": {
									"value": "ADLS",
									"type": "Expression"
								}
							},
							"TargetTableSchemaName": {
								"type": "String",
								"value": {
									"value": "etl",
									"type": "Expression"
								}
							}
						},
						"queryTimeout": "02:00:00",
						"partitionOption": "None"
					},
					"dataset": {
						"referenceName": "DS_AZSQL_Generic_Query",
						"type": "DatasetReference",
						"parameters": {
							"DatabaseName": {
								"value": "@pipeline().parameters.PConfigDatabase",
								"type": "Expression"
							},
							"KVConStrSecretName": {
								"value": "@pipeline().parameters.PKVMISQLSecretName",
								"type": "Expression"
							},
							"ServerName": {
								"value": "@pipeline().globalParameters.GPManagedAZSQLServerName",
								"type": "Expression"
							}
						}
					},
					"firstRowOnly": false
				}
			},
			{
				"name": "Process Each File",
				"type": "ForEach",
				"dependsOn": [
					{
						"activity": "Get Files to Process",
						"dependencyConditions": [
							"Succeeded"
						]
					}
				],
				"userProperties": [],
				"typeProperties": {
					"items": {
						"value": "@activity('Get Files to Process').output.value",
						"type": "Expression"
					},
					"batchCount": 5,
					"activities": [
						{
							"name": "Does the file exist",
							"type": "GetMetadata",
							"dependsOn": [],
							"policy": {
								"timeout": "0.00:10:00",
								"retry": 0,
								"retryIntervalInSeconds": 30,
								"secureOutput": false,
								"secureInput": false
							},
							"userProperties": [
								{
									"name": "FileName",
									"value": "@item().FileName"
								}
							],
							"typeProperties": {
								"dataset": {
									"referenceName": "DS_ADLS_CSV_Generic",
									"type": "DatasetReference",
									"parameters": {
										"PContainerName": {
											"value": "@item().FileContainer",
											"type": "Expression"
										},
										"PFolderPath": {
											"value": "@item().FilePath",
											"type": "Expression"
										},
										"PFileName": {
											"value": "@item().FileName",
											"type": "Expression"
										},
										"PStorageAccount": {
											"value": "@pipeline().globalParameters.GPCDPADLSUrl",
											"type": "Expression"
										},
										"PSecretName": {
											"value": "@pipeline().parameters.PKVADLSSecretName",
											"type": "Expression"
										}
									}
								},
								"fieldList": [
									"exists"
								],
								"storeSettings": {
									"type": "AzureBlobFSReadSettings",
									"recursive": true,
									"enablePartitionDiscovery": false
								},
								"formatSettings": {
									"type": "DelimitedTextReadSettings"
								}
							}
						},
						{
							"name": "If the file exists",
							"type": "IfCondition",
							"dependsOn": [
								{
									"activity": "Does the file exist",
									"dependencyConditions": [
										"Succeeded"
									]
								}
							],
							"userProperties": [],
							"typeProperties": {
								"expression": {
									"value": "@activity('Does the file exist').output.exists",
									"type": "Expression"
								},
								"ifFalseActivities": [
									{
										"name": "File not Found",
										"type": "SqlServerStoredProcedure",
										"dependsOn": [],
										"policy": {
											"timeout": "0.00:10:00",
											"retry": 0,
											"retryIntervalInSeconds": 30,
											"secureOutput": false,
											"secureInput": false
										},
										"userProperties": [],
										"typeProperties": {
											"storedProcedureName": "[etl].[UpdateLogFileOperation]",
											"storedProcedureParameters": {
												"CopyDuration": {
													"value": null,
													"type": "Decimal"
												},
												"DataBytesWrite": {
													"value": null,
													"type": "Int64"
												},
												"IsLoadedInDW": {
													"value": null,
													"type": "Boolean"
												},
												"LogFileID": {
													"value": {
														"value": "@item().LogFileId",
														"type": "Expression"
													},
													"type": "Int32"
												},
												"ProcessErrorMessage": {
													"value": {
														"value": "File not found",
														"type": "Expression"
													},
													"type": "String"
												},
												"Status": {
													"value": {
														"value": "true",
														"type": "Expression"
													},
													"type": "Boolean"
												},
												"TableName": {
													"value": null,
													"type": "String"
												},
												"TableSchema": {
													"value": null,
													"type": "String"
												},
												"UpdateDWStatus": {
													"value": null,
													"type": "Boolean"
												},
												"UpdateLandingStatus": {
													"value": null,
													"type": "Boolean"
												}
											}
										},
										"linkedServiceName": {
											"referenceName": "LS_AZSQL_CDP",
											"type": "LinkedServiceReference",
											"parameters": {
												"KVConStrSecretName": {
													"value": "@pipeline().parameters.PKVMISQLSecretName",
													"type": "Expression"
												},
												"DatabaseName": {
													"value": "@pipeline().parameters.PConfigDatabase",
													"type": "Expression"
												}
											}
										}
									}
								],
								"ifTrueActivities": [
									{
										"name": "Read json file",
										"type": "Copy",
										"dependsOn": [],
										"policy": {
											"timeout": "0.00:10:00",
											"retry": 0,
											"retryIntervalInSeconds": 30,
											"secureOutput": false,
											"secureInput": false
										},
										"userProperties": [
											{
												"name": "FileName",
												"value": "@item().FileName"
											}
										],
										"typeProperties": {
											"source": {
												"type": "JsonSource",
												"additionalColumns": [
													{
														"name": "FileId",
														"value": {
															"value": "@item().LogFileId",
															"type": "Expression"
														}
													},
													{
														"name": "RDSCreatedDateTime",
														"value": {
															"value": "@utcnow()",
															"type": "Expression"
														}
													}
												],
												"storeSettings": {
													"type": "AzureBlobFSReadSettings",
													"recursive": true,
													"enablePartitionDiscovery": false
												},
												"formatSettings": {
													"type": "JsonReadSettings"
												}
											},
											"sink": {
												"type": "AzureSqlSink",
												"writeBehavior": "insert",
												"sqlWriterUseTableLock": false
											},
											"enableStaging": false,
											"dataIntegrationUnits": 2
										},
										"inputs": [
											{
												"referenceName": "DS_ADLS_JSON_Generic",
												"type": "DatasetReference",
												"parameters": {
													"PContainerName": {
														"value": "@item().FileContainer",
														"type": "Expression"
													},
													"PFolderPath": {
														"value": "@item().FilePath",
														"type": "Expression"
													},
													"PFileName": {
														"value": "@item().FileName",
														"type": "Expression"
													},
													"PStorageAccount": {
														"value": "@pipeline().globalParameters.GPCDPADLSUrl",
														"type": "Expression"
													},
													"PStorageAccountSecretName": {
														"value": "@pipeline().parameters.PKVADLSSecretName",
														"type": "Expression"
													}
												}
											}
										],
										"outputs": [
											{
												"referenceName": "DS_AZSQL_TGT_Generic",
												"type": "DatasetReference",
												"parameters": {
													"SchemaName": {
														"value": "@item().TargetTableSchemaName",
														"type": "Expression"
													},
													"TableName": {
														"value": "@item().TargetTableName",
														"type": "Expression"
													},
													"KVConStrSecretName": {
														"value": "@pipeline().parameters.PKVMISQLSecretName",
														"type": "Expression"
													},
													"DatabaseName": {
														"value": "@pipeline().parameters.PTargetDatabase",
														"type": "Expression"
													}
												}
											}
										]
									},
									{
										"name": "Set Files to Processed",
										"type": "SqlServerStoredProcedure",
										"dependsOn": [
											{
												"activity": "Read json file",
												"dependencyConditions": [
													"Succeeded"
												]
											}
										],
										"policy": {
											"timeout": "0.00:10:00",
											"retry": 0,
											"retryIntervalInSeconds": 30,
											"secureOutput": false,
											"secureInput": false
										},
										"userProperties": [],
										"typeProperties": {
											"storedProcedureName": "[etl].[UpdateLogFileOperation]",
											"storedProcedureParameters": {
												"CopyDuration": {
													"value": {
														"value": "@activity('Read json file').output.copyDuration",
														"type": "Expression"
													},
													"type": "Decimal"
												},
												"DataBytesWrite": {
													"value": {
														"value": "@activity('Read json file').output.dataWritten",
														"type": "Expression"
													},
													"type": "Int64"
												},
												"IsLoadedInDW": {
													"value": null,
													"type": "Boolean"
												},
												"LogFileID": {
													"value": {
														"value": "@item().LogFileId",
														"type": "Expression"
													},
													"type": "Int32"
												},
												"ProcessErrorMessage": {
													"value": null,
													"type": "String"
												},
												"Status": {
													"value": {
														"value": "true",
														"type": "Expression"
													},
													"type": "Boolean"
												},
												"TableName": {
													"value": null,
													"type": "String"
												},
												"TableSchema": {
													"value": null,
													"type": "String"
												},
												"UpdateDWStatus": {
													"value": {
														"value": "false",
														"type": "Expression"
													},
													"type": "Boolean"
												},
												"UpdateLandingStatus": {
													"value": {
														"value": "true",
														"type": "Expression"
													},
													"type": "Boolean"
												}
											}
										},
										"linkedServiceName": {
											"referenceName": "LS_AZSQL_CDP",
											"type": "LinkedServiceReference",
											"parameters": {
												"KVConStrSecretName": {
													"value": "@pipeline().parameters.PKVMISQLSecretName",
													"type": "Expression"
												},
												"DatabaseName": {
													"value": "@pipeline().parameters.PConfigDatabase",
													"type": "Expression"
												}
											}
										}
									}
								]
							}
						}
					]
				}
			},
			{
				"name": "Post-script for Each File",
				"type": "ForEach",
				"dependsOn": [
					{
						"activity": "Process Each File",
						"dependencyConditions": [
							"Succeeded"
						]
					}
				],
				"userProperties": [],
				"typeProperties": {
					"items": {
						"value": "@activity('Get Metadata from the Control table').output.value",
						"type": "Expression"
					},
					"activities": [
						{
							"name": "If stored proc is null",
							"type": "IfCondition",
							"dependsOn": [],
							"userProperties": [
								{
									"name": "UserProp",
									"value": "@item().StoredProcName"
								}
							],
							"typeProperties": {
								"expression": {
									"value": "@or(equals(item().StoredProcName,null), equals(length(item().StoredProcName),0))",
									"type": "Expression"
								},
								"ifFalseActivities": [
									{
										"name": "Run the post-script stored proc",
										"type": "SqlServerStoredProcedure",
										"dependsOn": [],
										"policy": {
											"timeout": "0.00:10:00",
											"retry": 0,
											"retryIntervalInSeconds": 30,
											"secureOutput": false,
											"secureInput": false
										},
										"userProperties": [
											{
												"name": "StoredProcName",
												"value": "@item().StoredProcName"
											}
										],
										"typeProperties": {
											"storedProcedureName": {
												"value": "@item().StoredProcName",
												"type": "Expression"
											}
										},
										"linkedServiceName": {
											"referenceName": "LS_AZSQL_CDP",
											"type": "LinkedServiceReference",
											"parameters": {
												"KVConStrSecretName": {
													"value": "@pipeline().parameters.PKVMISQLSecretName",
													"type": "Expression"
												},
												"DatabaseName": {
													"value": "@pipeline().parameters.PTargetDatabase",
													"type": "Expression"
												}
											}
										}
									}
								]
							}
						},
						{
							"name": "Update Watermark Value",
							"type": "SqlServerStoredProcedure",
							"dependsOn": [
								{
									"activity": "If stored proc is null",
									"dependencyConditions": [
										"Succeeded"
									]
								}
							],
							"policy": {
								"timeout": "0.00:10:00",
								"retry": 0,
								"retryIntervalInSeconds": 30,
								"secureOutput": false,
								"secureInput": false
							},
							"userProperties": [],
							"typeProperties": {
								"storedProcedureName": "[etl].[UpdateWaterMarkValue]",
								"storedProcedureParameters": {
									"ETLControlId": {
										"value": {
											"value": "@item().ETLControlId",
											"type": "Expression"
										},
										"type": "String"
									},
									"SourceSystem": {
										"value": {
											"value": "@pipeline().parameters.PSourceSystem",
											"type": "Expression"
										},
										"type": "String"
									},
									"WaterMarkQuery": {
										"value": {
											"value": "@item().WaterMarkQuery",
											"type": "Expression"
										},
										"type": "String"
									}
								}
							},
							"linkedServiceName": {
								"referenceName": "LS_AZSQL_CDP",
								"type": "LinkedServiceReference",
								"parameters": {
									"KVConStrSecretName": {
										"value": "@pipeline().parameters.PKVMISQLSecretName",
										"type": "Expression"
									},
									"DatabaseName": {
										"value": "@pipeline().parameters.PConfigDatabase",
										"type": "Expression"
									}
								}
							}
						}
					]
				}
			}
		],
		"parameters": {
			"PSourceSystem": {
				"type": "string",
				"defaultValue": "MahieTaea"
			},
			"PTargetDatabase": {
				"type": "string",
				"defaultValue": "RDS_MAHI_E_TAEA"
			},
			"PKVApiSecretName": {
				"type": "string",
				"defaultValue": "MahieTaeaLogin2"
			},
			"PConfigDatabase": {
				"type": "string",
				"defaultValue": "ADM_CONFIG"
			},
			"PKVMISQLSecretName": {
				"type": "string",
				"defaultValue": "az-sql-mi-admin-password"
			},
			"PKVADLSSecretName": {
				"type": "string",
				"defaultValue": "adlscdpaccountkey"
			}
		},
		"variables": {
			"AppKey": {
				"type": "String"
			},
			"Token": {
				"type": "String"
			}
		},
		"folder": {
			"name": "Load DL/MahieTaea"
		},
		"annotations": [],
		"lastPublishTime": "2022-10-06T04:07:01Z"
	},
	"type": "Microsoft.DataFactory/factories/pipelines"
}