{
	"name": "PL_MahieTaea_Load_RDS",
	"properties": {
		"description": "Load final dbo RDS tables",
		"activities": [
			{
				"name": "Get metadata from Control table",
				"description": "Get metadata from Control table",
				"type": "Lookup",
				"dependsOn": [],
				"policy": {
					"timeout": "0.00:10:00",
					"retry": 0,
					"retryIntervalInSeconds": 30,
					"secureOutput": false,
					"secureInput": false
				},
				"userProperties": [],
				"typeProperties": {
					"source": {
						"type": "AzureSqlSource",
						"sqlReaderQuery": {
							"value": "SELECT *\n, CASE WHEN TargetTableName in ('RDSEmployeeDetails', 'RDSLeaveType','RDSLocation')\n  THEN 'Daily' ELSE 'Hourly'\n  END RefreshFrequency\nFROM etl.Control\nWHERE SourceSystem = 'MahieTaea'\nAND SourceSystemType = 'AZRDS'\nAND TargetSystemType = 'AZRDS'\nAND IsActive = 1\nAND (WaterMarkValue IS NULL OR \nWaterMarkValue <> (select convert(varchar(23), convert(datetime, convert(varchar(10), getdate(), 112)) ,121)))",
							"type": "Expression"
						},
						"queryTimeout": "00:10:00",
						"partitionOption": "None"
					},
					"dataset": {
						"referenceName": "DS_AZSQL_TGT_Generic_Query",
						"type": "DatasetReference",
						"parameters": {
							"DatabaseName": {
								"value": "@pipeline().parameters.PConfigDatabaseName",
								"type": "Expression"
							},
							"KVConStrSecretName": {
								"value": "@pipeline().parameters.PKVMIDBSecretName",
								"type": "Expression"
							}
						}
					},
					"firstRowOnly": false
				}
			},
			{
				"name": "ForEach Record",
				"description": "For each record from the etl.Control table",
				"type": "ForEach",
				"dependsOn": [
					{
						"activity": "Get metadata from Control table",
						"dependencyConditions": [
							"Succeeded"
						]
					}
				],
				"userProperties": [],
				"typeProperties": {
					"items": {
						"value": "@activity('Get metadata from Control table').output.value",
						"type": "Expression"
					},
					"batchCount": 5,
					"activities": [
						{
							"name": "from stage to dbo",
							"description": "Move the data from the stage layer to the final RDS tables in schema dbo.",
							"type": "SqlServerStoredProcedure",
							"dependsOn": [],
							"policy": {
								"timeout": "0.00:50:00",
								"retry": 0,
								"retryIntervalInSeconds": 30,
								"secureOutput": false,
								"secureInput": false
							},
							"userProperties": [
								{
									"name": "StoreProc",
									"value": "@item().SourceQuery"
								}
							],
							"typeProperties": {
								"storedProcedureName": {
									"value": "@item().SourceQuery",
									"type": "Expression"
								}
							},
							"linkedServiceName": {
								"referenceName": "LS_AZSQL_CDP",
								"type": "LinkedServiceReference",
								"parameters": {
									"KVConStrSecretName": {
										"value": "@pipeline().parameters.PKVMIDBSecretName",
										"type": "Expression"
									},
									"DatabaseName": {
										"value": "@pipeline().parameters.PTargetDatabaseName",
										"type": "Expression"
									}
								}
							}
						},
						{
							"name": "If Tables refreshed from Daily Files",
							"description": "If Tables refreshed from Daily Files: EmployeeDetail, Location, LeaveType",
							"type": "IfCondition",
							"dependsOn": [
								{
									"activity": "from stage to dbo",
									"dependencyConditions": [
										"Succeeded"
									]
								}
							],
							"userProperties": [],
							"typeProperties": {
								"expression": {
									"value": "@equals(item().RefreshFrequency,'Daily')",
									"type": "Expression"
								},
								"ifTrueActivities": [
									{
										"name": "Update WaterMarkValue",
										"description": "Update WaterMarkValue: When the WaterMarkValue = today, don't run the store procs for these tables any more.",
										"type": "SqlServerStoredProcedure",
										"dependsOn": [],
										"policy": {
											"timeout": "0.12:00:00",
											"retry": 0,
											"retryIntervalInSeconds": 30,
											"secureOutput": false,
											"secureInput": false
										},
										"userProperties": [],
										"typeProperties": {
											"storedProcedureName": "[etl].[UpdateWaterMarkValue]",
											"storedProcedureParameters": {
												"ETLControlId": {
													"value": {
														"value": "@item().ETLControlID",
														"type": "Expression"
													},
													"type": "String"
												},
												"SourceSystem": {
													"value": "MahieTaea",
													"type": "String"
												},
												"WaterMarkQuery": {
													"value": {
														"value": "@item().WaterMarkQuery",
														"type": "Expression"
													},
													"type": "String"
												}
											}
										},
										"linkedServiceName": {
											"referenceName": "LS_AZSQL_CDP",
											"type": "LinkedServiceReference",
											"parameters": {
												"KVConStrSecretName": {
													"value": "@pipeline().parameters.PKVMIDBSecretName",
													"type": "Expression"
												},
												"DatabaseName": {
													"value": "@pipeline().parameters.PConfigDatabaseName",
													"type": "Expression"
												}
											}
										}
									}
								]
							}
						}
					]
				}
			},
			{
				"name": "Write Trigger File",
				"type": "ExecutePipeline",
				"dependsOn": [
					{
						"activity": "ForEach Record",
						"dependencyConditions": [
							"Succeeded"
						]
					}
				],
				"userProperties": [],
				"typeProperties": {
					"pipeline": {
						"referenceName": "PL_Trigger_Generic",
						"type": "PipelineReference"
					},
					"waitOnCompletion": true,
					"parameters": {
						"PContainerName": {
							"value": "bronze",
							"type": "Expression"
						},
						"PSourceFolderPath": {
							"value": "Trigger/",
							"type": "Expression"
						},
						"PSourceFileName": {
							"value": "Template.json",
							"type": "Expression"
						},
						"PTargetFolderPath": {
							"value": "@concat('MahieTaea/Trigger/Load_CRDS/',\nformatDateTime(utcnow(),'yyyy'),'/',\nformatDateTime(utcnow(),'MM'),'/',\nformatDateTime(utcnow(),'dd'),'/'\n)",
							"type": "Expression"
						},
						"PTargetFileName": {
							"value": "MahieTaea_RDS_to_CRDS.json",
							"type": "Expression"
						},
						"PStorageAccount": {
							"value": "@pipeline().globalParameters.GPCDPADLSUrl",
							"type": "Expression"
						},
						"PStorageAccountSecret": {
							"value": "@pipeline().parameters.PKVADLSSecretName",
							"type": "Expression"
						}
					}
				}
			}
		],
		"parameters": {
			"PConfigDatabaseName": {
				"type": "string",
				"defaultValue": "ADM_CONFIG"
			},
			"PTargetDatabaseName": {
				"type": "string",
				"defaultValue": "RDS_MAHI_E_TAEA"
			},
			"PKVADLSSecretName": {
				"type": "string",
				"defaultValue": "adlscdpaccountkey"
			},
			"PKVMIDBSecretName": {
				"type": "string",
				"defaultValue": "az-sql-mi-admin-password"
			}
		},
		"folder": {
			"name": "Load RDS/MahiETaea"
		},
		"annotations": [],
		"lastPublishTime": "2022-10-06T04:07:01Z"
	},
	"type": "Microsoft.DataFactory/factories/pipelines"
}