{
	"name": "PL_MoH",
	"properties": {
		"activities": [
			{
				"name": "MoH_FilePaths",
				"description": "Connects to a Stored Proc on AZ SQL MI database to fetch source folder and filename (wildcard)",
				"type": "Lookup",
				"dependsOn": [
					{
						"activity": "set variable",
						"dependencyConditions": [
							"Succeeded"
						]
					}
				],
				"policy": {
					"timeout": "0.12:00:00",
					"retry": 0,
					"retryIntervalInSeconds": 30,
					"secureOutput": false,
					"secureInput": false
				},
				"userProperties": [],
				"typeProperties": {
					"source": {
						"type": "AzureSqlSource",
						"sqlReaderStoredProcedureName": "[etl].[GetHPDFilePath]",
						"storedProcedureParameters": {
							"SourceSystem": {
								"type": "String",
								"value": {
									"value": "@variables('v_pipelinePurpose')",
									"type": "Expression"
								}
							}
						},
						"queryTimeout": "02:00:00",
						"partitionOption": "None"
					},
					"dataset": {
						"referenceName": "DS_AZSQL_Generic_Query",
						"type": "DatasetReference",
						"parameters": {
							"DatabaseName": "ADM_CONFIG",
							"KVConStrSecretName": "az-sql-mi-admin-password",
							"ServerName": {
								"value": "@pipeline().globalParameters.GPManagedAZSQLServerName",
								"type": "Expression"
							}
						}
					},
					"firstRowOnly": false
				}
			},
			{
				"name": "MoH Copy",
				"type": "ForEach",
				"dependsOn": [
					{
						"activity": "MoH_FilePaths",
						"dependencyConditions": [
							"Succeeded"
						]
					}
				],
				"userProperties": [],
				"typeProperties": {
					"items": {
						"value": "@activity('MoH_FilePaths').output.value",
						"type": "Expression"
					},
					"batchCount": 50,
					"activities": [
						{
							"name": "Copy MoH data",
							"type": "Copy",
							"dependsOn": [
								{
									"activity": "sp_batch_creation",
									"dependencyConditions": [
										"Succeeded"
									]
								}
							],
							"policy": {
								"timeout": "0.12:00:00",
								"retry": 0,
								"retryIntervalInSeconds": 30,
								"secureOutput": false,
								"secureInput": false
							},
							"userProperties": [],
							"typeProperties": {
								"source": {
									"type": "DelimitedTextSource",
									"storeSettings": {
										"type": "SftpReadSettings",
										"recursive": true,
										"wildcardFolderPath": {
											"value": "@item().SourceEntityPath",
											"type": "Expression"
										},
										"wildcardFileName": {
											"value": "@item().SourceFileName",
											"type": "Expression"
										},
										"enablePartitionDiscovery": false,
										"disableChunking": false
									},
									"formatSettings": {
										"type": "DelimitedTextReadSettings"
									}
								},
								"sink": {
									"type": "DelimitedTextSink",
									"storeSettings": {
										"type": "AzureBlobStorageWriteSettings"
									},
									"formatSettings": {
										"type": "DelimitedTextWriteSettings",
										"quoteAllText": true,
										"fileExtension": ".txt"
									}
								},
								"enableStaging": false,
								"translator": {
									"type": "TabularTranslator",
									"typeConversion": true,
									"typeConversionSettings": {
										"allowDataTruncation": true,
										"treatBooleanAsNumber": false
									}
								}
							},
							"inputs": [
								{
									"referenceName": "DS_SFTP_MoH",
									"type": "DatasetReference",
									"parameters": {
										"PFolderPath": "downloads/auckland_region",
										"PFileName": "aphg.csv"
									}
								}
							],
							"outputs": [
								{
									"referenceName": "DS_HPD_ABS_CSV_Generic_NoFile",
									"type": "DatasetReference",
									"parameters": {
										"PContainerName": {
											"value": "@item().TargetEntityPath",
											"type": "Expression"
										},
										"PStorageAccount": {
											"value": "@pipeline().globalParameters.GPHPDBSURL",
											"type": "Expression"
										},
										"PSecretName": "abshpdaccountkey"
									}
								}
							]
						},
						{
							"name": "if success create log",
							"type": "SqlServerStoredProcedure",
							"dependsOn": [
								{
									"activity": "Copy MoH data",
									"dependencyConditions": [
										"Succeeded"
									]
								}
							],
							"policy": {
								"timeout": "0.12:00:00",
								"retry": 0,
								"retryIntervalInSeconds": 30,
								"secureOutput": false,
								"secureInput": false
							},
							"userProperties": [],
							"typeProperties": {
								"storedProcedureName": "[etl].[CreateFileLog]",
								"storedProcedureParameters": {
									"ActivityID": {
										"value": {
											"value": "@pipeline().RunId",
											"type": "Expression"
										},
										"type": "Guid"
									},
									"BatchId": {
										"value": {
											"value": "@activity('sp_batch_creation').output.firstRow.BatchID",
											"type": "Expression"
										},
										"type": "Int32"
									},
									"CopyDuration": {
										"value": {
											"value": "@activity('Copy MoH data').output.copyDuration",
											"type": "Expression"
										},
										"type": "Decimal"
									},
									"DatabricksNotebookOutput": {
										"value": null,
										"type": "String"
									},
									"DataBytesWrite": {
										"value": {
											"value": "@activity('Copy MoH data').output.dataWritten",
											"type": "Expression"
										},
										"type": "Int64"
									},
									"ETLControlID": {
										"value": {
											"value": "@item().ETLControlID",
											"type": "Expression"
										},
										"type": "Int32"
									},
									"FileContainer": {
										"value": null,
										"type": "String"
									},
									"FileName": {
										"value": {
											"value": "@item().SourceFileName",
											"type": "Expression"
										},
										"type": "String"
									},
									"FilePath": {
										"value": {
											"value": "@item().SourceEntityPath",
											"type": "Expression"
										},
										"type": "String"
									},
									"HasProcessingErrors": {
										"value": null,
										"type": "Boolean"
									},
									"IsLoadedInDW": {
										"value": null,
										"type": "Boolean"
									},
									"IsLoadedInLanding": {
										"value": "True",
										"type": "Boolean"
									},
									"LogFileID": {
										"value": null,
										"type": "Int32"
									},
									"LogID": {
										"value": "1",
										"type": "Int32"
									},
									"PipelineId": {
										"value": {
											"value": "@pipeline().RunId",
											"type": "Expression"
										},
										"type": "String"
									},
									"ProcessErrorMessage": {
										"value": null,
										"type": "String"
									},
									"TargetTableName": {
										"value": {
											"value": "@item().SourceFileName",
											"type": "Expression"
										},
										"type": "String"
									},
									"TargetTableSchemaName": {
										"value": {
											"value": "@item().TargetEntityPath",
											"type": "Expression"
										},
										"type": "String"
									},
									"FilesRead": {
										"value": {
											"value": "@activity('Copy MoH data').output.filesRead",
											"type": "Expression"
										},
										"type": "Int32"
									}
								}
							},
							"linkedServiceName": {
								"referenceName": "LS_AZSQL_CDP",
								"type": "LinkedServiceReference",
								"parameters": {
									"KVConStrSecretName": "az-sql-mi-admin-password",
									"DatabaseName": "ADM_CONFIG"
								}
							}
						},
						{
							"name": "on failure update logs",
							"type": "SqlServerStoredProcedure",
							"dependsOn": [
								{
									"activity": "Copy MoH data",
									"dependencyConditions": [
										"Failed"
									]
								}
							],
							"policy": {
								"timeout": "0.12:00:00",
								"retry": 0,
								"retryIntervalInSeconds": 30,
								"secureOutput": false,
								"secureInput": false
							},
							"userProperties": [],
							"typeProperties": {
								"storedProcedureName": "[etl].[CreateFileLog]",
								"storedProcedureParameters": {
									"ActivityID": {
										"value": {
											"value": "@pipeline().RunId",
											"type": "Expression"
										},
										"type": "Guid"
									},
									"BatchId": {
										"value": {
											"value": "@activity('sp_batch_creation').output.firstRow.BatchID",
											"type": "Expression"
										},
										"type": "Int32"
									},
									"CopyDuration": {
										"value": {
											"value": "@activity('Copy MoH data').output.copyDuration",
											"type": "Expression"
										},
										"type": "Decimal"
									},
									"DatabricksNotebookOutput": {
										"value": null,
										"type": "String"
									},
									"DataBytesWrite": {
										"value": null,
										"type": "Int64"
									},
									"ETLControlID": {
										"value": {
											"value": "@item().ETLControlID",
											"type": "Expression"
										},
										"type": "Int32"
									},
									"FileContainer": {
										"value": null,
										"type": "String"
									},
									"FileName": {
										"value": {
											"value": "@item().SourceFileName",
											"type": "Expression"
										},
										"type": "String"
									},
									"FilePath": {
										"value": {
											"value": "@item().SourceEntityPath",
											"type": "Expression"
										},
										"type": "String"
									},
									"HasProcessingErrors": {
										"value": "True",
										"type": "Boolean"
									},
									"IsLoadedInDW": {
										"value": null,
										"type": "Boolean"
									},
									"IsLoadedInLanding": {
										"value": "False",
										"type": "Boolean"
									},
									"LogFileID": {
										"value": null,
										"type": "Int32"
									},
									"LogID": {
										"value": "1",
										"type": "Int32"
									},
									"PipelineId": {
										"value": {
											"value": "@pipeline().RunId",
											"type": "Expression"
										},
										"type": "String"
									},
									"ProcessErrorMessage": {
										"value": {
											"value": "@activity('Copy MoH data').error.Message",
											"type": "Expression"
										},
										"type": "String"
									},
									"TargetTableName": {
										"value": {
											"value": "@item().TargetEntityPath",
											"type": "Expression"
										},
										"type": "String"
									},
									"TargetTableSchemaName": {
										"value": {
											"value": "@item().SourceFileName",
											"type": "Expression"
										},
										"type": "String"
									}
								}
							},
							"linkedServiceName": {
								"referenceName": "LS_AZSQL_CDP",
								"type": "LinkedServiceReference",
								"parameters": {
									"KVConStrSecretName": "az-sql-mi-admin-password",
									"DatabaseName": "ADM_CONFIG"
								}
							}
						},
						{
							"name": "sp_batch_creation",
							"type": "Lookup",
							"dependsOn": [],
							"policy": {
								"timeout": "0.12:00:00",
								"retry": 0,
								"retryIntervalInSeconds": 30,
								"secureOutput": false,
								"secureInput": false
							},
							"userProperties": [],
							"typeProperties": {
								"source": {
									"type": "AzureSqlSource",
									"sqlReaderStoredProcedureName": "[etl].[CreateBatch]",
									"storedProcedureParameters": {
										"BatchID": {
											"type": "Int32",
											"value": null
										},
										"ParentBatchID": {
											"type": "Int32",
											"value": null
										},
										"ProcessName": {
											"type": "String",
											"value": {
												"value": "@concat('MOH_Lab_Data - ',item().SourceTableSchemaName)",
												"type": "Expression"
											}
										}
									},
									"queryTimeout": "02:00:00",
									"partitionOption": "None"
								},
								"dataset": {
									"referenceName": "DS_AZSQL_Generic_Query",
									"type": "DatasetReference",
									"parameters": {
										"DatabaseName": "ADM_CONFIG",
										"KVConStrSecretName": "az-sql-mi-admin-password",
										"ServerName": {
											"value": "@pipeline().globalParameters.GPManagedAZSQLServerName",
											"type": "Expression"
										}
									}
								}
							}
						},
						{
							"name": "Set CurrentDate",
							"type": "SetVariable",
							"dependsOn": [
								{
									"activity": "sp_batch_creation",
									"dependencyConditions": [
										"Succeeded"
									]
								}
							],
							"policy": {
								"secureOutput": false,
								"secureInput": false
							},
							"userProperties": [],
							"typeProperties": {
								"variableName": "currDate",
								"value": {
									"value": "@convertFromUtc(utcnow(), 'New Zealand Standard Time')",
									"type": "Expression"
								}
							}
						},
						{
							"name": "updateWatermarkValue",
							"type": "SqlServerStoredProcedure",
							"dependsOn": [
								{
									"activity": "Copy MoH data",
									"dependencyConditions": [
										"Succeeded"
									]
								}
							],
							"policy": {
								"timeout": "0.12:00:00",
								"retry": 0,
								"retryIntervalInSeconds": 30,
								"secureOutput": false,
								"secureInput": false
							},
							"userProperties": [],
							"typeProperties": {
								"storedProcedureName": "[etl].[UpdateWaterMarkValue]",
								"storedProcedureParameters": {
									"ETLControlId": {
										"value": {
											"value": "@item().ETLControlID",
											"type": "Expression"
										},
										"type": "String"
									},
									"SourceSystem": {
										"value": {
											"value": "@item().SourceSystem",
											"type": "Expression"
										},
										"type": "String"
									},
									"WaterMarkQuery": {
										"value": {
											"value": "@{concat('''',variables('currDate'),'''')}",
											"type": "Expression"
										},
										"type": "String"
									}
								}
							},
							"linkedServiceName": {
								"referenceName": "LS_AZSQL_CDP",
								"type": "LinkedServiceReference",
								"parameters": {
									"KVConStrSecretName": "az-sql-mi-admin-password",
									"DatabaseName": "ADM_CONFIG"
								}
							}
						},
						{
							"name": "Update_batch",
							"type": "SqlServerStoredProcedure",
							"dependsOn": [
								{
									"activity": "if success create log",
									"dependencyConditions": [
										"Succeeded"
									]
								}
							],
							"policy": {
								"timeout": "0.12:00:00",
								"retry": 0,
								"retryIntervalInSeconds": 30,
								"secureOutput": false,
								"secureInput": false
							},
							"userProperties": [],
							"typeProperties": {
								"storedProcedureName": "[etl].[UpdateBatch]",
								"storedProcedureParameters": {
									"BatchId": {
										"value": {
											"value": "@int(string(activity('sp_batch_creation').output.firstRow.BatchID))",
											"type": "Expression"
										},
										"type": "Int32"
									}
								}
							},
							"linkedServiceName": {
								"referenceName": "LS_AZSQL_CDP",
								"type": "LinkedServiceReference",
								"parameters": {
									"KVConStrSecretName": "az-sql-mi-admin-password",
									"DatabaseName": "ADM_CONFIG"
								}
							}
						}
					]
				}
			},
			{
				"name": "read_TriggerJSON",
				"description": "Connects to a Stored Proc on AZ SQL MI database to fetch source folder and filename (wildcard)",
				"type": "Lookup",
				"dependsOn": [],
				"policy": {
					"timeout": "0.12:00:00",
					"retry": 0,
					"retryIntervalInSeconds": 30,
					"secureOutput": false,
					"secureInput": false
				},
				"userProperties": [],
				"typeProperties": {
					"source": {
						"type": "JsonSource",
						"storeSettings": {
							"type": "AzureBlobFSReadSettings",
							"recursive": true,
							"wildcardFolderPath": {
								"value": "@concat('Trigger/Load_DL/HPD/',\nconvertFromUTC(utcnow(),'New Zealand Standard Time','yyyy'),'/',\nconvertFromUTC(utcnow(),'New Zealand Standard Time','MM'),'/',\nconvertFromUTC(utcnow(),'New Zealand Standard Time','dd'),'/'\n)",
								"type": "Expression"
							},
							"wildcardFileName": {
								"value": "*moh*",
								"type": "Expression"
							},
							"enablePartitionDiscovery": false
						},
						"formatSettings": {
							"type": "JsonReadSettings"
						}
					},
					"dataset": {
						"referenceName": "DS_ADLS_JSON_HPD",
						"type": "DatasetReference",
						"parameters": {
							"PContainerName": {
								"value": "landing",
								"type": "Expression"
							},
							"PFolderPath": {
								"value": "@concat('Trigger/Load_DL/Audit/PowerBIActivities/',\nconvertFromUTC(utcnow(),'New Zealand Standard Time','yyyy'),'/',\nconvertFromUTC(utcnow(),'New Zealand Standard Time','MM'),'/',\nconvertFromUTC(utcnow(),'New Zealand Standard Time','dd'),'/'\n)",
								"type": "Expression"
							},
							"PFileName": "1405_pse_payroll",
							"PStorageAccount": {
								"value": "@pipeline().globalParameters.GPCDPADLSUrl",
								"type": "Expression"
							},
							"PStorageAccountSecretName": "adlscdpaccountkey"
						}
					},
					"firstRowOnly": false
				}
			},
			{
				"name": "set variable",
				"type": "SetVariable",
				"dependsOn": [
					{
						"activity": "read_TriggerJSON",
						"dependencyConditions": [
							"Succeeded"
						]
					}
				],
				"policy": {
					"secureOutput": false,
					"secureInput": false
				},
				"userProperties": [],
				"typeProperties": {
					"variableName": "v_pipelinePurpose",
					"value": {
						"value": "@activity('read_TriggerJSON').output.value[0].PipelinePurpose",
						"type": "Expression"
					}
				}
			}
		],
		"variables": {
			"currDate": {
				"type": "String"
			},
			"v_pipelinePurpose": {
				"type": "String"
			}
		},
		"folder": {
			"name": "Load DL/HPD"
		},
		"annotations": []
	}
}