{
	"name": "PL_Move_Medirota_Helios",
	"properties": {
		"activities": [
			{
				"name": "Copy View for Albert",
				"type": "Copy",
				"dependsOn": [],
				"policy": {
					"timeout": "0.00:10:00",
					"retry": 0,
					"retryIntervalInSeconds": 30,
					"secureOutput": false,
					"secureInput": false
				},
				"userProperties": [],
				"typeProperties": {
					"source": {
						"type": "AzureSqlSource",
						"sqlReaderQuery": {
							"value": "SELECT DISTINCT \n                  Lv.SessionDate, \n\t\t\t\t  Dt.DayName AS DayOfWeek, \n\t\t\t\t  St.FirstName, \n\t\t\t\t  St.LastName, \n\t\t\t\t  St.LastName + ', ' + St.FirstName AS Name, Ac.ActivityDescription, \n                  CASE\tWHEN ActivityDescription LIKE '%Annual%' THEN 1 \n\t\t\t\t\t\tWHEN ActivityDescription LIKE '%Bereavement%' THEN 2 \n\t\t\t\t\t\tWHEN ActivityDescription LIKE '%Business%' OR ActivityDescription LIKE '%Conference%' THEN 3 \n\t\t\t\t\t\tWHEN ActivityDescription LIKE '%Education%' OR ActivityDescription LIKE '%College%' OR ActivityDescription LIKE '%Training%' THEN 4 \n\t\t\t\t\t\tWHEN ActivityDescription LIKE '%Lieu%' THEN 5 \n\t\t\t\t\t\tWHEN ActivityDescription LIKE '%Call%' THEN 6 \n\t\t\t\t\t\tWHEN ActivityDescription LIKE '%Sabbatical%' THEN 7 \n\t\t\t\t\t\tWHEN ActivityDescription LIKE '%Sick%' THEN 8 \n\t\t\t\t\t\tWHEN ActivityDescription LIKE '%Special%' THEN 9 \n\t\t\t\t\t\tWHEN ActivityDescription LIKE '%Parental%' THEN 10 \n\t\t\t\t\t\tELSE 0 \n\t\t\t\t  END AS LeaveType, \n\t\t\t\t  CASE\tWHEN [LastName] IN ('Anderson', 'Angell', 'Arunachalam', 'Benjamin', 'Benjamin', 'Brooks', 'Childs', 'Chong', 'Elder', 'Falkov', 'Gubbins', 'Han', \n\t\t\t\t\t\t\t\t\t\t\t'Jose', 'Kain', 'Krawitz', 'Lao', 'Le Grice', 'Macann', 'Naguleswaran', 'O''Reilly', 'Padayachee', 'Pandy', 'Parinpanayagam', \n\t\t\t\t\t\t\t\t\t\t\t'Patel', 'Rasanathan', 'Saran', 'Sasso', 'Turner', 'Zhou') \tTHEN 'Radiation Oncology' \n\t\t\t\t\t\tWHEN [LastName] IN ('Ang', 'Ashley', 'Bashford', 'Broom', 'Cameron', 'Chrystal', 'Cohen', 'Damianovich', 'Deva', 'Dhillon', 'Drumm', \n\t\t\t\t\t\t\t\t\t\t\t'Fong', 'Fraser', 'Hanning', 'Jacobs', 'Lawrence', 'Ludlow', 'McCrystal', 'McKeage', 'Mesnage', 'Nagar', 'O''Neill', \n\t\t\t\t\t\t\t\t\t\t\t'Porter', 'Rhind', 'Rivalland', 'Roberts', 'Salih', 'Sasidharan', 'Stephens', 'Sullivan', 'Wickham', 'Wilson') THEN 'Medical Oncology' \n\t\t\t\t\t\tWHEN [LastName] IN ('Bangs', 'Berkahn', 'Browett', 'Chien', 'Child', 'Doocey', 'Eaddy', 'Hawkins', 'Hemmaway', 'Leitch', 'Lewis', 'Ockelford', \n\t\t\t\t\t\t\t\t\t\t\t'Stone', 'Young') THEN 'Haematology' \n\t\t\t\t\t\tWHEN [LastName] = 'Chan' AND [FirstName] = 'Su-Shan' THEN 'Radiation Oncology' \n\t\t\t\t\t\tWHEN [LastName] = 'Chan' AND [FirstName] = 'George' THEN 'Haematology' \n\t\t\t\t\t\tELSE 'Unsure' \n\t\t\t\t  END AS Clinic\nFROM     DA_CRDS.medirota.Leave AS Lv LEFT OUTER JOIN\n                  DA_CRDS.medirota.Staff AS St ON Lv.StaffMemberUUID = St.StaffMemberUUID LEFT OUTER JOIN\n                  DA_CRDS.medirota.Activity AS Ac ON Lv.ActivityUUID = Ac.ActivityUUID INNER JOIN\n                  DA_CRDS.dbo.Date AS Dt ON Lv.SessionDate = Dt.Date\nWHERE\t(Lv.BusinessUnit IN ('adhbcb')) AND (Lv.SessionStatus = 'approved') AND \n\t\t(Lv.SessionDate BETWEEN (SELECT WeekStartDateMon\n\t\t\t\t\t\t\t\t FROM      DA_CRDS.dbo.Date\n\t\t\t\t\t\t\t\t WHERE   (Date = CAST(GETDATE() AS date))\n\t\t\t\t\t\t\t\t) AND \n\t\t\t\t\t\t\t\tDATEADD(year, 1,\n\t\t\t\t\t\t\t\t\t\t(SELECT WeekStartDateMon\n\t\t\t\t\t\t\t\t\t\t FROM     DA_CRDS.dbo.Date AS Date_1\n\t\t\t\t\t\t\t\t\t\t WHERE   (Date = CAST(GETDATE() AS date)))\n\t\t\t\t\t\t\t\t\t\t)\n\t\t) AND \n\t\t(Ac.ActivityType = 'leave')",
							"type": "Expression"
						},
						"queryTimeout": "00:10:00",
						"partitionOption": "None"
					},
					"sink": {
						"type": "SqlServerSink",
						"writeBehavior": "insert",
						"sqlWriterUseTableLock": false
					},
					"enableStaging": false,
					"translator": {
						"type": "TabularTranslator",
						"typeConversion": true,
						"typeConversionSettings": {
							"allowDataTruncation": true,
							"treatBooleanAsNumber": false
						}
					}
				},
				"inputs": [
					{
						"referenceName": "DS_AZSQL_TGT_Generic_Query",
						"type": "DatasetReference",
						"parameters": {
							"DatabaseName": "DA_CRDS",
							"KVConStrSecretName": "az-sql-mi-admin-password"
						}
					}
				],
				"outputs": [
					{
						"referenceName": "DS_MSSQL_OnPrem_Generic",
						"type": "DatasetReference",
						"parameters": {
							"SchemaName": "dbo",
							"TableName": "bv_medirota_leave_6wk_CnB",
							"DatabaseName": "DA_CRDS",
							"ServerName": "VHAL0CSS021AG01.healthcare.huarahi.health.govt.nz,2773",
							"SecretName": {
								"value": "@pipeline().globalParameters.GPHeliosSVCAccountSecret",
								"type": "Expression"
							}
						}
					}
				]
			}
		],
		"folder": {
			"name": "PBI"
		},
		"annotations": []
	}
}