{
	"name": "PL_MahieTaea_RDS_to_CRDS",
	"properties": {
		"activities": [
			{
				"name": "Get metadata from Control table",
				"description": "Get metadata from Control table",
				"type": "Lookup",
				"dependsOn": [],
				"policy": {
					"timeout": "0.00:10:00",
					"retry": 0,
					"retryIntervalInSeconds": 30,
					"secureOutput": false,
					"secureInput": false
				},
				"userProperties": [],
				"typeProperties": {
					"source": {
						"type": "AzureSqlSource",
						"sqlReaderStoredProcedureName": "[etl].[GetCRDSMetadata]",
						"storedProcedureParameters": {
							"SourceSystem": {
								"type": "String",
								"value": {
									"value": "@pipeline().parameters.PSourceSystem",
									"type": "Expression"
								}
							}
						},
						"queryTimeout": "00:10:00",
						"partitionOption": "None"
					},
					"dataset": {
						"referenceName": "DS_AZSQL_TGT_Generic_Query",
						"type": "DatasetReference",
						"parameters": {
							"DatabaseName": {
								"value": "@pipeline().parameters.PConfigDatabase",
								"type": "Expression"
							},
							"KVConStrSecretName": {
								"value": "@pipeline().parameters.PKVMIDBSecretName",
								"type": "Expression"
							}
						}
					},
					"firstRowOnly": false
				}
			},
			{
				"name": "For each record",
				"type": "ForEach",
				"dependsOn": [
					{
						"activity": "Get metadata from Control table",
						"dependencyConditions": [
							"Succeeded"
						]
					}
				],
				"userProperties": [],
				"typeProperties": {
					"items": {
						"value": "@activity('Get metadata from Control table').output.value",
						"type": "Expression"
					},
					"batchCount": 5,
					"activities": [
						{
							"name": "dbo to mahietaea",
							"description": "20231026 GS: increased Timeout to 20 mins from 10 mins",
							"type": "SqlServerStoredProcedure",
							"dependsOn": [],
							"policy": {
								"timeout": "0.00:50:00",
								"retry": 0,
								"retryIntervalInSeconds": 30,
								"secureOutput": false,
								"secureInput": false
							},
							"userProperties": [
								{
									"name": "StoreProc",
									"value": "@item().SourceQuery"
								}
							],
							"typeProperties": {
								"storedProcedureName": {
									"value": "@item().SourceQuery",
									"type": "Expression"
								}
							},
							"linkedServiceName": {
								"referenceName": "LS_AZSQL_CDP",
								"type": "LinkedServiceReference",
								"parameters": {
									"KVConStrSecretName": {
										"value": "@pipeline().parameters.PKVMIDBSecretName",
										"type": "Expression"
									},
									"DatabaseName": {
										"value": "@pipeline().parameters.PSourceDatabase",
										"type": "Expression"
									}
								}
							}
						},
						{
							"name": "If one of the Daily tables",
							"description": "If one of the Daily tables then update the WaterMarkValue",
							"type": "IfCondition",
							"dependsOn": [
								{
									"activity": "dbo to mahietaea",
									"dependencyConditions": [
										"Succeeded"
									]
								}
							],
							"userProperties": [],
							"typeProperties": {
								"expression": {
									"value": "@equals(item().RefreshFrequency,'Daily')\n",
									"type": "Expression"
								},
								"ifTrueActivities": [
									{
										"name": "Update WaterMarkValue",
										"description": "Update WaterMarkValue",
										"type": "SqlServerStoredProcedure",
										"dependsOn": [],
										"policy": {
											"timeout": "0.00:10:00",
											"retry": 0,
											"retryIntervalInSeconds": 30,
											"secureOutput": false,
											"secureInput": false
										},
										"userProperties": [
											{
												"name": "TableName",
												"value": "@item().TargetTableName"
											}
										],
										"typeProperties": {
											"storedProcedureName": "[etl].[UpdateWaterMarkValue]",
											"storedProcedureParameters": {
												"ETLControlId": {
													"value": {
														"value": "@item().ETLControlID",
														"type": "Expression"
													},
													"type": "String"
												},
												"SourceSystem": {
													"value": {
														"value": "@pipeline().parameters.PSourceSystem",
														"type": "Expression"
													},
													"type": "String"
												},
												"WaterMarkQuery": {
													"value": {
														"value": "@item().WaterMarkQuery",
														"type": "Expression"
													},
													"type": "String"
												}
											}
										},
										"linkedServiceName": {
											"referenceName": "LS_AZSQL_CDP",
											"type": "LinkedServiceReference",
											"parameters": {
												"KVConStrSecretName": {
													"value": "@pipeline().parameters.PKVMIDBSecretName",
													"type": "Expression"
												},
												"DatabaseName": {
													"value": "@pipeline().parameters.PConfigDatabase",
													"type": "Expression"
												}
											}
										}
									}
								]
							}
						}
					]
				}
			}
		],
		"parameters": {
			"PSourceSystem": {
				"type": "string",
				"defaultValue": "MahieTaea"
			},
			"PConfigDatabase": {
				"type": "string",
				"defaultValue": "ADM_CONFIG"
			},
			"PSourceDatabase": {
				"type": "string",
				"defaultValue": "RDS_MAHI_E_TAEA"
			},
			"PKVMIDBSecretName": {
				"type": "string",
				"defaultValue": "az-sql-mi-admin-password"
			}
		},
		"folder": {
			"name": "Load CRDS/MahieTaea"
		},
		"annotations": [],
		"lastPublishTime": "2022-10-06T04:07:01Z"
	},
	"type": "Microsoft.DataFactory/factories/pipelines"
}