{
	"name": "PL_PBI_AD_Audit_DL",
	"properties": {
		"activities": [
			{
				"name": "WriteTriggerFile",
				"description": "Write trigger file on successful completion",
				"type": "ExecutePipeline",
				"dependsOn": [
					{
						"activity": "Graph Daily APIs",
						"dependencyConditions": [
							"Succeeded"
						]
					},
					{
						"activity": "PBI Daily APIs",
						"dependencyConditions": [
							"Succeeded"
						]
					}
				],
				"userProperties": [],
				"typeProperties": {
					"pipeline": {
						"referenceName": "PL_Trigger_Generic",
						"type": "PipelineReference"
					},
					"waitOnCompletion": true,
					"parameters": {
						"PContainerName": {
							"value": "landing",
							"type": "Expression"
						},
						"PSourceFolderPath": {
							"value": "Trigger/Load_DL/",
							"type": "Expression"
						},
						"PSourceFileName": {
							"value": "template.json",
							"type": "Expression"
						},
						"PTargetFolderPath": {
							"value": "@concat('Trigger/Load_DL/Audit/PBI_AD_MasterData/',\nconvertFromUTC(utcnow(),'New Zealand Standard Time','yyyy'),'/',\nconvertFromUTC(utcnow(),'New Zealand Standard Time','MM'),'/',\nconvertFromUTC(utcnow(),'New Zealand Standard Time','dd'),'/'\n)",
							"type": "Expression"
						},
						"PTargetFileName": {
							"value": "@concat(formatDateTime(convertTimeZone(utcnow(),'UTC','New Zealand Standard Time'),\n'HHmm')\n,'_'\n,'PBI_AD_MasterData.json')",
							"type": "Expression"
						},
						"PStorageAccount": {
							"value": "@pipeline().globalParameters.GPCDPADLSUrl",
							"type": "Expression"
						}
					}
				}
			},
			{
				"name": "PBI Daily APIs",
				"type": "DatabricksNotebook",
				"dependsOn": [],
				"policy": {
					"timeout": "0.12:00:00",
					"retry": 0,
					"retryIntervalInSeconds": 30,
					"secureOutput": false,
					"secureInput": false
				},
				"userProperties": [],
				"typeProperties": {
					"notebookPath": "/Shared/Load DL/Audit/01_Call_PBI_Daily_APIs",
					"baseParameters": {
						"mount_point": {
							"value": "@pipeline().globalParameters.GPCDPADLSMountPoint",
							"type": "Expression"
						}
					}
				},
				"linkedServiceName": {
					"referenceName": "LS_Databricks",
					"type": "LinkedServiceReference",
					"parameters": {
						"DataBricksWorkSpaceURL": {
							"value": "@pipeline().globalParameters.GPDataBricksWorkSpaceURL",
							"type": "Expression"
						},
						"WorkspaceResourceID": {
							"value": "@pipeline().globalParameters.GPWorkspaceResourceID",
							"type": "Expression"
						},
						"ClusterID": {
							"value": "@pipeline().globalParameters.GPDatabricksClusterID",
							"type": "Expression"
						}
					}
				}
			},
			{
				"name": "Graph Daily APIs",
				"type": "DatabricksNotebook",
				"dependsOn": [],
				"policy": {
					"timeout": "0.12:00:00",
					"retry": 0,
					"retryIntervalInSeconds": 30,
					"secureOutput": false,
					"secureInput": false
				},
				"userProperties": [],
				"typeProperties": {
					"notebookPath": "/Shared/Load DL/Audit/01_Call_Graph_Daily_APIs",
					"baseParameters": {
						"mount_point": {
							"value": "@pipeline().globalParameters.GPCDPADLSMountPoint",
							"type": "Expression"
						}
					}
				},
				"linkedServiceName": {
					"referenceName": "LS_Databricks",
					"type": "LinkedServiceReference",
					"parameters": {
						"DataBricksWorkSpaceURL": {
							"value": "@pipeline().globalParameters.GPDataBricksWorkSpaceURL",
							"type": "Expression"
						},
						"WorkspaceResourceID": {
							"value": "@pipeline().globalParameters.GPWorkspaceResourceID",
							"type": "Expression"
						},
						"ClusterID": {
							"value": "@pipeline().globalParameters.GPDatabricksClusterID",
							"type": "Expression"
						}
					}
				}
			}
		],
		"folder": {
			"name": "Load DL/Auditing & Logging"
		},
		"annotations": [],
		"lastPublishTime": "2022-10-06T00:27:38Z"
	},
	"type": "Microsoft.DataFactory/factories/pipelines"
}