{
	"name": "PL_PBI_DS_Refresh_Generic",
	"properties": {
		"activities": [
			{
				"name": "AcquireToken",
				"description": "Pass secret to MS authentication service to get token",
				"type": "WebActivity",
				"dependsOn": [
					{
						"activity": "GetSecret",
						"dependencyConditions": [
							"Succeeded"
						]
					}
				],
				"policy": {
					"timeout": "0.00:30:00",
					"retry": 0,
					"retryIntervalInSeconds": 30,
					"secureOutput": true,
					"secureInput": true
				},
				"userProperties": [],
				"typeProperties": {
					"url": {
						"value": "https://login.microsoftonline.com/494a2d87-24b5-42d8-8a3d-77448be1d46f/oauth2/v2.0/token",
						"type": "Expression"
					},
					"method": "POST",
					"headers": {
						"Content-Type": {
							"value": "application/x-www-form-urlencoded",
							"type": "Expression"
						}
					},
					"body": {
						"value": "@concat('grant_type=client_credentials\n&scope=https://analysis.windows.net/powerbi/api/.default',activity('GetSecret').output.value)",
						"type": "Expression"
					}
				}
			},
			{
				"name": "GetSecret",
				"description": "Get secret from Key Vault",
				"type": "WebActivity",
				"dependsOn": [],
				"policy": {
					"timeout": "0.00:30:00",
					"retry": 0,
					"retryIntervalInSeconds": 30,
					"secureOutput": true,
					"secureInput": true
				},
				"userProperties": [],
				"typeProperties": {
					"url": {
						"value": "@concat(pipeline().globalParameters.GPKeyVaultURL,'secrets/',pipeline().parameters.KVSecretName,'/?api-version=7.0')",
						"type": "Expression"
					},
					"method": "GET",
					"linkedServices": [
						{
							"referenceName": "LS_AKV",
							"type": "LinkedServiceReference"
						}
					],
					"authentication": {
						"type": "MSI",
						"resource": {
							"value": "https://vault.azure.net",
							"type": "Expression"
						}
					}
				}
			},
			{
				"name": "SetCurrentDatePath",
				"description": "Set current date path in the format /yyyy/mm/dd/ to use in ADLS folder hierarchy.",
				"type": "SetVariable",
				"dependsOn": [],
				"userProperties": [],
				"typeProperties": {
					"variableName": "DatePath",
					"value": {
						"value": "@concat('/',convertFromUTC(utcnow(),'New Zealand Standard Time','yyyy'),'/',\nconvertFromUTC(utcnow(),'New Zealand Standard Time','MM'),'/',\nconvertFromUTC(utcnow(),'New Zealand Standard Time','dd'),'/')",
						"type": "Expression"
					}
				}
			},
			{
				"name": "GetDatasetList",
				"description": "Get list of datasets from SQL master table",
				"type": "Lookup",
				"dependsOn": [
					{
						"activity": "AcquireToken",
						"dependencyConditions": [
							"Succeeded"
						]
					},
					{
						"activity": "SetCurrentDatePath",
						"dependencyConditions": [
							"Succeeded"
						]
					}
				],
				"policy": {
					"timeout": "0.00:30:00",
					"retry": 0,
					"retryIntervalInSeconds": 30,
					"secureOutput": false,
					"secureInput": false
				},
				"userProperties": [],
				"typeProperties": {
					"source": {
						"type": "AzureSqlSource",
						"sqlReaderStoredProcedureName": "[etl].[Refresh_PBI_Dataset]",
						"storedProcedureParameters": {
							"PL_Name": {
								"type": "String",
								"value": {
									"value": "@pipeline().parameters.fileName",
									"type": "Expression"
								}
							}
						},
						"queryTimeout": "02:00:00",
						"partitionOption": "None"
					},
					"dataset": {
						"referenceName": "DS_AZSQL_Generic_Query",
						"type": "DatasetReference",
						"parameters": {
							"DatabaseName": "ADM_CONFIG",
							"KVConStrSecretName": "az-sql-mi-admin-password",
							"ServerName": {
								"value": "@pipeline().globalParameters.GPManagedAZSQLServerName",
								"type": "Expression"
							}
						}
					},
					"firstRowOnly": false
				}
			},
			{
				"name": "LoopThruDatasets - Parallel",
				"description": "Loop through the list of datasets returned from SQL table and refresh them on the PBI service.",
				"type": "ForEach",
				"dependsOn": [
					{
						"activity": "GetDatasetList",
						"dependencyConditions": [
							"Succeeded"
						]
					}
				],
				"userProperties": [],
				"typeProperties": {
					"items": {
						"value": "@activity('GetDatasetList').output.value",
						"type": "Expression"
					},
					"batchCount": 5,
					"activities": [
						{
							"name": "RefreshDatasets",
							"description": "Call the Power BI refresh datasets API end point for specified datasetId in iteration.",
							"type": "WebActivity",
							"dependsOn": [],
							"policy": {
								"timeout": "0.00:30:00",
								"retry": 0,
								"retryIntervalInSeconds": 30,
								"secureOutput": true,
								"secureInput": true
							},
							"userProperties": [],
							"typeProperties": {
								"url": {
									"value": "@replace(replace('https://api.powerbi.com/v1.0/myorg/groups/{workspaceId}/datasets/{datasetId}/refreshes'\n,'{workspaceId}',item().WorkspaceId),'{datasetId}',item().DatasetId)",
									"type": "Expression"
								},
								"method": "POST",
								"headers": {
									"Authorization": {
										"value": "@concat('Bearer ',activity('AcquireToken').output.access_token)",
										"type": "Expression"
									}
								},
								"body": {
									"value": "{\n  \"commitMode\": \"transactional\",\n  \"type\": \"Full\"\n}",
									"type": "Expression"
								}
							}
						}
					]
				}
			}
		],
		"parameters": {
			"folderPath": {
				"type": "string"
			},
			"fileName": {
				"type": "string"
			},
			"KVSecretName": {
				"type": "string",
				"defaultValue": "AutomationServicePrincipal"
			}
		},
		"variables": {
			"DatePath": {
				"type": "String"
			}
		},
		"folder": {
			"name": "Templates"
		},
		"annotations": [],
		"lastPublishTime": "2022-10-06T00:27:37Z"
	},
	"type": "Microsoft.DataFactory/factories/pipelines"
}