{
	"name": "PL_RDS_DataBricks_Notebook_Run_bkp",
	"properties": {
		"activities": [
			{
				"name": "RDS Load Process",
				"type": "DatabricksNotebook",
				"dependsOn": [],
				"policy": {
					"timeout": "0.12:00:00",
					"retry": 0,
					"retryIntervalInSeconds": 30,
					"secureOutput": false,
					"secureInput": false
				},
				"userProperties": [],
				"typeProperties": {
					"notebookPath": "/Shared/Load RDS/Trakcare/RDS Delta Load Process",
					"baseParameters": {
						"paramsFromADF": {
							"value": "@pipeline().parameters.ParamsFromADF",
							"type": "Expression"
						}
					}
				},
				"linkedServiceName": {
					"referenceName": "LS_Databricks",
					"type": "LinkedServiceReference",
					"parameters": {
						"DataBricksWorkSpaceURL": {
							"value": "@pipeline().globalParameters.GPDataBricksWorkSpaceURL",
							"type": "Expression"
						},
						"WorkspaceResourceID": {
							"value": "@pipeline().globalParameters.GPWorkspaceResourceID",
							"type": "Expression"
						},
						"ClusterID": {
							"value": "@pipeline().globalParameters.GPDatabricksClusterID",
							"type": "Expression"
						}
					}
				}
			},
			{
				"name": "Set variable1",
				"type": "SetVariable",
				"dependsOn": [
					{
						"activity": "RDS Load Process",
						"dependencyConditions": [
							"Succeeded"
						]
					}
				],
				"policy": {
					"secureOutput": false,
					"secureInput": false
				},
				"userProperties": [],
				"typeProperties": {
					"variableName": "pipelineReturnValue",
					"value": [
						{
							"key": "FileNameReturnedFromDataBricksRDS",
							"value": {
								"type": "Expression",
								"content": "@replace(string(activity('RDS Load Process').output),'None','''NA''')"
							}
						}
					],
					"setSystemVariable": true
				}
			}
		],
		"parameters": {
			"ParamsFromADF": {
				"type": "string"
			}
		},
		"folder": {
			"name": "Load RDS/TrakCare"
		},
		"annotations": []
	}
}