{
	"name": "PL_RDS_DataBricks_Notebook_Run_bkp_20240909",
	"properties": {
		"activities": [
			{
				"name": "RDS Load Process",
				"type": "DatabricksNotebook",
				"dependsOn": [],
				"policy": {
					"timeout": "0.12:00:00",
					"retry": 0,
					"retryIntervalInSeconds": 30,
					"secureOutput": false,
					"secureInput": false
				},
				"userProperties": [],
				"typeProperties": {
					"notebookPath": "/Shared/Load RDS/Trakcare/RDS Delta Load Process",
					"baseParameters": {
						"paramsFromADF": {
							"value": "@pipeline().parameters.ParamsFromADF",
							"type": "Expression"
						}
					}
				},
				"linkedServiceName": {
					"referenceName": "LS_Databricks",
					"type": "LinkedServiceReference",
					"parameters": {
						"DataBricksWorkSpaceURL": {
							"value": "@pipeline().globalParameters.GPDataBricksWorkSpaceURL",
							"type": "Expression"
						},
						"WorkspaceResourceID": {
							"value": "@pipeline().globalParameters.GPWorkspaceResourceID",
							"type": "Expression"
						},
						"ClusterID": {
							"value": "@pipeline().globalParameters.GPDatabricksClusterID",
							"type": "Expression"
						}
					}
				}
			},
			{
				"name": "Set variable1",
				"type": "SetVariable",
				"dependsOn": [
					{
						"activity": "RDS Load Process",
						"dependencyConditions": [
							"Succeeded"
						]
					}
				],
				"policy": {
					"secureOutput": false,
					"secureInput": false
				},
				"userProperties": [],
				"typeProperties": {
					"variableName": "pipelineReturnValue",
					"value": [
						{
							"key": "FileNameReturnedFromDataBricksRDS",
							"value": {
								"type": "Expression",
								"content": "@replace(string(activity('RDS Load Process').output),'None','''NA''')"
							}
						}
					],
					"setSystemVariable": true
				}
			},
			{
				"name": "Set vFileName",
				"type": "SetVariable",
				"dependsOn": [
					{
						"activity": "RDS Load Process",
						"dependencyConditions": [
							"Succeeded"
						]
					}
				],
				"policy": {
					"secureOutput": false,
					"secureInput": false
				},
				"userProperties": [],
				"typeProperties": {
					"variableName": "vFileName",
					"value": {
						"value": "@string(json(string(pipeline().parameters.ParamsFromADF)).FileName)",
						"type": "Expression"
					}
				}
			},
			{
				"name": "Set vTableName",
				"type": "SetVariable",
				"dependsOn": [
					{
						"activity": "Set vFileName",
						"dependencyConditions": [
							"Succeeded"
						]
					}
				],
				"policy": {
					"secureOutput": false,
					"secureInput": false
				},
				"userProperties": [],
				"typeProperties": {
					"variableName": "vTableName",
					"value": {
						"value": "@string(json(string(pipeline().parameters.ParamsFromADF)).TableName)",
						"type": "Expression"
					}
				}
			},
			{
				"name": "Move parquet file to File Server",
				"type": "Copy",
				"dependsOn": [
					{
						"activity": "Set vTableName",
						"dependencyConditions": [
							"Succeeded"
						]
					},
					{
						"activity": "Set vLocation",
						"dependencyConditions": [
							"Succeeded"
						]
					}
				],
				"policy": {
					"timeout": "0.12:00:00",
					"retry": 0,
					"retryIntervalInSeconds": 30,
					"secureOutput": false,
					"secureInput": false
				},
				"userProperties": [],
				"typeProperties": {
					"source": {
						"type": "ParquetSource",
						"storeSettings": {
							"type": "AzureBlobFSReadSettings",
							"recursive": true,
							"wildcardFolderPath": {
								"value": "@concat('trakcare',variables('vLocation'),variables('vFileName'))",
								"type": "Expression"
							},
							"wildcardFileName": {
								"value": "*.parquet",
								"type": "Expression"
							},
							"enablePartitionDiscovery": false
						},
						"formatSettings": {
							"type": "ParquetReadSettings"
						}
					},
					"sink": {
						"type": "ParquetSink",
						"storeSettings": {
							"type": "FileServerWriteSettings"
						},
						"formatSettings": {
							"type": "ParquetWriteSettings"
						}
					},
					"enableStaging": true,
					"stagingSettings": {
						"linkedServiceName": {
							"referenceName": "LS_ADLS",
							"type": "LinkedServiceReference",
							"parameters": {
								"StorageAccountURL": "https://devcdpadlsae1.dfs.core.windows.net",
								"StorageAccountSecret": "adlscdpaccountkey"
							}
						}
					},
					"translator": {
						"type": "TabularTranslator",
						"typeConversion": true,
						"typeConversionSettings": {
							"allowDataTruncation": true,
							"treatBooleanAsNumber": false
						}
					}
				},
				"inputs": [
					{
						"referenceName": "DS_ADLS_Parquet",
						"type": "DatasetReference",
						"parameters": {
							"FolderName": "trakcare",
							"FileName": "*.parquet",
							"StorageAccountURL": {
								"value": "@pipeline().globalParameters.GPCDPADLSUrl",
								"type": "Expression"
							},
							"ContainerName": "landing",
							"PSecretName": "adlscdpaccountkey"
						}
					}
				],
				"outputs": [
					{
						"referenceName": "DS_OnPremWindowsFolder",
						"type": "DatasetReference",
						"parameters": {
							"NetworkStorageAccount": {
								"value": "@pipeline().globalParameters.GPHeliosServiceAccount",
								"type": "Expression"
							},
							"NetworkStorageHost": {
								"value": "@concat(pipeline().globalParameters.GPNetworkStorageHostBSA,'TRAKCARE')",
								"type": "Expression"
							},
							"NetworkStorageKey": "HeliosSVC",
							"FilePath": {
								"value": "@variables('vTableName')",
								"type": "Expression"
							},
							"FileName": {
								"value": "@variables('vFileName')",
								"type": "Expression"
							}
						}
					}
				]
			},
			{
				"name": "Set vNotebookReturnedValue",
				"type": "SetVariable",
				"dependsOn": [
					{
						"activity": "RDS Load Process",
						"dependencyConditions": [
							"Succeeded"
						]
					}
				],
				"policy": {
					"secureOutput": false,
					"secureInput": false
				},
				"userProperties": [],
				"typeProperties": {
					"variableName": "vNotebookReturnedValue",
					"value": {
						"value": "@string(activity('RDS Load Process').output)",
						"type": "Expression"
					}
				}
			},
			{
				"name": "Set vLocation",
				"type": "SetVariable",
				"dependsOn": [
					{
						"activity": "Set vNotebookReturnedValue",
						"dependencyConditions": [
							"Succeeded"
						]
					}
				],
				"policy": {
					"secureOutput": false,
					"secureInput": false
				},
				"userProperties": [],
				"typeProperties": {
					"variableName": "vLocation",
					"value": {
						"value": "@string(json(variables('vNotebookReturnedValue')).runOutput.ArchiveFolder)",
						"type": "Expression"
					}
				}
			}
		],
		"parameters": {
			"ParamsFromADF": {
				"type": "string"
			}
		},
		"variables": {
			"vFileName": {
				"type": "String"
			},
			"vTableName": {
				"type": "String"
			},
			"vLocation": {
				"type": "String"
			},
			"vNotebookReturnedValue": {
				"type": "String"
			}
		},
		"folder": {
			"name": "Load RDS/TrakCare"
		},
		"annotations": []
	}
}