{
	"name": "PL_RDS_TestSafeUniqueMeds",
	"properties": {
		"description": "Export data from ADHBSecure On prem database to the SL Mi",
		"activities": [
			{
				"name": "PL_Copy Data to SQLMI",
				"type": "Copy",
				"dependsOn": [],
				"policy": {
					"timeout": "0.12:00:00",
					"retry": 0,
					"retryIntervalInSeconds": 30,
					"secureOutput": false,
					"secureInput": false
				},
				"userProperties": [],
				"typeProperties": {
					"source": {
						"type": "SqlServerSource",
						"queryTimeout": "02:00:00",
						"partitionOption": "None"
					},
					"sink": {
						"type": "AzureSqlSink",
						"writeBehavior": "insert",
						"sqlWriterUseTableLock": false,
						"tableOption": "autoCreate",
						"disableMetricsCollection": false
					},
					"enableStaging": false,
					"translator": {
						"type": "TabularTranslator",
						"typeConversion": true,
						"typeConversionSettings": {
							"allowDataTruncation": true,
							"treatBooleanAsNumber": false
						}
					}
				},
				"inputs": [
					{
						"referenceName": "DS_MSSQL_OnPrem_Generic",
						"type": "DatasetReference",
						"parameters": {
							"SchemaName": "ECLAIR",
							"TableName": "v_Eclair_Unique_Meds_CDS",
							"DatabaseName": "ADHBSecure",
							"ServerName": {
								"value": "@pipeline().globalParameters.GPHeliosServerName",
								"type": "Expression"
							},
							"SecretName": {
								"value": "@pipeline().globalParameters.GPHeliosSVCAccountSecret",
								"type": "Expression"
							}
						}
					}
				],
				"outputs": [
					{
						"referenceName": "DS_AZSQL_TGT_Generic",
						"type": "DatasetReference",
						"parameters": {
							"SchemaName": "dbo",
							"TableName": "ecl_unique_meds_cds",
							"KVConStrSecretName": "az-sql-mi-admin-password",
							"DatabaseName": "DA_RDS"
						}
					}
				]
			}
		],
		"folder": {
			"name": "Load RDS/TrakCare"
		},
		"annotations": []
	}
}