{
	"name": "PL_Refresh_TRAK_db_on_SQL_MI",
	"properties": {
		"activities": [
			{
				"name": "Refresh TRAK db on SQL MI",
				"type": "DatabricksNotebook",
				"dependsOn": [],
				"policy": {
					"timeout": "0.00:10:00",
					"retry": 0,
					"retryIntervalInSeconds": 30,
					"secureOutput": false,
					"secureInput": false
				},
				"userProperties": [],
				"typeProperties": {
					"notebookPath": "/Shared/Load Helios Trak/IRIS - TRAK DB Landing and Loading Process Parent",
					"baseParameters": {
						"batchType": {
							"value": "@string('TRAK Daily')",
							"type": "Expression"
						},
						"TrakCareSource": {
							"value": "@string('DM')",
							"type": "Expression"
						}
					}
				},
				"linkedServiceName": {
					"referenceName": "LS_Databricks",
					"type": "LinkedServiceReference",
					"parameters": {
						"DataBricksWorkSpaceURL": {
							"value": "@pipeline().globalParameters.GPDataBricksWorkSpaceURL",
							"type": "Expression"
						},
						"WorkspaceResourceID": {
							"value": "@pipeline().globalParameters.GPWorkspaceResourceID",
							"type": "Expression"
						},
						"ClusterID": {
							"value": "@pipeline().globalParameters.GPDatabricksClusterID",
							"type": "Expression"
						}
					}
				}
			}
		],
		"folder": {
			"name": "TRAK"
		},
		"annotations": []
	}
}