{
	"name": "PL_SNOWFLAKE_CSV",
	"properties": {
		"activities": [
			{
				"name": "Copy data1",
				"type": "Copy",
				"dependsOn": [],
				"policy": {
					"timeout": "0.12:00:00",
					"retry": 0,
					"retryIntervalInSeconds": 30,
					"secureOutput": false,
					"secureInput": false
				},
				"userProperties": [],
				"typeProperties": {
					"source": {
						"type": "DelimitedTextSource",
						"storeSettings": {
							"type": "AzureBlobFSReadSettings",
							"recursive": true,
							"enablePartitionDiscovery": false
						},
						"formatSettings": {
							"type": "DelimitedTextReadSettings"
						}
					},
					"sink": {
						"type": "SnowflakeV2Sink",
						"importSettings": {
							"type": "SnowflakeImportCopyCommand"
						}
					},
					"enableStaging": true,
					"stagingSettings": {
						"linkedServiceName": {
							"referenceName": "LK_ADLS_Snowflake",
							"type": "LinkedServiceReference"
						},
						"path": "test"
					},
					"translator": {
						"type": "TabularTranslator",
						"mappings": [
							{
								"source": {
									"name": "Name",
									"type": "String"
								},
								"sink": {
									"name": "NAME",
									"type": "String"
								}
							},
							{
								"source": {
									"name": "Age",
									"type": "String"
								},
								"sink": {
									"name": "AGE",
									"type": "Int64"
								}
							},
							{
								"source": {
									"name": "Email",
									"type": "String"
								},
								"sink": {
									"name": "EMAIL",
									"type": "String"
								}
							},
							{
								"source": {
									"name": "Phone",
									"type": "String"
								},
								"sink": {
									"name": "PHONE",
									"type": "String"
								}
							}
						]
					}
				},
				"inputs": [
					{
						"referenceName": "DS_ADLS_CSV_Generic",
						"type": "DatasetReference",
						"parameters": {
							"PContainerName": "test",
							"PFolderPath": "csv/",
							"PFileName": "person.csv",
							"PStorageAccount": "https://devcdpadlsae1.dfs.core.windows.net",
							"PSecretName": "adlscdpaccountkey"
						}
					}
				],
				"outputs": [
					{
						"referenceName": "SnowflakeTable2",
						"type": "DatasetReference",
						"parameters": {
							"table": "PER"
						}
					}
				]
			}
		],
		"folder": {
			"name": "TRAK"
		},
		"annotations": []
	}
}