{
	"name": "PL_SNOW_SQLMI",
	"properties": {
		"activities": [
			{
				"name": "Copy data1",
				"type": "Copy",
				"dependsOn": [],
				"policy": {
					"timeout": "0.12:00:00",
					"retry": 0,
					"retryIntervalInSeconds": 30,
					"secureOutput": false,
					"secureInput": false
				},
				"userProperties": [],
				"typeProperties": {
					"source": {
						"type": "AzureSqlSource",
						"queryTimeout": "02:00:00",
						"partitionOption": "None"
					},
					"sink": {
						"type": "SnowflakeV2Sink",
						"importSettings": {
							"type": "SnowflakeImportCopyCommand"
						}
					},
					"enableStaging": true,
					"stagingSettings": {
						"linkedServiceName": {
							"referenceName": "LK_ADLS_Snowflake",
							"type": "LinkedServiceReference"
						}
					},
					"translator": {
						"type": "TabularTranslator",
						"mappings": [
							{
								"source": {
									"name": "ETLControlID",
									"type": "Int32"
								},
								"sink": {
									"name": "ETLCONTROLID",
									"type": "Decimal"
								}
							},
							{
								"source": {
									"name": "SourceSystem",
									"type": "String"
								},
								"sink": {
									"name": "SOURCESYSTEM",
									"type": "String"
								}
							},
							{
								"source": {
									"name": "SourceSystemType",
									"type": "String"
								},
								"sink": {
									"name": "SOURCESYSTEMTYPE",
									"type": "String"
								}
							},
							{
								"source": {
									"name": "SourceTableSchemaName",
									"type": "String"
								},
								"sink": {
									"name": "SOURCETABLESCHEMANAME",
									"type": "String"
								}
							},
							{
								"source": {
									"name": "SourceTableName",
									"type": "String"
								},
								"sink": {
									"name": "SOURCETABLENAME",
									"type": "String"
								}
							},
							{
								"source": {
									"name": "SourceQuery",
									"type": "String"
								},
								"sink": {
									"name": "SOURCEQUERY",
									"type": "String"
								}
							},
							{
								"source": {
									"name": "SourceQueryWhereClause",
									"type": "String"
								},
								"sink": {
									"name": "SOURCEQUERYWHERECLAUSE",
									"type": "String"
								}
							},
							{
								"source": {
									"name": "WaterMarkQuery",
									"type": "String"
								},
								"sink": {
									"name": "WATERMARKQUERY",
									"type": "String"
								}
							},
							{
								"source": {
									"name": "WaterMarkValue",
									"type": "String"
								},
								"sink": {
									"name": "WATERMARKVALUE",
									"type": "String"
								}
							},
							{
								"source": {
									"name": "IncrementalClauseQuery",
									"type": "String"
								},
								"sink": {
									"name": "INCREMENTALCLAUSEQUERY",
									"type": "String"
								}
							},
							{
								"source": {
									"name": "TargetSystemType",
									"type": "String"
								},
								"sink": {
									"name": "TARGETSYSTEMTYPE",
									"type": "String"
								}
							},
							{
								"source": {
									"name": "TargetTableSchemaName",
									"type": "String"
								},
								"sink": {
									"name": "TARGETTABLESCHEMANAME",
									"type": "String"
								}
							},
							{
								"source": {
									"name": "TargetTableName",
									"type": "String"
								},
								"sink": {
									"name": "TARGETTABLENAME",
									"type": "String"
								}
							},
							{
								"source": {
									"name": "TargetEntityPath",
									"type": "String"
								},
								"sink": {
									"name": "TARGETENTITYPATH",
									"type": "String"
								}
							},
							{
								"source": {
									"name": "StoredProcName",
									"type": "String"
								},
								"sink": {
									"name": "STOREDPROCNAME",
									"type": "String"
								}
							},
							{
								"source": {
									"name": "IncrementalLoad",
									"type": "Boolean"
								},
								"sink": {
									"name": "INCREMENTALLOAD",
									"type": "Decimal"
								}
							},
							{
								"source": {
									"name": "IsActive",
									"type": "Boolean"
								},
								"sink": {
									"name": "ISACTIVE",
									"type": "Decimal"
								}
							},
							{
								"source": {
									"name": "PipelineGroup",
									"type": "String"
								},
								"sink": {
									"name": "PIPELINEGROUP",
									"type": "String"
								}
							},
							{
								"source": {
									"name": "PipelinePurpose",
									"type": "String"
								},
								"sink": {
									"name": "PIPELINEPURPOSE",
									"type": "String"
								}
							},
							{
								"source": {
									"name": "StatusDesc",
									"type": "String"
								},
								"sink": {
									"name": "STATUSDESC",
									"type": "String"
								}
							}
						]
					}
				},
				"inputs": [
					{
						"referenceName": "DS_AZSQL_TGT_Generic",
						"type": "DatasetReference",
						"parameters": {
							"SchemaName": "etl",
							"TableName": "Control_DSU",
							"KVConStrSecretName": "az-sql-mi-admin-password",
							"DatabaseName": "ADM_CONFIG"
						}
					}
				],
				"outputs": [
					{
						"referenceName": "SnowflakeTable1",
						"type": "DatasetReference",
						"parameters": {
							"table": "Control_DSU"
						}
					}
				]
			}
		],
		"folder": {
			"name": "TRAK"
		},
		"annotations": []
	}
}