{
	"name": "PL_TrakCare_RDS_to_Onperm",
	"properties": {
		"activities": [
			{
				"name": "Get list of EDW tables to process",
				"description": "To get the list of tables to process using ETL control table",
				"type": "Lookup",
				"dependsOn": [
					{
						"activity": "Set BatchId",
						"dependencyConditions": [
							"Succeeded"
						]
					}
				],
				"policy": {
					"timeout": "0.00:10:00",
					"retry": 0,
					"retryIntervalInSeconds": 30,
					"secureOutput": false,
					"secureInput": false
				},
				"userProperties": [],
				"typeProperties": {
					"source": {
						"type": "AzureSqlSource",
						"sqlReaderQuery": {
							"value": "@concat(\n'SELECT c.*\nFROM etl.Control_TRAK c\njoin etl.BatchControl bc\non c.ETLControlId = bc.ETLCOntrolID\nand c.IsActive = bc.IsActive\nand bc.ControlTableName = ''Control_TRAK''\nWHERE c.SourceSystem = ''trakcare''\nAND c.SourceSystemType = ''ADLS'' \nand c.TargetSystemType = ''Titan''\nAND c.IsActive = 1\nand (\n    bc.BatchType = ''',pipeline().parameters.BatchType,'''\n    or c.etlcontrolid in (',string(pipeline().parameters.ListOfETLControlIDs),')) \nORDER BY COALESCE(bc.SortOrder,0)\n'\n)",
							"type": "Expression"
						},
						"queryTimeout": "02:00:00",
						"partitionOption": "None"
					},
					"dataset": {
						"referenceName": "DS_AZSQL_TGT_Generic_Query",
						"type": "DatasetReference",
						"parameters": {
							"DatabaseName": "ADM_CONFIG",
							"KVConStrSecretName": "az-sql-mi-admin-password"
						}
					},
					"firstRowOnly": false
				}
			},
			{
				"name": "For each table",
				"description": "update the table. Do not run 5o items in parallel, it upsets Databricks",
				"type": "ForEach",
				"dependsOn": [
					{
						"activity": "Get list of EDW tables to process",
						"dependencyConditions": [
							"Succeeded"
						]
					}
				],
				"userProperties": [],
				"typeProperties": {
					"items": {
						"value": "@activity('Get list of EDW tables to process').output.value",
						"type": "Expression"
					},
					"isSequential": false,
					"batchCount": 15,
					"activities": [
						{
							"name": "Run notebooks to refresh the stage table",
							"type": "DatabricksNotebook",
							"dependsOn": [],
							"policy": {
								"timeout": "0.12:00:00",
								"retry": 0,
								"retryIntervalInSeconds": 30,
								"secureOutput": false,
								"secureInput": false
							},
							"userProperties": [
								{
									"name": "ETLCOntrolID",
									"value": "@item().ETLControlID"
								}
							],
							"typeProperties": {
								"notebookPath": {
									"value": "@item().DatabricksNotebook",
									"type": "Expression"
								},
								"baseParameters": {
									"p_etlcontrolid": {
										"value": "@string(item().ETLControlid)",
										"type": "Expression"
									},
									"p_batchid": {
										"value": "@variables('Batch')",
										"type": "Expression"
									}
								}
							},
							"linkedServiceName": {
								"referenceName": "LS_Databricks",
								"type": "LinkedServiceReference",
								"parameters": {
									"DataBricksWorkSpaceURL": {
										"value": "@pipeline().globalParameters.GPDataBricksWorkSpaceURL",
										"type": "Expression"
									},
									"WorkspaceResourceID": {
										"value": "@pipeline().globalParameters.GPWorkspaceResourceID",
										"type": "Expression"
									},
									"ClusterID": {
										"value": "@pipeline().globalParameters.GPDatabricksClusterID",
										"type": "Expression"
									}
								}
							}
						},
						{
							"name": "If export file intended",
							"type": "IfCondition",
							"dependsOn": [
								{
									"activity": "Run notebooks to refresh the stage table",
									"dependencyConditions": [
										"Succeeded"
									]
								}
							],
							"userProperties": [],
							"typeProperties": {
								"expression": {
									"value": "@greater(length(item().TargetEntityPath),0)",
									"type": "Expression"
								},
								"ifTrueActivities": [
									{
										"name": "Export data in parquet file",
										"type": "Copy",
										"dependsOn": [],
										"policy": {
											"timeout": "0.12:00:00",
											"retry": 0,
											"retryIntervalInSeconds": 30,
											"secureOutput": false,
											"secureInput": false
										},
										"userProperties": [
											{
												"name": "ETLControlID",
												"value": "@item().ETLControlID"
											}
										],
										"typeProperties": {
											"source": {
												"type": "ParquetSource",
												"storeSettings": {
													"type": "AzureBlobFSReadSettings",
													"recursive": true,
													"wildcardFolderPath": {
														"value": "@concat(item().TargetEntityPath, item().TargetTableName)",
														"type": "Expression"
													},
													"wildcardFileName": "*.parquet",
													"enablePartitionDiscovery": false
												},
												"formatSettings": {
													"type": "ParquetReadSettings"
												}
											},
											"sink": {
												"type": "SqlServerSink",
												"preCopyScript": {
													"value": "@{concat('IF (SELECT 1 \nFROM ',\npipeline().parameters.LandingDatabase,\n '.information_Schema.tables\nWHERE TABLE_TYPE = ''BASE TABLE''\nand TABLE_SCHEMA = ''', item().TargetTableSchemaName,'''\nAND TABLE_NAME = ''', item().TargetTableName\n,''') = 1\n\tDrop TABLE ',\n    pipeline().parameters.LandingDatabase,\n    '.',\n    item().TargetTableSchemaName,\n    '.',\n    item().TargetTableName\n)}",
													"type": "Expression"
												},
												"writeBehavior": "insert",
												"sqlWriterUseTableLock": false,
												"tableOption": "autoCreate"
											},
											"enableStaging": false,
											"translator": {
												"type": "TabularTranslator",
												"typeConversion": true,
												"typeConversionSettings": {
													"allowDataTruncation": true,
													"treatBooleanAsNumber": false
												}
											}
										},
										"inputs": [
											{
												"referenceName": "DS_ADLS_Parquet",
												"type": "DatasetReference",
												"parameters": {
													"FolderName": {
														"value": "@item().TargetEntityPath",
														"type": "Expression"
													},
													"FileName": "*.parquet",
													"StorageAccountURL": {
														"value": "@pipeline().globalParameters.GPCDPADLSUrl",
														"type": "Expression"
													},
													"ContainerName": "silver",
													"PSecretName": "adlscdpaccountkey"
												}
											}
										],
										"outputs": [
											{
												"referenceName": "DS_MSSQL_OnPrem_Generic",
												"type": "DatasetReference",
												"parameters": {
													"SchemaName": {
														"value": "@item().TargetTableSchemaName",
														"type": "Expression"
													},
													"TableName": {
														"value": "@item().TargetTableName",
														"type": "Expression"
													},
													"DatabaseName": {
														"value": "@pipeline().parameters.LandingDatabase",
														"type": "Expression"
													},
													"ServerName": {
														"value": "@pipeline().parameters.LandingServerName",
														"type": "Expression"
													},
													"SecretName": {
														"value": "@pipeline().globalParameters.GPHeliosSVCAccountSecret",
														"type": "Expression"
													}
												}
											}
										]
									}
								]
							}
						}
					]
				}
			},
			{
				"name": "Set BatchId",
				"type": "SetVariable",
				"dependsOn": [],
				"policy": {
					"secureOutput": false,
					"secureInput": false
				},
				"userProperties": [],
				"typeProperties": {
					"variableName": "Batch",
					"value": {
						"value": "@if(greater(length(string(pipeline().parameters.FileName)),0),split(pipeline().parameters.FileName,'|')[1],'0')",
						"type": "Expression"
					}
				}
			}
		],
		"parameters": {
			"LandingServerName": {
				"type": "string",
				"defaultValue": "VHAL0CSS021AG01.healthcare.huarahi.health.govt.nz,2773"
			},
			"LandingDatabase": {
				"type": "string",
				"defaultValue": "EDW"
			},
			"ListOfETLControlIDs": {
				"type": "string",
				"defaultValue": "1502"
			},
			"BatchType": {
				"type": "string",
				"defaultValue": "-"
			},
			"FileName": {
				"type": "string"
			}
		},
		"variables": {
			"Batch": {
				"type": "String",
				"defaultValue": "'0'"
			}
		},
		"folder": {
			"name": "Load EDW/Trakcare"
		},
		"annotations": []
	}
}