{
	"name": "PL_TRAK_Refresh_On_SQLMI",
	"properties": {
		"activities": [
			{
				"name": "Refresh TRAK on SQL MI",
				"description": "Intended Use: by DSU",
				"type": "DatabricksNotebook",
				"dependsOn": [],
				"policy": {
					"timeout": "0.12:30:00",
					"retry": 0,
					"retryIntervalInSeconds": 30,
					"secureOutput": false,
					"secureInput": false
				},
				"userProperties": [],
				"typeProperties": {
					"notebookPath": "/Shared/Load Helios Trak/IRIS - TRAK DB Landing and Loading Process Parent",
					"baseParameters": {
						"BatchType": {
							"value": "TRAK Daily",
							"type": "Expression"
						},
						"TrakCareSource": {
							"value": "DM",
							"type": "Expression"
						}
					}
				},
				"linkedServiceName": {
					"referenceName": "LS_Databricks",
					"type": "LinkedServiceReference",
					"parameters": {
						"DataBricksWorkSpaceURL": {
							"value": "@pipeline().globalParameters.GPDataBricksWorkSpaceURL",
							"type": "Expression"
						},
						"WorkspaceResourceID": {
							"value": "@pipeline().globalParameters.GPWorkspaceResourceID",
							"type": "Expression"
						},
						"ClusterID": {
							"value": "@pipeline().globalParameters.GPDatabricksClusterID",
							"type": "Expression"
						}
					}
				}
			}
		],
		"folder": {
			"name": "Load TRAK"
		},
		"annotations": []
	}
}