{
	"name": "PL_TuPonoAroha_Data_Load_Main_Batch_bkp",
	"properties": {
		"activities": [
			{
				"name": "ForEach - loop through the main batches",
				"type": "ForEach",
				"dependsOn": [
					{
						"activity": "Get Main Batches In Sort Order",
						"dependencyConditions": [
							"Succeeded"
						]
					}
				],
				"userProperties": [],
				"typeProperties": {
					"items": {
						"value": "@activity('Get Main Batches In Sort Order').output.value\n",
						"type": "Expression"
					},
					"isSequential": true,
					"activities": [
						{
							"name": "Execute Pipeline PL_TuPonoAroha_Data_Load_MB_copy1",
							"type": "ExecutePipeline",
							"dependsOn": [
								{
									"activity": "sp_batch_creation_copy1",
									"dependencyConditions": [
										"Succeeded"
									]
								}
							],
							"userProperties": [
								{
									"name": "ChildBatch",
									"value": "@item().ChildBatchCode"
								}
							],
							"typeProperties": {
								"pipeline": {
									"referenceName": "PL_TuPonoAroha_Data_Load",
									"type": "PipelineReference"
								},
								"waitOnCompletion": true,
								"parameters": {
									"ConfigDatabaseName": {
										"value": "@pipeline().parameters.ConfigDatabaseName",
										"type": "Expression"
									},
									"SourceServerName": {
										"value": "@pipeline().parameters.SourceServerName",
										"type": "Expression"
									},
									"TargetADLS": {
										"value": "@pipeline().parameters.TargetADLS",
										"type": "Expression"
									},
									"PLSSecretName": {
										"value": "@pipeline().parameters.PLSSecretName",
										"type": "Expression"
									},
									"BatchType": {
										"value": "@item().ChildBatchCode",
										"type": "Expression"
									},
									"EtlControlID": {
										"value": "@pipeline().parameters.EtlControlID",
										"type": "Expression"
									},
									"TrakCareSource": {
										"value": "@pipeline().parameters.TrakCareSource",
										"type": "Expression"
									},
									"ParentBatchID": {
										"value": "@activity('sp_batch_creation_copy1').output.firstRow.BatchID",
										"type": "Expression"
									}
								}
							}
						},
						{
							"name": "sp_batch_creation_copy1",
							"type": "Lookup",
							"dependsOn": [],
							"policy": {
								"timeout": "0.12:00:00",
								"retry": 0,
								"retryIntervalInSeconds": 30,
								"secureOutput": false,
								"secureInput": false
							},
							"userProperties": [],
							"typeProperties": {
								"source": {
									"type": "AzureSqlSource",
									"sqlReaderStoredProcedureName": "[etl].[CreateBatch]",
									"storedProcedureParameters": {
										"BatchID": {
											"type": "Int32",
											"value": null
										},
										"ParentBatchID": {
											"type": "Int32",
											"value": {
												"value": "@string(activity('sp_batch_creation').output.firstRow.BatchID)",
												"type": "Expression"
											}
										},
										"ProcessName": {
											"type": "String",
											"value": {
												"value": "@item().BatchType",
												"type": "Expression"
											}
										}
									},
									"queryTimeout": "02:00:00",
									"partitionOption": "None"
								},
								"dataset": {
									"referenceName": "DS_AZSQL_Generic_Query",
									"type": "DatasetReference",
									"parameters": {
										"DatabaseName": "ADM_CONFIG",
										"KVConStrSecretName": "az-sql-mi-admin-password",
										"ServerName": "dev-cdp-sqlmi-ae-1.792150d6ca9e.database.windows.net"
									}
								}
							}
						},
						{
							"name": "sp_update_batch_copy1",
							"type": "SqlServerStoredProcedure",
							"dependsOn": [
								{
									"activity": "Execute Pipeline PL_TuPonoAroha_Data_Load_MB_copy1",
									"dependencyConditions": [
										"Succeeded"
									]
								}
							],
							"policy": {
								"timeout": "0.12:00:00",
								"retry": 0,
								"retryIntervalInSeconds": 30,
								"secureOutput": false,
								"secureInput": false
							},
							"userProperties": [],
							"typeProperties": {
								"storedProcedureName": "[etl].[UpdateBatch]",
								"storedProcedureParameters": {
									"BatchId": {
										"value": {
											"value": "@int(string(activity('sp_batch_creation').output.firstRow.BatchID))",
											"type": "Expression"
										},
										"type": "Int32"
									}
								}
							},
							"linkedServiceName": {
								"referenceName": "LS_AZSQL_CDP",
								"type": "LinkedServiceReference",
								"parameters": {
									"KVConStrSecretName": "az-sql-mi-admin-password",
									"DatabaseName": "ADM_CONFIG"
								}
							}
						}
					]
				}
			},
			{
				"name": "Get Main Batches In Sort Order",
				"description": "Dynamically gets the tables from on-prem to load into Blob storage",
				"type": "Lookup",
				"dependsOn": [
					{
						"activity": "sp_batch_creation",
						"dependencyConditions": [
							"Succeeded"
						]
					}
				],
				"policy": {
					"timeout": "0.00:10:00",
					"retry": 0,
					"retryIntervalInSeconds": 30,
					"secureOutput": false,
					"secureInput": false
				},
				"userProperties": [
					{
						"name": "MainBatch",
						"value": "@pipeline().parameters.MainBatch"
					},
					{
						"name": "BatchType",
						"value": "@pipeline().parameters.BatchType"
					},
					{
						"name": "ETLControlID",
						"value": "@pipeline().parameters.EtlControlID"
					}
				],
				"typeProperties": {
					"source": {
						"type": "AzureSqlSource",
						"sqlReaderQuery": {
							"value": "@concat('\n\nif ''', pipeline().parameters.BatchType, '''=''''\n    and ''', pipeline().parameters.EtlControlID, '''=''0''\nBegin\n\nselect child.Batchcode as ChildBatchCode\nfrom etl.[BatchParent] parent\ninner join etl.BatchChild child\non parent.BatchCode=child.BatchCodeParent\nwhere BatchCodeParent=''', pipeline().parameters.MainBatch, '''\norder by child.sortOrder\n\nEnd\nElse\nBegin\n\nselect''', pipeline().parameters.BatchType, ''' as ChildBatchCode\nEnd\n\n')",
							"type": "Expression"
						},
						"queryTimeout": "02:00:00",
						"partitionOption": "None"
					},
					"dataset": {
						"referenceName": "DS_AZSQL_TGT_Generic_Query",
						"type": "DatasetReference",
						"parameters": {
							"DatabaseName": {
								"value": "@pipeline().parameters.ConfigDatabaseName",
								"type": "Expression"
							},
							"KVConStrSecretName": {
								"value": "@pipeline().parameters.PLSSecretName",
								"type": "Expression"
							}
						}
					},
					"firstRowOnly": false
				}
			},
			{
				"name": "sp_batch_creation",
				"type": "Lookup",
				"dependsOn": [],
				"policy": {
					"timeout": "0.12:00:00",
					"retry": 0,
					"retryIntervalInSeconds": 30,
					"secureOutput": false,
					"secureInput": false
				},
				"userProperties": [],
				"typeProperties": {
					"source": {
						"type": "AzureSqlSource",
						"sqlReaderStoredProcedureName": "[etl].[CreateBatch]",
						"storedProcedureParameters": {
							"BatchID": {
								"type": "Int32",
								"value": null
							},
							"ParentBatchID": {
								"type": "Int32",
								"value": null
							},
							"ProcessName": {
								"type": "String",
								"value": {
									"value": "@pipeline().parameters.MainBatch",
									"type": "Expression"
								}
							}
						},
						"queryTimeout": "02:00:00",
						"partitionOption": "None"
					},
					"dataset": {
						"referenceName": "DS_AZSQL_Generic_Query",
						"type": "DatasetReference",
						"parameters": {
							"DatabaseName": "ADM_CONFIG",
							"KVConStrSecretName": "az-sql-mi-admin-password",
							"ServerName": "dev-cdp-sqlmi-ae-1.792150d6ca9e.database.windows.net"
						}
					}
				}
			},
			{
				"name": "sp_update_batch",
				"type": "SqlServerStoredProcedure",
				"dependsOn": [
					{
						"activity": "ForEach - loop through the main batches",
						"dependencyConditions": [
							"Completed"
						]
					}
				],
				"policy": {
					"timeout": "0.12:00:00",
					"retry": 0,
					"retryIntervalInSeconds": 30,
					"secureOutput": false,
					"secureInput": false
				},
				"userProperties": [],
				"typeProperties": {
					"storedProcedureName": "[etl].[UpdateBatch]",
					"storedProcedureParameters": {
						"BatchId": {
							"value": {
								"value": "@int(string(activity('sp_batch_creation').output.firstRow.BatchID))",
								"type": "Expression"
							},
							"type": "Int32"
						}
					}
				},
				"linkedServiceName": {
					"referenceName": "LS_AZSQL_CDP",
					"type": "LinkedServiceReference",
					"parameters": {
						"KVConStrSecretName": "az-sql-mi-admin-password",
						"DatabaseName": "ADM_CONFIG"
					}
				}
			}
		],
		"parameters": {
			"ConfigDatabaseName": {
				"type": "string",
				"defaultValue": "ADM_CONFIG"
			},
			"SourceServerName": {
				"type": "string",
				"defaultValue": "VHAL0CSS021AG01.healthcare.huarahi.health.govt.nz,2773"
			},
			"TargetADLS": {
				"type": "string",
				"defaultValue": "https://devcdpadlsae1.dfs.core.windows.net"
			},
			"PLSSecretName": {
				"type": "string",
				"defaultValue": "adlscdpaccountkey"
			},
			"BatchType": {
				"type": "string"
			},
			"EtlControlID": {
				"type": "string",
				"defaultValue": "0"
			},
			"TrakCareSource": {
				"type": "string",
				"defaultValue": "Functional"
			},
			"MainBatch": {
				"type": "string",
				"defaultValue": "EDW"
			}
		},
		"folder": {
			"name": "Load RDS/TrakCare"
		},
		"annotations": []
	}
}