{
	"name": "PL_Trendcare_CRDS_Load",
	"properties": {
		"activities": [
			{
				"name": "Get Metadata",
				"description": "Get Metadata from ADM_CONFIG.etl.Control table to lift data from Helios to Azure",
				"type": "Lookup",
				"dependsOn": [],
				"policy": {
					"timeout": "0.00:10:00",
					"retry": 0,
					"retryIntervalInSeconds": 30,
					"secureOutput": false,
					"secureInput": false
				},
				"userProperties": [],
				"typeProperties": {
					"source": {
						"type": "AzureSqlSource",
						"sqlReaderQuery": {
							"value": "SELECT *\nFROM etl.Control\nWHERE IsActive = 1\nAND SourceSystem = 'Trendcare'\nAND SourceSystemType = 'MSSQL'\nAND TargetSystemType = 'AZSQL'\n\n",
							"type": "Expression"
						},
						"queryTimeout": {
							"value": "10\n",
							"type": "Expression"
						},
						"partitionOption": "None"
					},
					"dataset": {
						"referenceName": "DS_AZSQL_TGT_Generic_Query",
						"type": "DatasetReference",
						"parameters": {
							"DatabaseName": {
								"value": "@pipeline().parameters.ConfigDatabaseName",
								"type": "Expression"
							},
							"KVConStrSecretName": {
								"value": "@pipeline().parameters.TargetDatabaseKVSecret",
								"type": "Expression"
							}
						}
					},
					"firstRowOnly": false
				}
			},
			{
				"name": "ForEach Row",
				"description": "",
				"type": "ForEach",
				"dependsOn": [
					{
						"activity": "Get Metadata",
						"dependencyConditions": [
							"Succeeded"
						]
					}
				],
				"userProperties": [],
				"typeProperties": {
					"items": {
						"value": "@activity('Get Metadata').output.value",
						"type": "Expression"
					},
					"batchCount": 10,
					"activities": [
						{
							"name": "Copy data from OnPrem to Azure",
							"description": "Copy tables from OnPrem to Azure",
							"type": "Copy",
							"dependsOn": [],
							"policy": {
								"timeout": "0.00:10:00",
								"retry": 0,
								"retryIntervalInSeconds": 30,
								"secureOutput": false,
								"secureInput": false
							},
							"userProperties": [
								{
									"name": "CopyDataToStageTable",
									"value": "@item().TargetTableName"
								}
							],
							"typeProperties": {
								"source": {
									"type": "SqlServerSource",
									"sqlReaderQuery": {
										"value": "@concat(\n' select * FROM ' \n, item().SourceTableSchemaName,'.',item().SourceTableName\n, replace(item().SourceQueryWhereClause,'{WaterMarkValue}',\nitem().WaterMarkValue\n)\n)",
										"type": "Expression"
									},
									"queryTimeout": "00:10:00",
									"partitionOption": "None"
								},
								"sink": {
									"type": "AzureSqlSink",
									"writeBatchTimeout": "00:10:00",
									"preCopyScript": {
										"value": "@{concat('truncate table trendcarestg.',item().TargetTableName)}",
										"type": "Expression"
									},
									"maxConcurrentConnections": 5,
									"writeBehavior": "insert",
									"sqlWriterUseTableLock": false,
									"disableMetricsCollection": false
								},
								"enableStaging": false,
								"parallelCopies": 2,
								"dataIntegrationUnits": 2
							},
							"inputs": [
								{
									"referenceName": "DS_MSSQL_OnPrem_Generic",
									"type": "DatasetReference",
									"parameters": {
										"SchemaName": {
											"value": "@{item().SourceTableSchemaName}",
											"type": "Expression"
										},
										"TableName": {
											"value": "@{item().SourceTableName}",
											"type": "Expression"
										},
										"DatabaseName": {
											"value": "@pipeline().parameters.OnPremDatabaseName",
											"type": "Expression"
										},
										"ServerName": {
											"value": "@pipeline().parameters.OnPremServerName",
											"type": "Expression"
										}
									}
								}
							],
							"outputs": [
								{
									"referenceName": "DS_AZSQL_TGT_Generic",
									"type": "DatasetReference",
									"parameters": {
										"SchemaName": {
											"value": "trendcarestg",
											"type": "Expression"
										},
										"TableName": {
											"value": "@item().TargetTableName",
											"type": "Expression"
										},
										"KVConStrSecretName": {
											"value": "@pipeline().parameters.TargetDatabaseKVSecret",
											"type": "Expression"
										},
										"DatabaseName": {
											"value": "@pipeline().parameters.TargetDatabaseName",
											"type": "Expression"
										}
									}
								}
							]
						},
						{
							"name": "Run the delta store proc",
							"description": "Run the delta store proc",
							"type": "SqlServerStoredProcedure",
							"dependsOn": [
								{
									"activity": "Copy data from OnPrem to Azure",
									"dependencyConditions": [
										"Succeeded"
									]
								}
							],
							"policy": {
								"timeout": "0.00:10:00",
								"retry": 0,
								"retryIntervalInSeconds": 30,
								"secureOutput": false,
								"secureInput": false
							},
							"userProperties": [
								{
									"name": "SoredPrecedureName",
									"value": "@item().StoredProcName"
								}
							],
							"typeProperties": {
								"storedProcedureName": {
									"value": "@item().StoredProcName",
									"type": "Expression"
								}
							},
							"linkedServiceName": {
								"referenceName": "LS_AZSQL_CDP",
								"type": "LinkedServiceReference",
								"parameters": {
									"KVConStrSecretName": {
										"value": "@pipeline().parameters.TargetDatabaseKVSecret",
										"type": "Expression"
									},
									"DatabaseName": {
										"value": "@pipeline().parameters.TargetDatabaseName",
										"type": "Expression"
									}
								}
							}
						},
						{
							"name": "Update WaterMarkValue",
							"description": "Update WaterMarkValue",
							"type": "Script",
							"dependsOn": [
								{
									"activity": "Get the value for the WaterMarkValue",
									"dependencyConditions": [
										"Succeeded"
									]
								}
							],
							"policy": {
								"timeout": "0.00:10:00",
								"retry": 0,
								"retryIntervalInSeconds": 30,
								"secureOutput": false,
								"secureInput": false
							},
							"userProperties": [],
							"linkedServiceName": {
								"referenceName": "LS_AZSQL_CDP",
								"type": "LinkedServiceReference",
								"parameters": {
									"KVConStrSecretName": {
										"value": "@pipeline().parameters.TargetDatabaseKVSecret",
										"type": "Expression"
									},
									"DatabaseName": {
										"value": "@pipeline().parameters.ConfigDatabaseName",
										"type": "Expression"
									}
								}
							},
							"typeProperties": {
								"scripts": [
									{
										"type": "Query",
										"text": {
											"value": "UPDATE etl.Control\nSET WaterMarkValue =\nsubstring(replace('@{activity('Get the value for the WaterMarkValue').output.firstRow.WaterMarkValue}','T',' '),0,20)\nWHERE IsActive = 1\nand ETLControlID = '@{item().ETLControlID}'\n",
											"type": "Expression"
										}
									}
								]
							}
						},
						{
							"name": "Get the value for the WaterMarkValue",
							"type": "Lookup",
							"dependsOn": [
								{
									"activity": "Run the delta store proc",
									"dependencyConditions": [
										"Succeeded"
									]
								}
							],
							"policy": {
								"timeout": "0.00:10:00",
								"retry": 0,
								"retryIntervalInSeconds": 30,
								"secureOutput": false,
								"secureInput": false
							},
							"userProperties": [],
							"typeProperties": {
								"source": {
									"type": "AzureSqlSource",
									"sqlReaderQuery": {
										"value": "@replace(item().WaterMarkQuery\n,'{TargetTableSchemaName}.{TargetTableName}'\n, concat(item().TargetTableSchemaName,'.', item().TargetTableName)\n)",
										"type": "Expression"
									},
									"queryTimeout": "00:10:00",
									"partitionOption": "None"
								},
								"dataset": {
									"referenceName": "DS_AZSQL_TGT_Generic_Query",
									"type": "DatasetReference",
									"parameters": {
										"DatabaseName": {
											"value": "@pipeline().parameters.TargetDatabaseName",
											"type": "Expression"
										},
										"KVConStrSecretName": {
											"value": "@pipeline().parameters.TargetDatabaseKVSecret",
											"type": "Expression"
										}
									}
								},
								"firstRowOnly": true
							}
						}
					]
				}
			},
			{
				"name": "Create a trigger file for PBI Refresh",
				"type": "ExecutePipeline",
				"dependsOn": [
					{
						"activity": "ForEach Row",
						"dependencyConditions": [
							"Succeeded"
						]
					}
				],
				"userProperties": [],
				"typeProperties": {
					"pipeline": {
						"referenceName": "PL_Trigger_Generic",
						"type": "PipelineReference"
					},
					"waitOnCompletion": true,
					"parameters": {
						"PContainerName": {
							"value": "gold",
							"type": "Expression"
						},
						"PSourceFolderPath": {
							"value": "Triggers/",
							"type": "Expression"
						},
						"PSourceFileName": {
							"value": "Template.json",
							"type": "Expression"
						},
						"PTargetFolderPath": {
							"value": "@concat('Triggers/PowerBI/ADHB - D&A Promoted Reports & Datasets/',\nformatDateTime(convertTimeZone(utcnow(),'UTC','New Zealand Standard Time'),'yyyy'),'/',\nformatDateTime(convertTimeZone(utcnow(),'UTC','New Zealand Standard Time'),'MM'),'/',\nformatDateTime(convertTimeZone(utcnow(),'UTC','New Zealand Standard Time'),'dd')\n)\n\n",
							"type": "Expression"
						},
						"PTargetFileName": {
							"value": "@concat(pipeline().Pipeline,'_',\nformatDateTime(\nconvertTimeZone(utcnow(),'UTC','New Zealand Standard Time'),\n'yyyyMMddHHmmss'),\n'.json')\n\n",
							"type": "Expression"
						},
						"PStorageAccount": {
							"value": "@pipeline().globalParameters.GPCDPADLSUrl",
							"type": "Expression"
						},
						"PStorageAccountSecret": {
							"value": "@pipeline().parameters.PStorageAccountSecret",
							"type": "Expression"
						}
					}
				}
			}
		],
		"parameters": {
			"ConfigDatabaseName": {
				"type": "string",
				"defaultValue": "ADM_CONFIG"
			},
			"OnPremDatabaseName": {
				"type": "string",
				"defaultValue": "DA_CRDS"
			},
			"OnPremServerName": {
				"type": "string",
				"defaultValue": "VHAL0CSS021AG01.healthcare.huarahi.health.govt.nz,2773"
			},
			"TargetDatabaseName": {
				"type": "string",
				"defaultValue": "DA_CRDS"
			},
			"TargetDatabaseKVSecret": {
				"type": "string",
				"defaultValue": "az-sql-mi-admin-password"
			},
			"PStorageAccountSecret": {
				"type": "string",
				"defaultValue": "adlscdpaccountkey"
			}
		},
		"folder": {
			"name": "Load RDS/Trendcare"
		},
		"annotations": [],
		"lastPublishTime": "2022-10-06T04:07:01Z"
	},
	"type": "Microsoft.DataFactory/factories/pipelines"
}