{
	"name": "PL_Trendcare_OnPrem_ETL",
	"properties": {
		"activities": [
			{
				"name": "Get Ternd Care Stored Procs to Execute",
				"description": "Get Stored Procs to Execute from the ADM_CONFIG.etl.Control table",
				"type": "Lookup",
				"dependsOn": [],
				"policy": {
					"timeout": "0.00:10:00",
					"retry": 0,
					"retryIntervalInSeconds": 30,
					"secureOutput": false,
					"secureInput": false
				},
				"userProperties": [],
				"typeProperties": {
					"source": {
						"type": "AzureSqlSource",
						"sqlReaderStoredProcedureName": "[etl].[GetTrendCareETLToRun]",
						"storedProcedureParameters": {
							"SourceSystem": {
								"type": "String",
								"value": {
									"value": "@pipeline().parameters.SourceSystem",
									"type": "Expression"
								}
							}
						},
						"queryTimeout": "00:10:00",
						"partitionOption": "None"
					},
					"dataset": {
						"referenceName": "DS_AZSQL_Generic_Query",
						"type": "DatasetReference",
						"parameters": {
							"DatabaseName": {
								"value": "@pipeline().parameters.ConfigDatabaseName",
								"type": "Expression"
							},
							"KVConStrSecretName": {
								"value": "@pipeline().parameters.PKVSecretName",
								"type": "Expression"
							},
							"ServerName": {
								"value": "@pipeline().globalParameters.GPManagedAZSQLServerName",
								"type": "Expression"
							}
						}
					},
					"firstRowOnly": false
				}
			},
			{
				"name": "Parallel Exec Stored Procs",
				"type": "ForEach",
				"dependsOn": [
					{
						"activity": "Get Ternd Care Stored Procs to Execute",
						"dependencyConditions": [
							"Succeeded"
						]
					}
				],
				"userProperties": [],
				"typeProperties": {
					"items": {
						"value": "@activity('Get Ternd Care Stored Procs to Execute').output.value",
						"type": "Expression"
					},
					"batchCount": 10,
					"activities": [
						{
							"name": "Execute Stored Procs",
							"description": "Execute the Stored Procs on Prem",
							"type": "SqlServerStoredProcedure",
							"dependsOn": [],
							"policy": {
								"timeout": "0.00:10:00",
								"retry": 0,
								"retryIntervalInSeconds": 30,
								"secureOutput": false,
								"secureInput": false
							},
							"userProperties": [
								{
									"name": "StoredProcName",
									"value": "@{item().StoredProcName}"
								}
							],
							"typeProperties": {
								"storedProcedureName": {
									"value": "@{item().StoredProcName}",
									"type": "Expression"
								}
							},
							"linkedServiceName": {
								"referenceName": "LS_MSSQL_OnPrem",
								"type": "LinkedServiceReference",
								"parameters": {
									"ServerName": {
										"value": "@pipeline().parameters.OnPremServerName",
										"type": "Expression"
									},
									"DatabaseName": {
										"value": "@pipeline().parameters.OnPremDatabaseName",
										"type": "Expression"
									}
								}
							}
						}
					]
				}
			},
			{
				"name": "Create a Trigger File",
				"type": "ExecutePipeline",
				"dependsOn": [
					{
						"activity": "Parallel Exec Stored Procs",
						"dependencyConditions": [
							"Succeeded"
						]
					}
				],
				"userProperties": [],
				"typeProperties": {
					"pipeline": {
						"referenceName": "PL_Trigger_Generic",
						"type": "PipelineReference"
					},
					"waitOnCompletion": true,
					"parameters": {
						"PContainerName": {
							"value": "bronze",
							"type": "Expression"
						},
						"PSourceFolderPath": {
							"value": "Trigger/",
							"type": "Expression"
						},
						"PSourceFileName": {
							"value": "Template.json",
							"type": "Expression"
						},
						"PTargetFolderPath": {
							"value": "@concat('Trendcare/Trigger/Load_RDS/',\nformatDateTime(convertTimeZone(utcnow(),'UTC','New Zealand Standard Time'),'yyyy'),'/',\nformatDateTime(convertTimeZone(utcnow(),'UTC','New Zealand Standard Time'),'MM'),'/',\nformatDateTime(convertTimeZone(utcnow(),'UTC','New Zealand Standard Time'),'dd')\n)",
							"type": "Expression"
						},
						"PTargetFileName": {
							"value": "@concat(pipeline().Pipeline,'_',\nformatDateTime(\nconvertTimeZone(utcnow(),'UTC','New Zealand Standard Time'),\n'yyyyMMddHHmmss'),'.json')",
							"type": "Expression"
						},
						"PStorageAccount": {
							"value": "@pipeline().globalParameters.GPCDPADLSUrl",
							"type": "Expression"
						},
						"PStorageAccountSecret": {
							"value": "@pipeline().parameters.PStorageAccountSecret",
							"type": "Expression"
						}
					}
				}
			}
		],
		"parameters": {
			"OnPremDatabaseName": {
				"type": "string",
				"defaultValue": "DA_CRDS"
			},
			"OnPremServerName": {
				"type": "string",
				"defaultValue": "VHAL0CSS021AG01.healthcare.huarahi.health.govt.nz,2773"
			},
			"ConfigDatabaseName": {
				"type": "string",
				"defaultValue": "ADM_CONFIG"
			},
			"SourceSystem": {
				"type": "string",
				"defaultValue": "Trendcare"
			},
			"PStorageAccountSecret": {
				"type": "string",
				"defaultValue": "adlscdpaccountkey"
			},
			"PStorageAccount": {
				"type": "string",
				"defaultValue": "https://devcdpadlsae1.dfs.core.windows.net"
			},
			"PKVSecretName": {
				"type": "string",
				"defaultValue": "az-sql-mi-admin-password"
			}
		},
		"folder": {
			"name": "Load RDS/Trendcare"
		},
		"annotations": [],
		"lastPublishTime": "2022-10-06T00:27:38Z"
	},
	"type": "Microsoft.DataFactory/factories/pipelines"
}