{
	"name": "PL_Teams_Notifications",
	"properties": {
		"activities": [
			{
				"name": "Set JSON Schema",
				"type": "SetVariable",
				"dependsOn": [
					{
						"activity": "getHPD_ProcessStatus",
						"dependencyConditions": [
							"Succeeded"
						]
					}
				],
				"policy": {
					"secureOutput": false,
					"secureInput": false
				},
				"userProperties": [],
				"typeProperties": {
					"variableName": "messageCard",
					"value": {
						"value": "@activity('getHPD_ProcessStatus').output.firstRow.json_text",
						"type": "Expression"
					}
				}
			},
			{
				"name": "Web1",
				"type": "WebActivity",
				"dependsOn": [
					{
						"activity": "Set JSON Schema",
						"dependencyConditions": [
							"Succeeded"
						]
					}
				],
				"policy": {
					"timeout": "0.12:00:00",
					"retry": 0,
					"retryIntervalInSeconds": 30,
					"secureOutput": false,
					"secureInput": false
				},
				"userProperties": [],
				"typeProperties": {
					"url": {
						"value": "@pipeline().parameters.pTeamsWebURL",
						"type": "Expression"
					},
					"method": "POST",
					"headers": {
						"Content-Type": "application/json"
					},
					"body": {
						"value": "@json(variables('messageCard'))",
						"type": "Expression"
					}
				}
			},
			{
				"name": "getHPD_ProcessStatus",
				"description": "Connects to a Stored Proc on AZ SQL MI database to fetch HPD Processing Status",
				"type": "Lookup",
				"dependsOn": [],
				"policy": {
					"timeout": "0.12:00:00",
					"retry": 0,
					"retryIntervalInSeconds": 30,
					"secureOutput": false,
					"secureInput": false
				},
				"userProperties": [],
				"typeProperties": {
					"source": {
						"type": "AzureSqlSource",
						"sqlReaderStoredProcedureName": "[etl].[GetHPDProcessStatus]",
						"storedProcedureParameters": {
							"SourceSystem": {
								"type": "String",
								"value": "HPD"
							}
						},
						"queryTimeout": "02:00:00",
						"partitionOption": "None"
					},
					"dataset": {
						"referenceName": "DS_AZSQL_Generic_Query",
						"type": "DatasetReference",
						"parameters": {
							"DatabaseName": "ADM_CONFIG",
							"KVConStrSecretName": "az-sql-mi-admin-password",
							"ServerName": {
								"value": "@pipeline().globalParameters.GPManagedAZSQLServerName",
								"type": "Expression"
							}
						}
					},
					"firstRowOnly": true
				}
			}
		],
		"parameters": {
			"pTeamsWebURL": {
				"type": "string",
				"defaultValue": "https://northernregion.webhook.office.com/webhookb2/18ab8006-edbf-4c3a-b374-565e858c4f2c@494a2d87-24b5-42d8-8a3d-77448be1d46f/IncomingWebhook/dee379e37472415597afe4c222a6720b/0b1a6ecf-10f8-4599-8e86-1f9e3d6e1e4f"
			}
		},
		"variables": {
			"messageCard": {
				"type": "String"
			}
		},
		"folder": {
			"name": "Load DL/HPD"
		},
		"annotations": []
	}
}