{
	"name": "PL_TRAK_LoadFromHelios",
	"properties": {
		"description": "PL_TRAK_ArrivalMode",
		"activities": [
			{
				"name": "Get List of Tables to Load",
				"type": "Lookup",
				"dependsOn": [],
				"policy": {
					"timeout": "0.00:10:00",
					"retry": 0,
					"retryIntervalInSeconds": 30,
					"secureOutput": false,
					"secureInput": false
				},
				"userProperties": [],
				"typeProperties": {
					"source": {
						"type": "AzureSqlSource",
						"sqlReaderQuery": "SELECT *\r\nFROM etl.Control\r\nWHERE SourceSystem = 'TrakCare'\r\nand SourceSystemType = 'MSSQL'\r\nand TargetSystemType = 'ADLS'\r\nand IsActive = 1",
						"queryTimeout": "02:00:00",
						"partitionOption": "None"
					},
					"dataset": {
						"referenceName": "DS_AZSQL_TGT_Generic_Query",
						"type": "DatasetReference",
						"parameters": {
							"DatabaseName": {
								"value": "@pipeline().parameters.ConfigDatabase",
								"type": "Expression"
							},
							"KVConStrSecretName": {
								"value": "@pipeline().parameters.KVConStrSecretName",
								"type": "Expression"
							}
						}
					},
					"firstRowOnly": false
				}
			},
			{
				"name": "For Each Table",
				"type": "ForEach",
				"dependsOn": [
					{
						"activity": "Get List of Tables to Load",
						"dependencyConditions": [
							"Succeeded"
						]
					}
				],
				"userProperties": [],
				"typeProperties": {
					"items": {
						"value": "@activity('Get List of Tables to Load').output.value",
						"type": "Expression"
					},
					"batchCount": 4,
					"activities": [
						{
							"name": "Save the table in ADLS as Parquet file",
							"type": "Copy",
							"dependsOn": [],
							"policy": {
								"timeout": "0.00:10:00",
								"retry": 0,
								"retryIntervalInSeconds": 30,
								"secureOutput": false,
								"secureInput": false
							},
							"userProperties": [],
							"typeProperties": {
								"source": {
									"type": "SqlServerSource",
									"queryTimeout": "00:10:00",
									"partitionOption": "None"
								},
								"sink": {
									"type": "ParquetSink",
									"storeSettings": {
										"type": "AzureBlobFSWriteSettings",
										"blockSizeInMB": 4
									},
									"formatSettings": {
										"type": "ParquetWriteSettings"
									}
								},
								"enableStaging": false,
								"parallelCopies": 3,
								"dataIntegrationUnits": 4,
								"translator": {
									"type": "TabularTranslator",
									"typeConversion": true,
									"typeConversionSettings": {
										"allowDataTruncation": true,
										"treatBooleanAsNumber": false
									}
								}
							},
							"inputs": [
								{
									"referenceName": "DS_MSSQL_OnPrem_Generic",
									"type": "DatasetReference",
									"parameters": {
										"SchemaName": {
											"value": "@item().SourceTableSchemaName",
											"type": "Expression"
										},
										"TableName": {
											"value": "@item().SourceTableName",
											"type": "Expression"
										},
										"DatabaseName": {
											"value": "@pipeline().parameters.SourceDatabaseName",
											"type": "Expression"
										},
										"ServerName": {
											"value": "@pipeline().parameters.ServerName",
											"type": "Expression"
										},
										"SecretName": {
											"value": "@pipeline().globalParameters.GPHeliosSVCAccountSecret",
											"type": "Expression"
										}
									}
								}
							],
							"outputs": [
								{
									"referenceName": "DS_ADLS_Parquet",
									"type": "DatasetReference",
									"parameters": {
										"FolderName": {
											"value": "@concat('Trakcare', '/', item().TargetTableName)",
											"type": "Expression"
										},
										"FileName": {
											"value": "@concat(item().TargetTableName,'.parquet')",
											"type": "Expression"
										},
										"StorageAccountURL": {
											"value": "@pipeline().parameters.TargetADLS",
											"type": "Expression"
										},
										"ContainerName": "bronze",
										"PSecretName": {
											"value": "@pipeline().parameters.ADLSSecretName",
											"type": "Expression"
										}
									}
								}
							]
						}
					]
				}
			}
		],
		"parameters": {
			"SourceServerName": {
				"type": "string",
				"defaultValue": "VHAL0CSS021AG01.healthcare.huarahi.health.govt.nz,2773"
			},
			"SourceDatabaseName": {
				"type": "string",
				"defaultValue": "SCRATCH_DM"
			},
			"TargetADLS": {
				"type": "string",
				"defaultValue": "https://devcdpadlsae1.dfs.core.windows.net"
			},
			"ADLSSecretName": {
				"type": "string",
				"defaultValue": "adlscdpaccountkey"
			},
			"ConfigDatabase": {
				"type": "string",
				"defaultValue": "ADM_CONFIG"
			},
			"KVConStrSecretName": {
				"type": "string",
				"defaultValue": "az-sql-mi-admin-password"
			},
			"ServerName": {
				"type": "string",
				"defaultValue": "VHAL0CSS021AG01.healthcare.huarahi.health.govt.nz,2773"
			}
		},
		"folder": {
			"name": "TRAK"
		},
		"annotations": []
	}
}