{
	"name": "PL_TrakCare_RDS_to_Helios_batchid",
	"properties": {
		"activities": [
			{
				"name": "get list of tables to process",
				"type": "Lookup",
				"dependsOn": [],
				"policy": {
					"timeout": "0.00:10:00",
					"retry": 0,
					"retryIntervalInSeconds": 30,
					"secureOutput": false,
					"secureInput": false
				},
				"userProperties": [],
				"typeProperties": {
					"source": {
						"type": "AzureSqlSource",
						"sqlReaderQuery": {
							"value": "@concat(\n'SELECT *\nFROM etl.Control_TRAK\nWHERE SourceSystem = ''trakcare''\nAND SourceSystemType = ''ADLS'' \nand TargetSystemType = ''Titan''\nAND IsActive = 1\nand ETLControlid in (',\npipeline().parameters.ListOfETLControlIDs\n, ')'\n)",
							"type": "Expression"
						},
						"queryTimeout": "02:00:00",
						"partitionOption": "None"
					},
					"dataset": {
						"referenceName": "DS_AZSQL_TGT_Generic_Query",
						"type": "DatasetReference",
						"parameters": {
							"DatabaseName": "ADM_CONFIG",
							"KVConStrSecretName": "az-sql-mi-admin-password"
						}
					},
					"firstRowOnly": false
				}
			},
			{
				"name": "For each table",
				"description": "update the table",
				"type": "ForEach",
				"dependsOn": [
					{
						"activity": "get list of tables to process",
						"dependencyConditions": [
							"Succeeded"
						]
					}
				],
				"userProperties": [],
				"typeProperties": {
					"items": {
						"value": "@activity('get list of tables to process').output.value",
						"type": "Expression"
					},
					"activities": [
						{
							"name": "run notebooks to refresh the stage table",
							"type": "DatabricksNotebook",
							"dependsOn": [],
							"policy": {
								"timeout": "0.12:00:00",
								"retry": 0,
								"retryIntervalInSeconds": 30,
								"secureOutput": false,
								"secureInput": false
							},
							"userProperties": [
								{
									"name": "ETLCOntrolID",
									"value": "@item().ETLControlID"
								}
							],
							"typeProperties": {
								"notebookPath": {
									"value": "@item().DatabricksNotebook",
									"type": "Expression"
								},
								"baseParameters": {
									"p_etlcontrolid": {
										"value": "@string(item().ETLControlid)",
										"type": "Expression"
									},
									"p_batchid": {
										"value": "@string(pipeline().parameters.BatchId)",
										"type": "Expression"
									}
								}
							},
							"linkedServiceName": {
								"referenceName": "LS_Databricks",
								"type": "LinkedServiceReference",
								"parameters": {
									"DataBricksWorkSpaceURL": {
										"value": "@pipeline().globalParameters.GPDataBricksWorkSpaceURL",
										"type": "Expression"
									},
									"WorkspaceResourceID": {
										"value": "@pipeline().globalParameters.GPWorkspaceResourceID",
										"type": "Expression"
									},
									"ClusterID": {
										"value": "@pipeline().globalParameters.GPDatabricksClusterID",
										"type": "Expression"
									}
								}
							}
						},
						{
							"name": "Export data in parquet file",
							"type": "Copy",
							"dependsOn": [
								{
									"activity": "run notebooks to refresh the stage table",
									"dependencyConditions": [
										"Succeeded"
									]
								}
							],
							"policy": {
								"timeout": "0.12:00:00",
								"retry": 0,
								"retryIntervalInSeconds": 30,
								"secureOutput": false,
								"secureInput": false
							},
							"userProperties": [
								{
									"name": "ETLControlID",
									"value": "@item().ETLControlID"
								}
							],
							"typeProperties": {
								"source": {
									"type": "ParquetSource",
									"storeSettings": {
										"type": "AzureBlobFSReadSettings",
										"recursive": true,
										"wildcardFolderPath": {
											"value": "@concat(item().TargetEntityPath, item().TargetTableName)",
											"type": "Expression"
										},
										"wildcardFileName": "*.parquet",
										"enablePartitionDiscovery": false
									},
									"formatSettings": {
										"type": "ParquetReadSettings"
									}
								},
								"sink": {
									"type": "SqlServerSink",
									"preCopyScript": {
										"value": "@{concat('IF (SELECT 1 \nFROM ',\npipeline().parameters.LandingDatabase,\n '.information_Schema.tables\nWHERE TABLE_TYPE = ''BASE TABLE''\nand TABLE_SCHEMA = ''', item().TargetTableSchemaName,'''\nAND TABLE_NAME = ''', item().TargetTableName\n,''') = 1\n\tDROP TABLE ',\n    pipeline().parameters.LandingDatabase,\n    '.',\n    item().TargetTableSchemaName,\n    '.',\n    item().TargetTableName\n)}",
										"type": "Expression"
									},
									"writeBehavior": "insert",
									"sqlWriterUseTableLock": false,
									"tableOption": "autoCreate"
								},
								"enableStaging": false,
								"translator": {
									"type": "TabularTranslator",
									"typeConversion": true,
									"typeConversionSettings": {
										"allowDataTruncation": true,
										"treatBooleanAsNumber": false
									}
								}
							},
							"inputs": [
								{
									"referenceName": "DS_ADLS_Parquet",
									"type": "DatasetReference",
									"parameters": {
										"FolderName": {
											"value": "@item().TargetEntityPath",
											"type": "Expression"
										},
										"FileName": "*.parquet",
										"StorageAccountURL": "https://devcdpadlsae1.dfs.core.windows.net",
										"ContainerName": "silver",
										"PSecretName": "adlscdpaccountkey"
									}
								}
							],
							"outputs": [
								{
									"referenceName": "DS_MSSQL_OnPrem_Generic",
									"type": "DatasetReference",
									"parameters": {
										"SchemaName": {
											"value": "@item().TargetTableSchemaName",
											"type": "Expression"
										},
										"TableName": {
											"value": "@item().TargetTableName",
											"type": "Expression"
										},
										"DatabaseName": {
											"value": "@pipeline().parameters.LandingDatabase",
											"type": "Expression"
										},
										"ServerName": {
											"value": "@pipeline().parameters.LandingServerName",
											"type": "Expression"
										},
										"SecretName": {
											"value": "@pipeline().globalParameters.GPHeliosSVCAccountSecret",
											"type": "Expression"
										}
									}
								}
							]
						}
					]
				}
			}
		],
		"parameters": {
			"LandingServerName": {
				"type": "string",
				"defaultValue": "VHAL0CSS021AG01.healthcare.huarahi.health.govt.nz,2773"
			},
			"LandingDatabase": {
				"type": "string",
				"defaultValue": "EDW"
			},
			"Token": {
				"type": "string",
				"defaultValue": "gery"
			},
			"ListOfETLControlIDs": {
				"type": "string"
			},
			"BatchId": {
				"type": "string",
				"defaultValue": "33"
			}
		},
		"folder": {
			"name": "TRAK"
		},
		"annotations": []
	}
}