{
	"name": "PL_TC_dimension_notebooks_sub",
	"properties": {
		"description": "Processing of Trakcare dimensions",
		"activities": [
			{
				"name": "Run Databricks notebook",
				"type": "DatabricksNotebook",
				"dependsOn": [],
				"policy": {
					"timeout": "00.00:05:00",
					"retry": 1,
					"retryIntervalInSeconds": 30,
					"secureOutput": false,
					"secureInput": false
				},
				"userProperties": [
					{
						"name": "Table",
						"value": "@{pipeline().parameters.TargetTableName}"
					}
				],
				"typeProperties": {
					"notebookPath": {
						"value": "@pipeline().parameters.DatabricksNotebook",
						"type": "Expression"
					},
					"baseParameters": {
						"p_etlcontrolid": {
							"value": "@pipeline().parameters.ETLControlId",
							"type": "Expression"
						},
						"p_batchid": {
							"value": "@pipeline().parameters.BatchID",
							"type": "Expression"
						}
					}
				},
				"linkedServiceName": {
					"referenceName": "LS_Databricks",
					"type": "LinkedServiceReference",
					"parameters": {
						"DataBricksWorkSpaceURL": "https://adb-1296242858425512.12.azuredatabricks.net",
						"WorkspaceResourceID": "/subscriptions/785050c2-fb61-4fd3-86fb-6783764452dc/resourceGroups/dev-cdp-rg-ae-1/providers/Microsoft.Databricks/workspaces/dev-cdp-cluster-adb-ae-1",
						"ClusterID": "1215-203917-w1y8htzi"
					}
				}
			},
			{
				"name": "Copy data to Helios table",
				"description": "Copy from parquet to Helios table",
				"type": "Copy",
				"dependsOn": [
					{
						"activity": "Run Databricks notebook",
						"dependencyConditions": [
							"Succeeded"
						]
					}
				],
				"policy": {
					"timeout": "00.00:05:00",
					"retry": 1,
					"retryIntervalInSeconds": 30,
					"secureOutput": false,
					"secureInput": false
				},
				"userProperties": [
					{
						"name": "Destination",
						"value": "@{pipeline().parameters.TargetTableName}"
					}
				],
				"typeProperties": {
					"source": {
						"type": "ParquetSource",
						"storeSettings": {
							"type": "AzureBlobFSReadSettings",
							"recursive": true,
							"wildcardFolderPath": {
								"value": "@concat(pipeline().parameters.TargetEntityPath,\npipeline().parameters.TargetTableName\n)",
								"type": "Expression"
							},
							"wildcardFileName": "*.parquet",
							"enablePartitionDiscovery": false
						},
						"formatSettings": {
							"type": "ParquetReadSettings"
						}
					},
					"sink": {
						"type": "SqlServerSink",
						"preCopyScript": {
							"value": "@{concat('IF OBJECT_ID(''',\npipeline().parameters.TargetSchemaName,\n'.',\npipeline().parameters.TargetTableName,\n''',''U'') IS NOT NULL TRUNCATE TABLE ',\npipeline().parameters.TargetDatabase,\n'.',\npipeline().parameters.TargetSchemaName,\n'.',\npipeline().parameters.TargetTableName\n)}",
							"type": "Expression"
						},
						"writeBehavior": "insert",
						"sqlWriterUseTableLock": false,
						"tableOption": "autoCreate"
					},
					"enableStaging": false,
					"translator": {
						"type": "TabularTranslator",
						"typeConversion": true,
						"typeConversionSettings": {
							"allowDataTruncation": true,
							"treatBooleanAsNumber": false
						}
					}
				},
				"inputs": [
					{
						"referenceName": "DS_ADLS_Parquet",
						"type": "DatasetReference",
						"parameters": {
							"FolderName": {
								"value": "@concat(pipeline().parameters.TargetEntityPath,\npipeline().parameters.TargetTableName)",
								"type": "Expression"
							},
							"FileName": "*.parquet",
							"StorageAccountURL": "https://devcdpadlsae1.dfs.core.windows.net",
							"ContainerName": "silver",
							"PSecretName": "adlscdpaccountkey"
						}
					}
				],
				"outputs": [
					{
						"referenceName": "DS_MSSQL_OnPrem_Generic",
						"type": "DatasetReference",
						"parameters": {
							"SchemaName": {
								"value": "@pipeline().parameters.TargetSchemaName",
								"type": "Expression"
							},
							"TableName": {
								"value": "@pipeline().parameters.TargetTableName",
								"type": "Expression"
							},
							"DatabaseName": {
								"value": "@pipeline().parameters.TargetDatabase",
								"type": "Expression"
							},
							"ServerName": {
								"value": "@pipeline().parameters.TargetServerName",
								"type": "Expression"
							}
						}
					}
				]
			}
		],
		"parameters": {
			"ETLControlId": {
				"type": "string"
			},
			"DatabricksNotebook": {
				"type": "string"
			},
			"TargetTableName": {
				"type": "string"
			},
			"TargetServerName": {
				"type": "string",
				"defaultValue": "VHAL0CSS021AG01.healthcare.huarahi.health.govt.nz,2773"
			},
			"TargetDatabase": {
				"type": "string",
				"defaultValue": "EDW"
			},
			"TargetSchemaName": {
				"type": "string",
				"defaultValue": "trakcare"
			},
			"TargetEntityPath": {
				"type": "string"
			},
			"BatchID": {
				"type": "string",
				"defaultValue": "0"
			}
		},
		"folder": {
			"name": "TRAK"
		},
		"annotations": []
	}
}