{
	"name": "PL_TrakCare_RDS_to_Onperm_Sequential_Container",
	"properties": {
		"activities": [
			{
				"name": "Set BatchId",
				"type": "SetVariable",
				"dependsOn": [],
				"policy": {
					"secureOutput": false,
					"secureInput": false
				},
				"userProperties": [],
				"typeProperties": {
					"variableName": "Batch",
					"value": {
						"value": "@if(greater(length(string(pipeline().parameters.FileName)),0),split(pipeline().parameters.FileName,'|')[1],'0')",
						"type": "Expression"
					}
				}
			},
			{
				"name": "Get list of sequential batch types to process",
				"description": "To get the list of sequential batch types to process using ETL/Batch control tables",
				"type": "Lookup",
				"dependsOn": [
					{
						"activity": "Set BatchId",
						"dependencyConditions": [
							"Succeeded"
						]
					}
				],
				"policy": {
					"timeout": "0.00:10:00",
					"retry": 0,
					"retryIntervalInSeconds": 30,
					"secureOutput": false,
					"secureInput": false
				},
				"userProperties": [],
				"typeProperties": {
					"source": {
						"type": "AzureSqlSource",
						"sqlReaderQuery": {
							"value": "@concat(\n'SELECT DISTINCT bc.BatchType\nFROM etl.Control_TRAK c\njoin etl.BatchControl bc\non c.ETLControlId = bc.ETLCOntrolID\nand c.IsActive = bc.IsActive\nand bc.ControlTableName = ''Control_TRAK''\nWHERE c.SourceSystem = ''trakcare''\nAND c.SourceSystemType = ''ADLS'' \nand c.TargetSystemType = ''Titan''\nAND c.IsActive = 1\nand (\n    bc.BatchType LIKE ''Load_tc_s_seq%''\n)\nORDER BY bc.BatchType\n'\n)",
							"type": "Expression"
						},
						"queryTimeout": "02:00:00",
						"partitionOption": "None"
					},
					"dataset": {
						"referenceName": "DS_AZSQL_TGT_Generic_Query",
						"type": "DatasetReference",
						"parameters": {
							"DatabaseName": "ADM_CONFIG",
							"KVConStrSecretName": "az-sql-mi-admin-password"
						}
					},
					"firstRowOnly": false
				}
			},
			{
				"name": "For each batch type",
				"description": "Execute ADF pipeline for sequential executions of notebooks. Do not run 5o items in parallel, it upsets Databricks",
				"type": "ForEach",
				"dependsOn": [
					{
						"activity": "Get list of sequential batch types to process",
						"dependencyConditions": [
							"Succeeded"
						]
					}
				],
				"userProperties": [],
				"typeProperties": {
					"items": {
						"value": "@activity('Get list of sequential batch types to process').output.value",
						"type": "Expression"
					},
					"isSequential": false,
					"batchCount": 5,
					"activities": [
						{
							"name": "PL_TrakCare_RDS_to_Onperm_Sequential_Run",
							"type": "ExecutePipeline",
							"dependsOn": [],
							"policy": {
								"secureInput": false
							},
							"userProperties": [],
							"typeProperties": {
								"pipeline": {
									"referenceName": "PL_TrakCare_RDS_to_Onperm_Sequential_Run",
									"type": "PipelineReference"
								},
								"waitOnCompletion": true,
								"parameters": {
									"LandingServerName": {
										"value": "@pipeline().parameters.LandingServerName",
										"type": "Expression"
									},
									"LandingDatabase": {
										"value": "@pipeline().parameters.LandingDatabase",
										"type": "Expression"
									},
									"BatchType": {
										"value": "@item().BatchType",
										"type": "Expression"
									},
									"Batch": {
										"value": "@variables('Batch')",
										"type": "Expression"
									}
								}
							}
						}
					]
				}
			}
		],
		"parameters": {
			"LandingServerName": {
				"type": "string",
				"defaultValue": "VHAL0CSS021AG01.healthcare.huarahi.health.govt.nz,2773"
			},
			"LandingDatabase": {
				"type": "string",
				"defaultValue": "EDW"
			},
			"ListOfETLControlIDs": {
				"type": "string",
				"defaultValue": "0"
			},
			"FileName": {
				"type": "string"
			}
		},
		"variables": {
			"Batch": {
				"type": "String",
				"defaultValue": "0"
			}
		},
		"folder": {
			"name": "Load EDW/Trakcare"
		},
		"annotations": []
	}
}