{
	"name": "PL_TrakCare_RDS_to_silver",
	"properties": {
		"activities": [
			{
				"name": "get metadata",
				"description": "Gets metadata from etl.Control table for the dimensions to move from RDS to silver layer.",
				"type": "Lookup",
				"dependsOn": [],
				"policy": {
					"timeout": "0.00:10:00",
					"retry": 0,
					"retryIntervalInSeconds": 30,
					"secureOutput": false,
					"secureInput": false
				},
				"userProperties": [],
				"typeProperties": {
					"source": {
						"type": "AzureSqlSource",
						"sqlReaderStoredProcedureName": "[etl].[GetMetadata]",
						"storedProcedureParameters": {
							"PipelineGroup": {
								"type": "String",
								"value": {
									"value": "gery",
									"type": "Expression"
								}
							},
							"SourceSystem": {
								"type": "String",
								"value": {
									"value": "TrakCare",
									"type": "Expression"
								}
							},
							"SourceSystemType": {
								"type": "String",
								"value": {
									"value": "RDS",
									"type": "Expression"
								}
							},
							"SourceTableSchemaName": {
								"type": "String",
								"value": {
									"value": "bronze",
									"type": "Expression"
								}
							},
							"TargetSystemType": {
								"type": "String",
								"value": {
									"value": "Titan",
									"type": "Expression"
								}
							}
						},
						"queryTimeout": "00:10:00",
						"partitionOption": "None"
					},
					"dataset": {
						"referenceName": "DS_AZSQL_TGT_Generic_Query",
						"type": "DatasetReference",
						"parameters": {
							"DatabaseName": "ADM_CONFIG",
							"KVConStrSecretName": "az-sql-mi-admin-password"
						}
					},
					"firstRowOnly": false
				}
			},
			{
				"name": "For each table",
				"description": "update the table",
				"type": "ForEach",
				"dependsOn": [
					{
						"activity": "get metadata",
						"dependencyConditions": [
							"Succeeded"
						]
					}
				],
				"userProperties": [],
				"typeProperties": {
					"items": {
						"value": "@activity('get metadata').output.value",
						"type": "Expression"
					},
					"activities": [
						{
							"name": "run  DBR Notebooks",
							"description": "The notebooks update the \"last\" dimensional stage tables with the latest changes.",
							"type": "DatabricksNotebook",
							"dependsOn": [],
							"policy": {
								"timeout": "0.00:10:00",
								"retry": 0,
								"retryIntervalInSeconds": 30,
								"secureOutput": false,
								"secureInput": false
							},
							"userProperties": [
								{
									"name": "p_etlcontrolid",
									"value": "@item().ETLControlID"
								}
							],
							"typeProperties": {
								"notebookPath": {
									"value": "@item().DatabricksNotebook",
									"type": "Expression"
								},
								"baseParameters": {
									"p_etlcontrolid": {
										"value": "@string(item().ETLControlID)",
										"type": "Expression"
									}
								}
							},
							"linkedServiceName": {
								"referenceName": "LS_Databricks",
								"type": "LinkedServiceReference",
								"parameters": {
									"DataBricksWorkSpaceURL": "https://adb-1296242858425512.12.azuredatabricks.net",
									"WorkspaceResourceID": "/subscriptions/785050c2-fb61-4fd3-86fb-6783764452dc/resourceGroups/dev-cdp-rg-ae-1/providers/Microsoft.Databricks/workspaces/dev-cdp-cluster-adb-ae-1",
									"ClusterID": "1215-203917-w1y8htzi"
								}
							}
						}
					]
				}
			}
		],
		"parameters": {
			"PSourceSystem": {
				"type": "string",
				"defaultValue": "TrakCare"
			},
			"PConfigDatabase": {
				"type": "string",
				"defaultValue": "ADM_CONFIG"
			},
			"PSourceTableSchemaName": {
				"type": "string",
				"defaultValue": "bronze"
			},
			"PSourceSystemType": {
				"type": "string",
				"defaultValue": "RDS"
			},
			"PTargetSystemType": {
				"type": "string",
				"defaultValue": "Titan"
			}
		},
		"folder": {
			"name": "TRAK"
		},
		"annotations": []
	}
}