{
	"name": "PL_TC_dimension_notebooks",
	"properties": {
		"description": "Processing of Trakcare dimensions",
		"activities": [
			{
				"name": "Get input list",
				"description": "Get list of notebooks to be processed in Databricks from etl.Control table",
				"type": "Lookup",
				"dependsOn": [],
				"policy": {
					"timeout": "00.00:05:00",
					"retry": 1,
					"retryIntervalInSeconds": 30,
					"secureOutput": false,
					"secureInput": false
				},
				"userProperties": [],
				"typeProperties": {
					"source": {
						"type": "AzureSqlSource",
						"sqlReaderQuery": "SELECT\nCONVERT(varchar,ETLControlId) ETLControlId, DatabricksNotebook, TargetTableName, TargetEntityPath\nFROM etl.Control\nWHERE \nIsActive = 1\nAND DatabricksNotebook IS NOT NULL\nAND SourceSystem = 'TrakCare'\nand SourceTableSchemaName = 'bronze'\nand SourceSystemType = 'ADLS'\nand TargetSystemType = 'Titan'\nand Token='donne'",
						"queryTimeout": "02:00:00",
						"partitionOption": "None"
					},
					"dataset": {
						"referenceName": "DS_AZSQL_TGT_Generic",
						"type": "DatasetReference",
						"parameters": {
							"SchemaName": "etl",
							"TableName": "Control",
							"KVConStrSecretName": "az-sql-mi-admin-password",
							"DatabaseName": "ADM_CONFIG"
						}
					},
					"firstRowOnly": false
				}
			},
			{
				"name": "For each",
				"type": "ForEach",
				"dependsOn": [
					{
						"activity": "Get input list",
						"dependencyConditions": [
							"Succeeded"
						]
					}
				],
				"userProperties": [],
				"typeProperties": {
					"items": {
						"value": "@activity('Get input list').output.value",
						"type": "Expression"
					},
					"isSequential": true,
					"activities": [
						{
							"name": "Execute sub pipeline",
							"type": "ExecutePipeline",
							"dependsOn": [],
							"userProperties": [],
							"typeProperties": {
								"pipeline": {
									"referenceName": "PL_TC_dimension_notebooks_sub",
									"type": "PipelineReference"
								},
								"waitOnCompletion": true,
								"parameters": {
									"ETLControlId": {
										"value": "@item().ETLControlId",
										"type": "Expression"
									},
									"DatabricksNotebook": {
										"value": "@item().DatabricksNotebook",
										"type": "Expression"
									},
									"TargetTableName": {
										"value": "@item().TargetTableName",
										"type": "Expression"
									},
									"TargetEntityPath": {
										"value": "@item().TargetEntityPath",
										"type": "Expression"
									}
								}
							}
						}
					]
				}
			}
		],
		"parameters": {
			"PSourceSystem": {
				"type": "string",
				"defaultValue": "trakcare"
			},
			"PSourceTableSchemaName": {
				"type": "string",
				"defaultValue": "bronze"
			},
			"PSourceSystemType": {
				"type": "string",
				"defaultValue": "ADLS"
			},
			"PTargetSystemType": {
				"type": "string",
				"defaultValue": "Titan"
			}
		},
		"folder": {
			"name": "TRAK"
		},
		"annotations": []
	}
}