{
	"name": "PL_TuPonoAroha_Data_Load",
	"properties": {
		"activities": [
			{
				"name": "Parallel Query Execution",
				"description": "Data will be parallelly extracted from tables to execute the copy process",
				"type": "ForEach",
				"dependsOn": [
					{
						"activity": "Get List of Tables to Load",
						"dependencyConditions": [
							"Succeeded"
						]
					}
				],
				"userProperties": [],
				"typeProperties": {
					"items": {
						"value": "@activity('Get List of Tables to Load').output.value",
						"type": "Expression"
					},
					"isSequential": false,
					"batchCount": 10,
					"activities": [
						{
							"name": "Execute RDS Databrick Notebook Delta Tables",
							"type": "ExecutePipeline",
							"dependsOn": [
								{
									"activity": "Execute RDS_landing",
									"dependencyConditions": [
										"Succeeded"
									]
								}
							],
							"policy": {
								"secureInput": false
							},
							"userProperties": [
								{
									"name": "SchemaName",
									"value": "@item().SourceTableSchemaName"
								},
								{
									"name": "TableName",
									"value": "@item().SourceTableName"
								},
								{
									"name": "SourceSystem",
									"value": "@item().SourceSystem"
								},
								{
									"name": "FolderName",
									"value": "@item().SourceSystem"
								},
								{
									"name": "etlControlID",
									"value": "@item().ETLControlID"
								}
							],
							"typeProperties": {
								"pipeline": {
									"referenceName": "PL_RDS_DataBricks_Notebook_Run",
									"type": "PipelineReference"
								},
								"waitOnCompletion": true,
								"parameters": {
									"ParamsFromADF": {
										"value": "@concat('\n\n\t{\n              \"FileName\":\"',string(json(activity('Execute RDS_landing').output.pipelineReturnValue.FileNameReturnedFromDataBricks).runOutput),'\",\n    \t      \"SchemaName\": \"',item().SourceTableSchemaName,'\",\n\t      \"TableName\": \"',item().SourceTableName,'\",\n\t      \"SourceSystem\": \"',item().SourceSystem,'\",\n\t      \"SourceQueryWhereClause\": \"',item().SourceQueryWhereClause,'\",\n\t      \"WaterMarkValue\": \"',item().WaterMarkValue,'\",\n\t      \"FolderName\": \"',item().SourceSystem,'\",\n\t      \"GPManagedAZSQLServerName\": \"',pipeline().globalParameters.GPManagedAZSQLServerName,'\",\n\t      \"IncrementalLoadFlag\": \"',item().IncrementalLoad,'\",\n\t      \"WaterMarkQuery\": \"',item().WaterMarkQuery,'\",\n\t      \"SourceQuery\": \"',item().SourceQuery,'\",\n\t      \"etlControlID\": \"',item().ETLControlID,'\",\n          \"CustomConfig\": [',item().CustomConfig,'],\n\t\t  \"TargetTableSchemaName\": \"',item().TargetTableSchemaName,'\",\n \t\t  \"IncrementalClauseQuery\": \"',item().IncrementalClauseQuery,'\",\n \t\t  \"TargetTableName\": \"',item().TargetTableName,'\",\n          \"BatchID\": \"',string(activity('sp_batch_creation').output.firstRow.BatchID),'\",\n\t      \"StorageAccount\":\"',pipeline().globalParameters.GPCDPADLSUrl,'\",\n\t\t  \"ExportToFileServer\":\"',item().ExportToFileServer,'\"\n\t}'\n)",
										"type": "Expression"
									}
								}
							}
						},
						{
							"name": "Execute RDS_landing",
							"description": "This pipeline calls the Notebook that gets data from Trak and saves it in parquet format in the data lake",
							"type": "ExecutePipeline",
							"dependsOn": [
								{
									"activity": "sp_batch_creation",
									"dependencyConditions": [
										"Succeeded"
									]
								}
							],
							"policy": {
								"secureInput": false
							},
							"userProperties": [
								{
									"name": "TableName",
									"value": "@item().SourceTableName"
								},
								{
									"name": "SchemaName",
									"value": "@item().SourceTableSchemaName"
								},
								{
									"name": "SourceSystem",
									"value": "@item().SourceSystem"
								}
							],
							"typeProperties": {
								"pipeline": {
									"referenceName": "PL_RDS_Landing",
									"type": "PipelineReference"
								},
								"waitOnCompletion": true,
								"parameters": {
									"FileSourceAndTarget": {
										"value": "@concat('\n\t{\n        \"FileName\":\"',item().SourceTableName,'_',formatDateTime(convertTimeZone(utcNow(),'UTC','New Zealand Standard Time'),'yyyyMMddHHmmss'),'.parquet','\",\n    \t\"SchemaName\": \"',item().SourceTableSchemaName,'\",\n\t    \"TableName\": \"',item().SourceTableName,'\",\n\t\t\"TrakCareSource\": \"',pipeline().parameters.TrakCareSource,'\",\n\t    \"SourceSystem\": \"',item().SourceSystem,'\",\n\t    \"SourceQueryWhereClause\": \"',item().SourceQueryWhereClause,'\",\n\t    \"WaterMarkValue\": \"',item().WaterMarkValue,'\",\n\t    \"FolderName\": \"',item().SourceSystem,'\",\n\t    \"GPManagedAZSQLServerName\": \"',pipeline().globalParameters.GPManagedAZSQLServerName,'\",\n\t    \"IncrementalLoadFlag\": \"',item().IncrementalLoad,'\",\n\t    \"WaterMarkQuery\": \"',item().WaterMarkQuery,'\",\n\t    \"SourceQuery\": \"',item().SourceQuery,'\",\n\t    \"etlControlID\": \"',item().ETLControlID,'\",\n\t    \"StorageAccount\":\"',pipeline().globalParameters.GPCDPADLSUrl,'\",\n\t\t\"ExportToFileServer\":\"',item().ExportToFileServer,'\"\n\t}'\n)",
										"type": "Expression"
									}
								}
							}
						},
						{
							"name": "Success_sp Create Log File Landing",
							"type": "SqlServerStoredProcedure",
							"dependsOn": [
								{
									"activity": "Execute RDS_landing",
									"dependencyConditions": [
										"Succeeded"
									]
								}
							],
							"policy": {
								"timeout": "0.12:00:00",
								"retry": 0,
								"retryIntervalInSeconds": 30,
								"secureOutput": false,
								"secureInput": false
							},
							"userProperties": [],
							"typeProperties": {
								"storedProcedureName": "[etl].[CreateFileLog]",
								"storedProcedureParameters": {
									"ActivityID": {
										"value": {
											"value": "@pipeline().RunId",
											"type": "Expression"
										},
										"type": "Guid"
									},
									"BatchId": {
										"value": {
											"value": "@int(string(activity('sp_batch_creation').output.firstRow.BatchID))",
											"type": "Expression"
										},
										"type": "Int32"
									},
									"ETLControlID": {
										"value": {
											"value": "@item().ETLControlID",
											"type": "Expression"
										},
										"type": "Int32"
									},
									"FileContainer": {
										"value": {
											"value": "Landing",
											"type": "Expression"
										},
										"type": "String"
									},
									"FileName": {
										"value": {
											"value": "@string(json(activity('Execute RDS_landing').output.pipelineReturnValue.FileNameReturnedFromDataBricks).runOutput)",
											"type": "Expression"
										},
										"type": "String"
									},
									"FilePath": {
										"value": {
											"value": "@concat(item().SourceSystem,'/fullLoads')",
											"type": "Expression"
										},
										"type": "String"
									},
									"IsLoadedInDW": {
										"value": null,
										"type": "Boolean"
									},
									"LogID": {
										"value": "1",
										"type": "Int32"
									},
									"PipelineId": {
										"value": {
											"value": "@pipeline().RunId",
											"type": "Expression"
										},
										"type": "String"
									},
									"ProcessErrorMessage": {
										"value": null,
										"type": "String"
									},
									"TargetTableName": {
										"value": null,
										"type": "String"
									},
									"TargetTableSchemaName": {
										"value": null,
										"type": "String"
									},
									"DatabricksNotebookOutput": {
										"value": {
											"value": "@string(json(activity('Execute RDS_landing').output.pipelineReturnValue.FileNameReturnedFromDataBricks))",
											"type": "Expression"
										},
										"type": "String"
									},
									"CopyDuration": {
										"value": {
											"value": "@string(json(activity('Execute RDS_landing').output.pipelineReturnValue.FileNameReturnedFromDataBricks).executionDuration)",
											"type": "Expression"
										},
										"type": "Int16"
									},
									"IsLoadedInLanding": {
										"value": "True",
										"type": "Boolean"
									}
								}
							},
							"linkedServiceName": {
								"referenceName": "LS_AZSQL_CDP",
								"type": "LinkedServiceReference",
								"parameters": {
									"KVConStrSecretName": "az-sql-mi-admin-password",
									"DatabaseName": "ADM_CONFIG"
								}
							}
						},
						{
							"name": "Success_sp Create Log File RDS Delta Table",
							"type": "SqlServerStoredProcedure",
							"dependsOn": [
								{
									"activity": "Execute RDS Databrick Notebook Delta Tables",
									"dependencyConditions": [
										"Succeeded"
									]
								}
							],
							"policy": {
								"timeout": "0.12:00:00",
								"retry": 0,
								"retryIntervalInSeconds": 30,
								"secureOutput": false,
								"secureInput": false
							},
							"userProperties": [],
							"typeProperties": {
								"storedProcedureName": "[etl].[CreateFileLog]",
								"storedProcedureParameters": {
									"ActivityID": {
										"value": {
											"value": "@pipeline().RunId",
											"type": "Expression"
										},
										"type": "Guid"
									},
									"BatchId": {
										"value": {
											"value": "@int(string(activity('sp_batch_creation').output.firstRow.BatchID))",
											"type": "Expression"
										},
										"type": "Int32"
									},
									"ETLControlID": {
										"value": {
											"value": "@item().ETLControlID",
											"type": "Expression"
										},
										"type": "Int32"
									},
									"FileContainer": {
										"value": "Bronze",
										"type": "String"
									},
									"FileName": {
										"value": {
											"value": "@string(json(activity('Execute RDS_landing').output.pipelineReturnValue.FileNameReturnedFromDataBricks).runOutput)",
											"type": "Expression"
										},
										"type": "String"
									},
									"FilePath": {
										"value": {
											"value": "@string(json(activity('Execute RDS Databrick Notebook Delta Tables').output.pipelineReturnValue.FileNameReturnedFromDataBricksRDS).runOutput.FilePath)\n\n\n",
											"type": "Expression"
										},
										"type": "String"
									},
									"IsLoadedInDW": {
										"value": null,
										"type": "Boolean"
									},
									"LogID": {
										"value": "1",
										"type": "Int32"
									},
									"PipelineId": {
										"value": {
											"value": "@pipeline().RunId",
											"type": "Expression"
										},
										"type": "String"
									},
									"ProcessErrorMessage": {
										"value": null,
										"type": "String"
									},
									"TargetTableName": {
										"value": {
											"value": "@string(json(activity('Execute RDS Databrick Notebook Delta Tables').output.pipelineReturnValue.FileNameReturnedFromDataBricksRDS).runOutput.TargetTableName)",
											"type": "Expression"
										},
										"type": "String"
									},
									"TargetTableSchemaName": {
										"value": {
											"value": "@string(json(activity('Execute RDS Databrick Notebook Delta Tables').output.pipelineReturnValue.FileNameReturnedFromDataBricksRDS).runOutput.TargetSchema)",
											"type": "Expression"
										},
										"type": "String"
									},
									"DataBytesWrite": {
										"value": {
											"value": "@if(contains(activity('Execute RDS Databrick Notebook Delta Tables').output,'numInputRows'),string(json(string(json(activity('Execute RDS Databrick Notebook Delta Tables').output.pipelineReturnValue.FileNameReturnedFromDataBricksRDS).runOutput.AutoLoaderLogInfo)).numInputRows),0)\n\n\n",
											"type": "Expression"
										},
										"type": "Int64"
									},
									"DatabricksNotebookOutput": {
										"value": {
											"value": "@string(json(activity('Execute RDS Databrick Notebook Delta Tables').output.pipelineReturnValue.FileNameReturnedFromDataBricksRDS))",
											"type": "Expression"
										},
										"type": "String"
									},
									"CopyDuration": {
										"value": {
											"value": "@string(json(activity('Execute RDS Databrick Notebook Delta Tables').output.pipelineReturnValue.FileNameReturnedFromDataBricksRDS).executionDuration)",
											"type": "Expression"
										},
										"type": "Int16"
									}
								}
							},
							"linkedServiceName": {
								"referenceName": "LS_AZSQL_CDP",
								"type": "LinkedServiceReference",
								"parameters": {
									"KVConStrSecretName": "az-sql-mi-admin-password",
									"DatabaseName": "ADM_CONFIG"
								}
							}
						},
						{
							"name": "sp_batch_creation",
							"type": "Lookup",
							"dependsOn": [],
							"policy": {
								"timeout": "0.12:00:00",
								"retry": 0,
								"retryIntervalInSeconds": 30,
								"secureOutput": false,
								"secureInput": false
							},
							"userProperties": [],
							"typeProperties": {
								"source": {
									"type": "AzureSqlSource",
									"sqlReaderStoredProcedureName": "[etl].[CreateBatch]",
									"storedProcedureParameters": {
										"BatchID": {
											"type": "Int32",
											"value": null
										},
										"ParentBatchID": {
											"type": "Int32",
											"value": {
												"value": "@pipeline().parameters.ParentBatchID",
												"type": "Expression"
											}
										},
										"ProcessName": {
											"type": "String",
											"value": {
												"value": "@concat('RDS Landing and Delta Table Loading - ',item().SourceTableName)",
												"type": "Expression"
											}
										}
									},
									"queryTimeout": "02:00:00",
									"partitionOption": "None"
								},
								"dataset": {
									"referenceName": "DS_AZSQL_Generic_Query",
									"type": "DatasetReference",
									"parameters": {
										"DatabaseName": "ADM_CONFIG",
										"KVConStrSecretName": "az-sql-mi-admin-password",
										"ServerName": "dev-cdp-sqlmi-ae-1.792150d6ca9e.database.windows.net"
									}
								}
							}
						},
						{
							"name": "sp_update_batch",
							"type": "SqlServerStoredProcedure",
							"dependsOn": [
								{
									"activity": "failure_sp Create Log File RDS Delta Table",
									"dependencyConditions": [
										"Completed"
									]
								}
							],
							"policy": {
								"timeout": "0.12:00:00",
								"retry": 0,
								"retryIntervalInSeconds": 30,
								"secureOutput": false,
								"secureInput": false
							},
							"userProperties": [],
							"typeProperties": {
								"storedProcedureName": "[etl].[UpdateBatch]",
								"storedProcedureParameters": {
									"BatchId": {
										"value": {
											"value": "@int(string(activity('sp_batch_creation').output.firstRow.BatchID))",
											"type": "Expression"
										},
										"type": "Int32"
									}
								}
							},
							"linkedServiceName": {
								"referenceName": "LS_AZSQL_CDP",
								"type": "LinkedServiceReference",
								"parameters": {
									"KVConStrSecretName": "az-sql-mi-admin-password",
									"DatabaseName": "ADM_CONFIG"
								}
							}
						},
						{
							"name": "Failure_sp Create Log File Landing",
							"type": "SqlServerStoredProcedure",
							"dependsOn": [
								{
									"activity": "Execute RDS_landing",
									"dependencyConditions": [
										"Failed"
									]
								}
							],
							"policy": {
								"timeout": "0.12:00:00",
								"retry": 0,
								"retryIntervalInSeconds": 30,
								"secureOutput": false,
								"secureInput": false
							},
							"userProperties": [],
							"typeProperties": {
								"storedProcedureName": "[etl].[CreateFileLog]",
								"storedProcedureParameters": {
									"ActivityID": {
										"value": {
											"value": "@pipeline().RunId",
											"type": "Expression"
										},
										"type": "Guid"
									},
									"BatchId": {
										"value": {
											"value": "@int(string(activity('sp_batch_creation').output.firstRow.BatchID))",
											"type": "Expression"
										},
										"type": "Int32"
									},
									"ETLControlID": {
										"value": {
											"value": "@item().ETLControlID",
											"type": "Expression"
										},
										"type": "Int32"
									},
									"FileContainer": {
										"value": {
											"value": "Landing",
											"type": "Expression"
										},
										"type": "String"
									},
									"FileName": {
										"value": {
											"value": "@if(contains(activity('Execute RDS_landing').output,'runOutput'),string(json(activity('Execute RDS_landing').output.pipelineReturnValue.FileNameReturnedFromDataBricks).runOutput),'No error msg available')\n\n\n",
											"type": "Expression"
										},
										"type": "String"
									},
									"FilePath": {
										"value": {
											"value": "@if(contains(activity('Execute RDS_landing').output,'FilePath'),string(json(activity('Execute RDS_landing').output.pipelineReturnValue.FileNameReturnedFromDataBricks).FilePath),'No error msg available')\n\n\n",
											"type": "Expression"
										},
										"type": "String"
									},
									"IsLoadedInDW": {
										"value": null,
										"type": "Boolean"
									},
									"LogID": {
										"value": "1",
										"type": "Int32"
									},
									"PipelineId": {
										"value": {
											"value": "@pipeline().RunId",
											"type": "Expression"
										},
										"type": "String"
									},
									"ProcessErrorMessage": {
										"value": {
											"value": "@activity('Execute RDS_landing').error.Message",
											"type": "Expression"
										},
										"type": "String"
									},
									"TargetTableName": {
										"value": null,
										"type": "String"
									},
									"TargetTableSchemaName": {
										"value": null,
										"type": "String"
									},
									"HasProcessingErrors ": {
										"value": "True",
										"type": "String"
									},
									"DatabricksNotebookOutput": {
										"value": {
											"value": "@if(contains(activity('Execute RDS_landing').output,'runOutput'),string(json(activity('Execute RDS_landing').output.pipelineReturnValue.FileNameReturnedFromDataBricks)),'No error msg available')\n",
											"type": "Expression"
										},
										"type": "String"
									},
									"CopyDuration": {
										"value": {
											"value": "@if(contains(activity('Execute RDS_landing').output,'executionDuration'),string(json(activity('Execute RDS_landing').output.pipelineReturnValue.FileNameReturnedFromDataBricks).executionDuration),0)\n",
											"type": "Expression"
										},
										"type": "Int16"
									}
								}
							},
							"linkedServiceName": {
								"referenceName": "LS_AZSQL_CDP",
								"type": "LinkedServiceReference",
								"parameters": {
									"KVConStrSecretName": "az-sql-mi-admin-password",
									"DatabaseName": "ADM_CONFIG"
								}
							}
						},
						{
							"name": "sp_update_batch_copy1",
							"type": "SqlServerStoredProcedure",
							"dependsOn": [
								{
									"activity": "Success_sp Create Log File RDS Delta Table",
									"dependencyConditions": [
										"Completed"
									]
								}
							],
							"policy": {
								"timeout": "0.12:00:00",
								"retry": 0,
								"retryIntervalInSeconds": 30,
								"secureOutput": false,
								"secureInput": false
							},
							"userProperties": [],
							"typeProperties": {
								"storedProcedureName": "[etl].[UpdateBatch]",
								"storedProcedureParameters": {
									"BatchId": {
										"value": {
											"value": "@int(string(activity('sp_batch_creation').output.firstRow.BatchID))",
											"type": "Expression"
										},
										"type": "Int32"
									}
								}
							},
							"linkedServiceName": {
								"referenceName": "LS_AZSQL_CDP",
								"type": "LinkedServiceReference",
								"parameters": {
									"KVConStrSecretName": "az-sql-mi-admin-password",
									"DatabaseName": "ADM_CONFIG"
								}
							}
						},
						{
							"name": "sp_update_batch_copy2",
							"type": "SqlServerStoredProcedure",
							"dependsOn": [
								{
									"activity": "Failure_sp Create Log File Landing",
									"dependencyConditions": [
										"Completed"
									]
								}
							],
							"policy": {
								"timeout": "0.12:00:00",
								"retry": 0,
								"retryIntervalInSeconds": 30,
								"secureOutput": false,
								"secureInput": false
							},
							"userProperties": [],
							"typeProperties": {
								"storedProcedureName": "[etl].[UpdateBatch]",
								"storedProcedureParameters": {
									"BatchId": {
										"value": {
											"value": "@int(string(activity('sp_batch_creation').output.firstRow.BatchID))",
											"type": "Expression"
										},
										"type": "Int32"
									}
								}
							},
							"linkedServiceName": {
								"referenceName": "LS_AZSQL_CDP",
								"type": "LinkedServiceReference",
								"parameters": {
									"KVConStrSecretName": "az-sql-mi-admin-password",
									"DatabaseName": "ADM_CONFIG"
								}
							}
						},
						{
							"name": "sp_update_batch_copy3",
							"type": "SqlServerStoredProcedure",
							"dependsOn": [
								{
									"activity": "Success_sp Create Log File Landing",
									"dependencyConditions": [
										"Completed"
									]
								}
							],
							"policy": {
								"timeout": "0.12:00:00",
								"retry": 0,
								"retryIntervalInSeconds": 30,
								"secureOutput": false,
								"secureInput": false
							},
							"userProperties": [],
							"typeProperties": {
								"storedProcedureName": "[etl].[UpdateBatch]",
								"storedProcedureParameters": {
									"BatchId": {
										"value": {
											"value": "@int(string(activity('sp_batch_creation').output.firstRow.BatchID))",
											"type": "Expression"
										},
										"type": "Int32"
									}
								}
							},
							"linkedServiceName": {
								"referenceName": "LS_AZSQL_CDP",
								"type": "LinkedServiceReference",
								"parameters": {
									"KVConStrSecretName": "az-sql-mi-admin-password",
									"DatabaseName": "ADM_CONFIG"
								}
							}
						},
						{
							"name": "failure_sp Create Log File RDS Delta Table",
							"type": "SqlServerStoredProcedure",
							"dependsOn": [
								{
									"activity": "Execute RDS Databrick Notebook Delta Tables",
									"dependencyConditions": [
										"Failed"
									]
								}
							],
							"policy": {
								"timeout": "0.12:00:00",
								"retry": 0,
								"retryIntervalInSeconds": 30,
								"secureOutput": false,
								"secureInput": false
							},
							"userProperties": [],
							"typeProperties": {
								"storedProcedureName": "[etl].[CreateFileLog]",
								"storedProcedureParameters": {
									"ActivityID": {
										"value": {
											"value": "@pipeline().RunId",
											"type": "Expression"
										},
										"type": "Guid"
									},
									"BatchId": {
										"value": {
											"value": "@int(string(activity('sp_batch_creation').output.firstRow.BatchID))",
											"type": "Expression"
										},
										"type": "Int32"
									},
									"ETLControlID": {
										"value": {
											"value": "@item().ETLControlID",
											"type": "Expression"
										},
										"type": "Int32"
									},
									"FileContainer": {
										"value": "Bronze",
										"type": "String"
									},
									"FileName": {
										"value": {
											"value": "@if(contains(activity('Execute RDS_landing').output,'runOutput'),string(json(activity('Execute RDS_landing').output.pipelineReturnValue.FileNameReturnedFromDataBricks).runOutput),'No error msg available')\n\n\n",
											"type": "Expression"
										},
										"type": "String"
									},
									"FilePath": {
										"value": {
											"value": "@if(contains(activity('Execute RDS Databrick Notebook Delta Tables').output,'FilePath'),string(json(activity('Execute RDS Databrick Notebook Delta Tables').output.pipelineReturnValue.FileNameReturnedFromDataBricks).FilePath),'No error msg available')\n\n\n",
											"type": "Expression"
										},
										"type": "String"
									},
									"IsLoadedInDW": {
										"value": null,
										"type": "Boolean"
									},
									"LogID": {
										"value": "1",
										"type": "Int32"
									},
									"PipelineId": {
										"value": {
											"value": "@pipeline().RunId",
											"type": "Expression"
										},
										"type": "String"
									},
									"ProcessErrorMessage": {
										"value": {
											"value": "@activity('Execute RDS Databrick Notebook Delta Tables').error.Message",
											"type": "Expression"
										},
										"type": "String"
									},
									"TargetTableName": {
										"value": {
											"value": "@if(contains(activity('Execute RDS Databrick Notebook Delta Tables').output,'TargetTableName'),string(json(activity('Execute RDS Databrick Notebook Delta Tables').output.pipelineReturnValue.FileNameReturnedFromDataBricks).TargetTableName),'No error msg available')",
											"type": "Expression"
										},
										"type": "String"
									},
									"TargetTableSchemaName": {
										"value": {
											"value": "@if(contains(activity('Execute RDS Databrick Notebook Delta Tables').output,'TargetSchema'),string(json(activity('Execute RDS Databrick Notebook Delta Tables').output.pipelineReturnValue.FileNameReturnedFromDataBricks).TargetSchema),'No error msg available')",
											"type": "Expression"
										},
										"type": "String"
									},
									"DataBytesWrite": {
										"value": {
											"value": "@if(contains(activity('Execute RDS Databrick Notebook Delta Tables').output,'numInputRows'),string(json(string(json(activity('Execute RDS Databrick Notebook Delta Tables').output.pipelineReturnValue.FileNameReturnedFromDataBricksRDS).runOutput.AutoLoaderLogInfo)).numInputRows),0)\n\n\n",
											"type": "Expression"
										},
										"type": "Int64"
									},
									"DatabricksNotebookOutput": {
										"value": {
											"value": "@if(contains(activity('Execute RDS Databrick Notebook Delta Tables').output,'runOutput'),string(json(activity('Execute RDS Databrick Notebook Delta Tables').output.pipelineReturnValue.FileNameReturnedFromDataBricks)),'No error msg available')\n",
											"type": "Expression"
										},
										"type": "String"
									},
									"CopyDuration": {
										"value": {
											"value": "@if(contains(activity('Execute RDS Databrick Notebook Delta Tables').output,'executionDuration'),string(json(activity('Execute RDS Databrick Notebook Delta Tables').output.pipelineReturnValue.FileNameReturnedFromDataBricks).executionDuration),0)\n",
											"type": "Expression"
										},
										"type": "Int16"
									},
									"HasProcessingErrors ": {
										"value": "True",
										"type": "Boolean"
									}
								}
							},
							"linkedServiceName": {
								"referenceName": "LS_AZSQL_CDP",
								"type": "LinkedServiceReference",
								"parameters": {
									"KVConStrSecretName": "az-sql-mi-admin-password",
									"DatabaseName": "ADM_CONFIG"
								}
							}
						}
					]
				}
			},
			{
				"name": "Get List of Tables to Load",
				"description": "Dynamically gets the tables from on-prem to load into Blob storage",
				"type": "Lookup",
				"dependsOn": [],
				"policy": {
					"timeout": "0.00:10:00",
					"retry": 0,
					"retryIntervalInSeconds": 30,
					"secureOutput": false,
					"secureInput": false
				},
				"userProperties": [],
				"typeProperties": {
					"source": {
						"type": "AzureSqlSource",
						"sqlReaderQuery": {
							"value": "@concat('SELECT Distinct C.*,BatchType\nFROM etl.Control_TRAK as C\nleft Join etl.BatchControl as B \n    on C.etlcontrolid = B.etlcontrolid\n\tand B.ControlTableName = ''Control_TRAK''\n    and B.IsActive = 1\nWHERE SourceSystem in (''trakcare'',''dsumaintained'')\nand SourceSystemType in(''IRIS'',''MSSQL'')\nand TargetSystemType = ''ADLS''\nand C.IsActive = 1\nand (\n    BatchType =''', pipeline().parameters.BatchType,'''\n    )\n union\n \tSELECT  C.*,''NA''\n\t FROM etl.CONTROL_TRAK AS C \n\twhere c.IsActive = 1 \n\tand SourceSystem IN (''trakcare'',''dsumaintained'') \n\tand SourceSystemType IN (''IRIS'',''MSSQL''\t) \n\tand TargetSystemType = ''ADLS'' \n\tand C.IsActive = 1 \n\tand c.etlcontrolid IN (',string(pipeline().parameters.EtlControlID),')\n\t '\n)",
							"type": "Expression"
						},
						"queryTimeout": "02:00:00",
						"partitionOption": "None"
					},
					"dataset": {
						"referenceName": "DS_AZSQL_TGT_Generic_Query",
						"type": "DatasetReference",
						"parameters": {
							"DatabaseName": {
								"value": "@pipeline().parameters.ConfigDatabaseName",
								"type": "Expression"
							},
							"KVConStrSecretName": {
								"value": "@pipeline().parameters.PLSSecretName",
								"type": "Expression"
							}
						}
					},
					"firstRowOnly": false
				}
			},
			{
				"name": "Create Trigger File",
				"type": "ExecutePipeline",
				"dependsOn": [
					{
						"activity": "Parallel Query Execution",
						"dependencyConditions": [
							"Completed"
						]
					}
				],
				"policy": {
					"secureInput": false
				},
				"userProperties": [],
				"typeProperties": {
					"pipeline": {
						"referenceName": "PL_Trigger_Generic",
						"type": "PipelineReference"
					},
					"waitOnCompletion": true,
					"parameters": {
						"PContainerName": {
							"value": "bronze",
							"type": "Expression"
						},
						"PSourceFolderPath": {
							"value": "Trigger/",
							"type": "Expression"
						},
						"PSourceFileName": {
							"value": "Template.json",
							"type": "Expression"
						},
						"PTargetFolderPath": {
							"value": "@concat('Trigger/Load_RDS/EDW/TrakCare/',pipeline().parameters.BatchType,'/',\nformatDateTime(convertTimeZone(utcnow(),'UTC','New Zealand Standard Time'),'yyyy'),'/',\nformatDateTime(convertTimeZone(utcnow(),'UTC','New Zealand Standard Time'),'MM'),'/',\nformatDateTime(convertTimeZone(utcnow(),'UTC','New Zealand Standard Time'),'dd')\n)",
							"type": "Expression"
						},
						"PTargetFileName": {
							"value": "@concat(pipeline().Pipeline,'_',\nformatDateTime(\nconvertTimeZone(utcnow(),'UTC','New Zealand Standard Time'),\n'yyyyMMddHHmmss'),'_',pipeline().parameters.BatchType,'|',string(pipeline().parameters.ParentBatchID),'|_Trakcare.json')",
							"type": "Expression"
						},
						"PStorageAccount": {
							"value": "@pipeline().globalParameters.GPCDPADLSUrl",
							"type": "Expression"
						},
						"PStorageAccountSecret": {
							"value": "@pipeline().parameters.PLSSecretName",
							"type": "Expression"
						}
					}
				}
			}
		],
		"parameters": {
			"ConfigDatabaseName": {
				"type": "string",
				"defaultValue": "ADM_CONFIG"
			},
			"PLSSecretName": {
				"type": "string",
				"defaultValue": "az-sql-mi-admin-password"
			},
			"BatchType": {
				"type": "string",
				"defaultValue": "Load PAC_"
			},
			"EtlControlID": {
				"type": "string",
				"defaultValue": "2153"
			},
			"TrakCareSource": {
				"type": "string",
				"defaultValue": "DM"
			},
			"ParentBatchID": {
				"type": "int"
			}
		},
		"variables": {
			"Name": {
				"type": "String"
			},
			"FileName": {
				"type": "Array"
			},
			"TestOutput": {
				"type": "String"
			},
			"oneOutput": {
				"type": "String"
			},
			"vNotebookReturnedValue": {
				"type": "String"
			}
		},
		"folder": {
			"name": "Load RDS/TrakCare"
		},
		"annotations": [],
		"lastPublishTime": "2022-10-06T04:07:01Z"
	},
	"type": "Microsoft.DataFactory/factories/pipelines"
}