{
	"name": "PL_TRAK_LoadFromDA_REF",
	"properties": {
		"description": "PL_TRAK_ArrivalMode",
		"activities": [
			{
				"name": "Save the table in ADLS as Parquet file",
				"type": "Copy",
				"dependsOn": [],
				"policy": {
					"timeout": "0.00:10:00",
					"retry": 0,
					"retryIntervalInSeconds": 30,
					"secureOutput": false,
					"secureInput": false
				},
				"userProperties": [],
				"typeProperties": {
					"source": {
						"type": "AzureSqlSource",
						"queryTimeout": "02:00:00",
						"partitionOption": "None"
					},
					"sink": {
						"type": "ParquetSink",
						"storeSettings": {
							"type": "AzureBlobFSWriteSettings",
							"blockSizeInMB": 4
						},
						"formatSettings": {
							"type": "ParquetWriteSettings"
						}
					},
					"enableStaging": false,
					"parallelCopies": 3,
					"dataIntegrationUnits": 4,
					"translator": {
						"type": "TabularTranslator",
						"typeConversion": true,
						"typeConversionSettings": {
							"allowDataTruncation": true,
							"treatBooleanAsNumber": false
						}
					}
				},
				"inputs": [
					{
						"referenceName": "DS_AZSQL_TGT_Generic",
						"type": "DatasetReference",
						"parameters": {
							"SchemaName": "dbo",
							"TableName": {
								"value": "@pipeline().parameters.SourceTableName",
								"type": "Expression"
							},
							"KVConStrSecretName": {
								"value": "@pipeline().parameters.KVConStrSecretName",
								"type": "Expression"
							},
							"DatabaseName": {
								"value": "@pipeline().parameters.SourceDatabaseName",
								"type": "Expression"
							}
						}
					}
				],
				"outputs": [
					{
						"referenceName": "DS_ADLS_Parquet",
						"type": "DatasetReference",
						"parameters": {
							"FolderName": {
								"value": "@concat(pipeline().parameters.SourceDatabaseName\n, '/fullLoads/'\n,pipeline().parameters.SourceTableName\n,'/'\n,formatDateTime(convertTimeZone(utcnow(),'UTC','New Zealand Standard Time'),'yyyy/MM/dd')\n)",
								"type": "Expression"
							},
							"FileName": {
								"value": "@concat(pipeline().parameters.SourceTableName\n,formatDateTime(convertTimeZone(utcnow(),'UTC','New Zealand Standard Time'),'yyyyMMddHHmmss')\n,'.parquet')",
								"type": "Expression"
							},
							"StorageAccountURL": {
								"value": "@pipeline().parameters.TargetADLS",
								"type": "Expression"
							},
							"ContainerName": {
								"value": "landing",
								"type": "Expression"
							},
							"PSecretName": {
								"value": "@pipeline().parameters.ADLSSecretName",
								"type": "Expression"
							}
						}
					}
				]
			}
		],
		"parameters": {
			"SourceServerName": {
				"type": "string",
				"defaultValue": "dev-cdp-sqlmi-ae-1.792150d6ca9e.database.windows.net"
			},
			"SourceDatabaseName": {
				"type": "string",
				"defaultValue": "DA_REF"
			},
			"TargetADLS": {
				"type": "string",
				"defaultValue": "https://devcdpadlsae1.dfs.core.windows.net"
			},
			"ADLSSecretName": {
				"type": "string",
				"defaultValue": "adlscdpaccountkey"
			},
			"ConfigDatabase": {
				"type": "string",
				"defaultValue": "ADM_CONFIG"
			},
			"KVConStrSecretName": {
				"type": "string",
				"defaultValue": "az-sql-mi-admin-password"
			},
			"ServerName": {
				"type": "string",
				"defaultValue": "VHAL0CSS021AG01.healthcare.huarahi.health.govt.nz,2773"
			},
			"SourceTableName": {
				"type": "string",
				"defaultValue": "Age_Group"
			}
		},
		"folder": {
			"name": "TRAK"
		},
		"annotations": []
	}
}