{
	"name": "PL_TrakCare_SilverEDW_to_Onperm",
	"properties": {
		"activities": [
			{
				"name": "Get list of EDW tables to process",
				"description": "To get the list of tables to process using ETL control table",
				"type": "Lookup",
				"dependsOn": [
					{
						"activity": "Generate Parquet Files",
						"dependencyConditions": [
							"Succeeded"
						]
					}
				],
				"policy": {
					"timeout": "0.00:10:00",
					"retry": 0,
					"retryIntervalInSeconds": 30,
					"secureOutput": false,
					"secureInput": false
				},
				"userProperties": [],
				"typeProperties": {
					"source": {
						"type": "AzureSqlSource",
						"sqlReaderQuery": {
							"value": "@concat(\n'\nif ''',pipeline().parameters.ListOfETLControlIDs, '''!=''0''\nbegin\nSELECT c.*\nFROM etl.Control_TRAK c\njoin etl.BatchControl bc\non c.ETLControlId = bc.ETLCOntrolID\nand c.IsActive = bc.IsActive\nand bc.ControlTableName = ''Control_TRAK''\nWHERE c.SourceSystem = ''trakcare''\nAND c.SourceSystemType = ''ADLS'' \nand c.TargetSystemType = ''Titan''\nAND c.IsActive = 1\nand ( c.etlcontrolid in (',string(pipeline().parameters.ListOfETLControlIDs),')\n) \nORDER BY COALESCE(bc.SortOrder,0)\nend\nelse\nbegin\nSELECT c.*\nFROM etl.Control_TRAK c\njoin etl.BatchControl bc\non c.ETLControlId = bc.ETLCOntrolID\nand c.IsActive = bc.IsActive\nand bc.ControlTableName = ''Control_TRAK''\nWHERE c.SourceSystem = ''trakcare''\nAND c.SourceSystemType = ''ADLS'' \nand c.TargetSystemType = ''Titan''\nAND c.IsActive = 1\nORDER BY COALESCE(bc.SortOrder,0)\nend\n'\n)",
							"type": "Expression"
						},
						"queryTimeout": "02:00:00",
						"partitionOption": "None"
					},
					"dataset": {
						"referenceName": "DS_AZSQL_TGT_Generic_Query",
						"type": "DatasetReference",
						"parameters": {
							"DatabaseName": "ADM_CONFIG",
							"KVConStrSecretName": "az-sql-mi-admin-password"
						}
					},
					"firstRowOnly": false
				}
			},
			{
				"name": "For each table",
				"description": "update the table. Do not run 5o items in parallel, it upsets Databricks",
				"type": "ForEach",
				"dependsOn": [
					{
						"activity": "Get list of EDW tables to process",
						"dependencyConditions": [
							"Succeeded"
						]
					}
				],
				"userProperties": [],
				"typeProperties": {
					"items": {
						"value": "@activity('Get list of EDW tables to process').output.value",
						"type": "Expression"
					},
					"isSequential": false,
					"batchCount": 15,
					"activities": [
						{
							"name": "Load Parquet Files in EDW",
							"type": "Copy",
							"dependsOn": [],
							"policy": {
								"timeout": "0.12:00:00",
								"retry": 0,
								"retryIntervalInSeconds": 30,
								"secureOutput": false,
								"secureInput": false
							},
							"userProperties": [
								{
									"name": "ETLControlID",
									"value": "@item().ETLControlID"
								}
							],
							"typeProperties": {
								"source": {
									"type": "ParquetSource",
									"storeSettings": {
										"type": "AzureBlobFSReadSettings",
										"recursive": true,
										"wildcardFolderPath": {
											"value": "@concat(replace(item().TargetEntityPath, 'export', 'export_full'), item().TargetTableName)",
											"type": "Expression"
										},
										"wildcardFileName": "*.parquet",
										"enablePartitionDiscovery": false
									},
									"formatSettings": {
										"type": "ParquetReadSettings"
									}
								},
								"sink": {
									"type": "SqlServerSink",
									"preCopyScript": {
										"value": "@{concat('IF (SELECT 1 \nFROM ',\npipeline().parameters.LandingDatabase,\n '.information_Schema.tables\nWHERE TABLE_TYPE = ''BASE TABLE''\nand TABLE_SCHEMA = ''', item().TargetTableSchemaName,'''\nAND TABLE_NAME = ''', item().TargetTableName\n,''') = 1\n\tDrop TABLE ',\n    pipeline().parameters.LandingDatabase,\n    '.',\n    item().TargetTableSchemaName,\n    '.',\n    item().TargetTableName\n)}",
										"type": "Expression"
									},
									"writeBehavior": "insert",
									"sqlWriterUseTableLock": false,
									"tableOption": "autoCreate"
								},
								"enableStaging": false,
								"translator": {
									"type": "TabularTranslator",
									"typeConversion": true,
									"typeConversionSettings": {
										"allowDataTruncation": true,
										"treatBooleanAsNumber": false
									}
								}
							},
							"inputs": [
								{
									"referenceName": "DS_ADLS_Parquet",
									"type": "DatasetReference",
									"parameters": {
										"FolderName": {
											"value": "@replace(item().TargetEntityPath, 'export','export_full')",
											"type": "Expression"
										},
										"FileName": "*.parquet",
										"StorageAccountURL": {
											"value": "@pipeline().globalParameters.GPCDPADLSUrl",
											"type": "Expression"
										},
										"ContainerName": "silver",
										"PSecretName": "adlscdpaccountkey"
									}
								}
							],
							"outputs": [
								{
									"referenceName": "DS_MSSQL_OnPrem_Generic",
									"type": "DatasetReference",
									"parameters": {
										"SchemaName": {
											"value": "@item().TargetTableSchemaName",
											"type": "Expression"
										},
										"TableName": {
											"value": "@item().TargetTableName",
											"type": "Expression"
										},
										"DatabaseName": {
											"value": "@pipeline().parameters.LandingDatabase",
											"type": "Expression"
										},
										"ServerName": {
											"value": "@pipeline().parameters.LandingServerName",
											"type": "Expression"
										},
										"SecretName": {
											"value": "@pipeline().globalParameters.GPHeliosSVCAccountSecret",
											"type": "Expression"
										}
									}
								}
							]
						}
					]
				}
			},
			{
				"name": "Generate Parquet Files",
				"description": "Export the full tables as parquet files in export_full folder",
				"type": "DatabricksNotebook",
				"dependsOn": [],
				"policy": {
					"timeout": "0.12:00:00",
					"retry": 0,
					"retryIntervalInSeconds": 30,
					"secureOutput": false,
					"secureInput": false
				},
				"userProperties": [],
				"typeProperties": {
					"notebookPath": "/Repos/gerys_ext@hanz.health.nz/AZ-CDP-Databricks/Utilities/export all silver tables full extract for loop",
					"baseParameters": {
						"p_etlcontrolid": {
							"value": "@string(pipeline().parameters.ListOfETLControlIDs)",
							"type": "Expression"
						}
					}
				},
				"linkedServiceName": {
					"referenceName": "LS_Databricks",
					"type": "LinkedServiceReference",
					"parameters": {
						"DataBricksWorkSpaceURL": {
							"value": "@pipeline().globalParameters.GPDataBricksWorkSpaceURL",
							"type": "Expression"
						},
						"WorkspaceResourceID": {
							"value": "@pipeline().globalParameters.GPWorkspaceResourceID",
							"type": "Expression"
						},
						"ClusterID": {
							"value": "@pipeline().globalParameters.GPDatabricksClusterID",
							"type": "Expression"
						}
					}
				}
			}
		],
		"parameters": {
			"LandingServerName": {
				"type": "string",
				"defaultValue": "VHAL0CSS021AG01.healthcare.huarahi.health.govt.nz,2773"
			},
			"LandingDatabase": {
				"type": "string",
				"defaultValue": "EDW"
			},
			"ListOfETLControlIDs": {
				"type": "string",
				"defaultValue": "0"
			}
		},
		"variables": {
			"Batch": {
				"type": "String",
				"defaultValue": "'0'"
			}
		},
		"folder": {
			"name": "Load EDW/Trakcare"
		},
		"annotations": []
	}
}