{
	"name": "PL_Trigger_Generic",
	"properties": {
		"activities": [
			{
				"name": "Write Trigger File",
				"type": "Copy",
				"dependsOn": [],
				"policy": {
					"timeout": "0.00:10:00",
					"retry": 0,
					"retryIntervalInSeconds": 30,
					"secureOutput": false,
					"secureInput": false
				},
				"userProperties": [],
				"typeProperties": {
					"source": {
						"type": "JsonSource",
						"storeSettings": {
							"type": "AzureBlobFSReadSettings",
							"recursive": true,
							"enablePartitionDiscovery": false
						},
						"formatSettings": {
							"type": "JsonReadSettings"
						}
					},
					"sink": {
						"type": "JsonSink",
						"storeSettings": {
							"type": "AzureBlobFSWriteSettings"
						},
						"formatSettings": {
							"type": "JsonWriteSettings"
						}
					},
					"enableStaging": false,
					"dataIntegrationUnits": 2
				},
				"inputs": [
					{
						"referenceName": "DS_ADLS_JSON_Generic",
						"type": "DatasetReference",
						"parameters": {
							"PContainerName": {
								"value": "@pipeline().parameters.PContainerName",
								"type": "Expression"
							},
							"PFolderPath": {
								"value": "@pipeline().parameters.PSourceFolderPath",
								"type": "Expression"
							},
							"PFileName": {
								"value": "@pipeline().parameters.PSourceFileName",
								"type": "Expression"
							},
							"PStorageAccount": {
								"value": "@pipeline().globalParameters.GPCDPADLSUrl",
								"type": "Expression"
							},
							"PStorageAccountSecretName": {
								"value": "adlscdpaccountkey",
								"type": "Expression"
							}
						}
					}
				],
				"outputs": [
					{
						"referenceName": "DS_ADLS_JSON_Generic",
						"type": "DatasetReference",
						"parameters": {
							"PContainerName": {
								"value": "@pipeline().parameters.PContainerName",
								"type": "Expression"
							},
							"PFolderPath": {
								"value": "@pipeline().parameters.PTargetFolderPath",
								"type": "Expression"
							},
							"PFileName": {
								"value": "@pipeline().parameters.PTargetFileName",
								"type": "Expression"
							},
							"PStorageAccount": {
								"value": "@pipeline().globalParameters.GPCDPADLSUrl",
								"type": "Expression"
							},
							"PStorageAccountSecretName": {
								"value": "@pipeline().parameters.PStorageAccountSecret",
								"type": "Expression"
							}
						}
					}
				]
			}
		],
		"parameters": {
			"PContainerName": {
				"type": "string"
			},
			"PSourceFolderPath": {
				"type": "string"
			},
			"PSourceFileName": {
				"type": "string"
			},
			"PTargetFolderPath": {
				"type": "string"
			},
			"PTargetFileName": {
				"type": "string"
			},
			"PStorageAccount": {
				"type": "string",
				"defaultValue": "https://devcdpadlsae1.dfs.core.windows.net"
			},
			"PStorageAccountSecret": {
				"type": "string",
				"defaultValue": "adlscdpaccountkey"
			}
		},
		"folder": {
			"name": "Templates"
		},
		"annotations": [],
		"lastPublishTime": "2022-10-06T00:27:36Z"
	},
	"type": "Microsoft.DataFactory/factories/pipelines"
}