{
	"name": "SavetoSQL_JSON",
	"properties": {
		"activities": [
			{
				"name": "LookupSurveys",
				"type": "Lookup",
				"dependsOn": [],
				"policy": {
					"timeout": "0.12:00:00",
					"retry": 0,
					"retryIntervalInSeconds": 30,
					"secureOutput": false,
					"secureInput": false
				},
				"userProperties": [],
				"typeProperties": {
					"source": {
						"type": "AzureSqlSource",
						"sqlReaderStoredProcedureName": "[Qualtrics].[sp_QUALTRICS_get_survey_name]",
						"queryTimeout": "02:00:00",
						"partitionOption": "None"
					},
					"dataset": {
						"referenceName": "DS_AZSQL_Generic_Query",
						"type": "DatasetReference",
						"parameters": {
							"DatabaseName": "RDS_QUALTRICS",
							"KVConStrSecretName": "az-sql-mi-admin-password",
							"ServerName": "dev-cdp-sqlmi-ae-1.792150d6ca9e.database.windows.net"
						}
					},
					"firstRowOnly": false
				}
			},
			{
				"name": "ForEachSurvey",
				"type": "ForEach",
				"dependsOn": [
					{
						"activity": "LookupSurveys",
						"dependencyConditions": [
							"Succeeded"
						]
					}
				],
				"userProperties": [],
				"typeProperties": {
					"items": {
						"value": "@activity('LookupSurveys').output.value",
						"type": "Expression"
					},
					"isSequential": true,
					"activities": [
						{
							"name": "SaveADLStoAZSQL_JSON",
							"type": "Copy",
							"dependsOn": [],
							"policy": {
								"timeout": "0.12:00:00",
								"retry": 0,
								"retryIntervalInSeconds": 30,
								"secureOutput": false,
								"secureInput": false
							},
							"userProperties": [],
							"typeProperties": {
								"source": {
									"type": "JsonSource",
									"additionalColumns": [
										{
											"name": "Surveyid",
											"value": {
												"value": "@string(item().id)",
												"type": "Expression"
											}
										}
									],
									"storeSettings": {
										"type": "AzureBlobFSReadSettings",
										"recursive": true,
										"enablePartitionDiscovery": false
									},
									"formatSettings": {
										"type": "JsonReadSettings"
									}
								},
								"sink": {
									"type": "AzureSqlSink",
									"writeBehavior": "insert",
									"sqlWriterUseTableLock": false,
									"disableMetricsCollection": false
								},
								"enableStaging": false,
								"translator": {
									"type": "TabularTranslator",
									"mappings": [
										{
											"source": {
												"path": "$"
											},
											"sink": {
												"name": "json",
												"type": "String"
											}
										}
									],
									"collectionReference": "",
									"mapComplexValuesToString": true
								}
							},
							"inputs": [
								{
									"referenceName": "DS_ADLS_JSON_Generic",
									"type": "DatasetReference",
									"parameters": {
										"PContainerName": "bronze",
										"PFolderPath": "qualtrics",
										"PFileName": "@item().name",
										"PStorageAccount": "@pipeline().globalParameters.GPCDPADLSUrl",
										"PStorageAccountSecretName": "adlscdpaccountkey@pipeline().parameters.PKVADLSSecretName"
									}
								}
							],
							"outputs": [
								{
									"referenceName": "DS_AZSQL_TGT_Generic",
									"type": "DatasetReference",
									"parameters": {
										"SchemaName": "Load",
										"TableName": "ADF_QUALTRICS_Responses_raw",
										"KVConStrSecretName": "az-sql-mi-admin-password",
										"DatabaseName": "RDS_Qualtrics"
									}
								}
							]
						},
						{
							"name": "ProcessJSON",
							"type": "SqlServerStoredProcedure",
							"dependsOn": [
								{
									"activity": "SaveADLStoAZSQL_JSON",
									"dependencyConditions": [
										"Succeeded"
									]
								}
							],
							"policy": {
								"timeout": "0.12:00:00",
								"retry": 0,
								"retryIntervalInSeconds": 30,
								"secureOutput": false,
								"secureInput": false
							},
							"userProperties": [],
							"typeProperties": {
								"storedProcedureName": "[etl].[QUALTRICS_insert_responses_load]",
								"storedProcedureParameters": {
									"file": {
										"value": null,
										"type": "String"
									},
									"LoadTable": {
										"value": null,
										"type": "String"
									},
									"surveyid": {
										"value": {
											"value": "@string(item().id)",
											"type": "Expression"
										},
										"type": "String"
									}
								}
							},
							"linkedServiceName": {
								"referenceName": "LS_AZSQL_CDP",
								"type": "LinkedServiceReference",
								"parameters": {
									"KVConStrSecretName": "az-sql-mi-admin-password",
									"DatabaseName": "ADM_CONFIG"
								}
							}
						}
					]
				}
			}
		],
		"parameters": {
			"PKVADLSSecretName": {
				"type": "string",
				"defaultValue": "adlscdpaccountkey"
			}
		},
		"folder": {
			"name": "Qualtrics"
		},
		"annotations": []
	}
}