{
	"name": "SavetoSQL",
	"properties": {
		"activities": [
			{
				"name": "LookupSurveys",
				"type": "Lookup",
				"dependsOn": [],
				"policy": {
					"timeout": "0.12:00:00",
					"retry": 0,
					"retryIntervalInSeconds": 30,
					"secureOutput": false,
					"secureInput": false
				},
				"userProperties": [],
				"typeProperties": {
					"source": {
						"type": "AzureSqlSource",
						"sqlReaderStoredProcedureName": "[Qualtrics].[sp_QUALTRICS_get_survey_name]",
						"queryTimeout": "02:00:00",
						"partitionOption": "None"
					},
					"dataset": {
						"referenceName": "DS_AZSQL_Generic_Query",
						"type": "DatasetReference",
						"parameters": {
							"DatabaseName": "RDS_QUALTRICS",
							"KVConStrSecretName": "az-sql-mi-admin-password",
							"ServerName": "dev-cdp-sqlmi-ae-1.792150d6ca9e.database.windows.net"
						}
					},
					"firstRowOnly": false
				}
			},
			{
				"name": "ForEachSurvey",
				"type": "ForEach",
				"dependsOn": [
					{
						"activity": "LookupSurveys",
						"dependencyConditions": [
							"Succeeded"
						]
					}
				],
				"userProperties": [],
				"typeProperties": {
					"items": {
						"value": "@activity('LookupSurveys').output.value",
						"type": "Expression"
					},
					"activities": [
						{
							"name": "SaveADLStoAZSQL",
							"type": "Copy",
							"dependsOn": [
								{
									"activity": "SaveADLStoAZSQLQuestions",
									"dependencyConditions": [
										"Succeeded"
									]
								}
							],
							"policy": {
								"timeout": "0.12:00:00",
								"retry": 0,
								"retryIntervalInSeconds": 30,
								"secureOutput": false,
								"secureInput": false
							},
							"userProperties": [],
							"typeProperties": {
								"source": {
									"type": "DelimitedTextSource",
									"storeSettings": {
										"type": "AzureBlobFSReadSettings",
										"recursive": true,
										"enablePartitionDiscovery": false
									},
									"formatSettings": {
										"type": "DelimitedTextReadSettings"
									}
								},
								"sink": {
									"type": "AzureSqlSink",
									"writeBehavior": "insert",
									"sqlWriterUseTableLock": false,
									"disableMetricsCollection": false
								},
								"enableStaging": false,
								"translator": {
									"type": "TabularTranslator",
									"mappings": [
										{
											"source": {
												"name": "Surveyid ",
												"type": "String",
												"physicalType": "String"
											},
											"sink": {
												"name": "surveyid",
												"type": "String",
												"physicalType": "varchar"
											}
										},
										{
											"source": {
												"name": " Responseid ",
												"type": "String",
												"physicalType": "String"
											},
											"sink": {
												"name": "responseId",
												"type": "String",
												"physicalType": "varchar"
											}
										},
										{
											"source": {
												"name": " Type ",
												"type": "String",
												"physicalType": "String"
											},
											"sink": {
												"name": "data_type",
												"type": "String",
												"physicalType": "varchar"
											}
										},
										{
											"source": {
												"name": " Value",
												"type": "String",
												"physicalType": "String"
											},
											"sink": {
												"name": "value",
												"type": "String",
												"physicalType": "varchar"
											}
										}
									],
									"typeConversion": true,
									"typeConversionSettings": {
										"allowDataTruncation": true,
										"treatBooleanAsNumber": false
									}
								}
							},
							"inputs": [
								{
									"referenceName": "DS_ADLS_CSV_Generic",
									"type": "DatasetReference",
									"parameters": {
										"PContainerName": "bronze",
										"PFolderPath": "qualtrics",
										"PFileName": "@item().name",
										"PStorageAccount": "@pipeline().globalParameters.GPCDPADLSUrl",
										"PSecretName": "adlscdpaccountkey@pipeline().parameters.PKVADLSSecretName"
									}
								}
							],
							"outputs": [
								{
									"referenceName": "DS_AZSQL_TGT_Generic",
									"type": "DatasetReference",
									"parameters": {
										"SchemaName": "Load",
										"TableName": "ADF_QUALTRICS_Responses_raw",
										"KVConStrSecretName": "az-sql-mi-admin-password",
										"DatabaseName": "RDS_Qualtrics"
									}
								}
							]
						},
						{
							"name": "SaveADLStoAZSQLQuestions",
							"type": "Copy",
							"dependsOn": [],
							"policy": {
								"timeout": "0.12:00:00",
								"retry": 0,
								"retryIntervalInSeconds": 30,
								"secureOutput": false,
								"secureInput": false
							},
							"userProperties": [],
							"typeProperties": {
								"source": {
									"type": "DelimitedTextSource",
									"storeSettings": {
										"type": "AzureBlobFSReadSettings",
										"recursive": true,
										"enablePartitionDiscovery": false
									},
									"formatSettings": {
										"type": "DelimitedTextReadSettings"
									}
								},
								"sink": {
									"type": "AzureSqlSink",
									"writeBehavior": "insert",
									"sqlWriterUseTableLock": false,
									"disableMetricsCollection": false
								},
								"enableStaging": false,
								"translator": {
									"type": "TabularTranslator",
									"mappings": [
										{
											"source": {
												"name": "Surveyid ",
												"type": "String",
												"physicalType": "String"
											},
											"sink": {
												"name": "SurveyID",
												"type": "String",
												"physicalType": "varchar"
											}
										},
										{
											"source": {
												"name": " QuestionText ",
												"type": "String",
												"physicalType": "String"
											},
											"sink": {
												"name": "QuestionText",
												"type": "String",
												"physicalType": "varchar"
											}
										},
										{
											"source": {
												"name": " DataExportTag ",
												"type": "String",
												"physicalType": "String"
											},
											"sink": {
												"name": "DataExportTag",
												"type": "String",
												"physicalType": "varchar"
											}
										},
										{
											"source": {
												"name": " QuestionID ",
												"type": "String",
												"physicalType": "String"
											},
											"sink": {
												"name": "QuestionID",
												"type": "String",
												"physicalType": "varchar"
											}
										},
										{
											"source": {
												"name": "QuestionType",
												"type": "String",
												"physicalType": "String"
											},
											"sink": {
												"name": "QuestionType",
												"type": "String",
												"physicalType": "varchar"
											}
										},
										{
											"source": {
												"name": "Selector",
												"type": "String",
												"physicalType": "String"
											},
											"sink": {
												"name": "Selector",
												"type": "String",
												"physicalType": "varchar"
											}
										},
										{
											"source": {
												"name": "Configuration",
												"type": "String",
												"physicalType": "String"
											},
											"sink": {
												"name": "Configuration",
												"type": "String",
												"physicalType": "varchar"
											}
										},
										{
											"source": {
												"name": "QuestionDescription",
												"type": "String",
												"physicalType": "String"
											},
											"sink": {
												"name": "QuestionDescription",
												"type": "String",
												"physicalType": "varchar"
											}
										},
										{
											"source": {
												"name": " Validation",
												"type": "String",
												"physicalType": "String"
											},
											"sink": {
												"name": "Validation",
												"type": "String",
												"physicalType": "varchar"
											}
										},
										{
											"source": {
												"name": "Language",
												"type": "String",
												"physicalType": "String"
											},
											"sink": {
												"name": "Language",
												"type": "String",
												"physicalType": "varchar"
											}
										},
										{
											"source": {
												"name": "NextChoiceId",
												"type": "String",
												"physicalType": "String"
											},
											"sink": {
												"name": "NextChoiceId",
												"type": "String",
												"physicalType": "varchar"
											}
										},
										{
											"source": {
												"name": "NextAnswerId",
												"type": "String",
												"physicalType": "String"
											},
											"sink": {
												"name": "NextAnswerId",
												"type": "String",
												"physicalType": "varchar"
											}
										},
										{
											"source": {
												"name": "QuestionText_Unsafe",
												"type": "String",
												"physicalType": "String"
											},
											"sink": {
												"name": "QuestionText_Unsafe",
												"type": "String",
												"physicalType": "varchar"
											}
										}
									],
									"typeConversion": true,
									"typeConversionSettings": {
										"allowDataTruncation": true,
										"treatBooleanAsNumber": false
									}
								}
							},
							"inputs": [
								{
									"referenceName": "DS_ADLS_CSV_Generic",
									"type": "DatasetReference",
									"parameters": {
										"PContainerName": "bronze",
										"PFolderPath": "qualtrics",
										"PFileName": "@item().questions",
										"PStorageAccount": "@pipeline().globalParameters.GPCDPADLSUrl",
										"PSecretName": "adlscdpaccountkey@pipeline().parameters.PKVADLSSecretName"
									}
								}
							],
							"outputs": [
								{
									"referenceName": "DS_AZSQL_TGT_Generic",
									"type": "DatasetReference",
									"parameters": {
										"SchemaName": "Load",
										"TableName": "QUALTRICS_SurveyQuestions",
										"KVConStrSecretName": "az-sql-mi-admin-password",
										"DatabaseName": "RDS_Qualtrics"
									}
								}
							]
						}
					]
				}
			}
		],
		"parameters": {
			"PKVADLSSecretName": {
				"type": "string",
				"defaultValue": "adlscdpaccountkey"
			}
		},
		"folder": {
			"name": "Qualtrics"
		},
		"annotations": []
	}
}