{
	"name": "Titan",
	"properties": {
		"activities": [
			{
				"name": "Copy data1",
				"type": "Copy",
				"dependsOn": [],
				"policy": {
					"timeout": "0.12:00:00",
					"retry": 0,
					"retryIntervalInSeconds": 30,
					"secureOutput": false,
					"secureInput": false
				},
				"userProperties": [],
				"typeProperties": {
					"source": {
						"type": "ParquetSource",
						"storeSettings": {
							"type": "AzureBlobFSReadSettings",
							"recursive": true,
							"enablePartitionDiscovery": false
						}
					},
					"sink": {
						"type": "SqlServerSink",
						"writeBehavior": "insert",
						"sqlWriterUseTableLock": false,
						"tableOption": "autoCreate"
					},
					"enableStaging": false,
					"translator": {
						"type": "TabularTranslator",
						"typeConversion": true,
						"typeConversionSettings": {
							"allowDataTruncation": true,
							"treatBooleanAsNumber": false
						}
					}
				},
				"inputs": [
					{
						"referenceName": "DS_ADLS_Parquet",
						"type": "DatasetReference",
						"parameters": {
							"FolderName": "trakcare/parquet",
							"FileName": "tc_s_arrivalmode",
							"StorageAccountURL": "https://devcdpadlsae1.dfs.core.windows.net",
							"ContainerName": "silver",
							"PSecretName": "adlscdpaccountkey"
						}
					}
				],
				"outputs": [
					{
						"referenceName": "DS_MSSQL_OnPrem_Generic",
						"type": "DatasetReference",
						"parameters": {
							"SchemaName": "dbo",
							"TableName": "tc_s_arrivalmode",
							"DatabaseName": "Titan",
							"ServerName": "AHSL107"
						}
					}
				]
			}
		],
		"folder": {
			"name": "TRAK"
		},
		"annotations": []
	}
}