{
	"name": "xx_single_notebook",
	"properties": {
		"activities": [
			{
				"name": "Notebook1",
				"type": "DatabricksNotebook",
				"dependsOn": [],
				"policy": {
					"timeout": "0.12:00:00",
					"retry": 0,
					"retryIntervalInSeconds": 30,
					"secureOutput": false,
					"secureInput": false
				},
				"userProperties": [],
				"typeProperties": {
					"notebookPath": "/Repos/gerys_ext@hanz.health.nz/AZ-CDP-Databricks/Load EDW/Trakcare/Dim/common/dim_age_group/ref_s_age_group",
					"baseParameters": {
						"p_etlcontrolid": {
							"value": "@string(1502)",
							"type": "Expression"
						},
						"p_batchid": {
							"value": "@string(33)",
							"type": "Expression"
						}
					}
				},
				"linkedServiceName": {
					"referenceName": "LS_Databricks",
					"type": "LinkedServiceReference",
					"parameters": {
						"DataBricksWorkSpaceURL": "https://adb-1296242858425512.12.azuredatabricks.net",
						"WorkspaceResourceID": "/subscriptions/785050c2-fb61-4fd3-86fb-6783764452dc/resourceGroups/dev-cdp-rg-ae-1/providers/Microsoft.Databricks/workspaces/dev-cdp-cluster-adb-ae-1",
						"ClusterID": "1215-203917-w1y8htzi"
					}
				}
			}
		],
		"folder": {
			"name": "TRAK"
		},
		"annotations": []
	}
}