{
  "config": "{\"version\":\"5.37\",\"themeCollection\":{\"baseTheme\":{\"name\":\"CY22SU09\",\"version\":\"5.37\",\"type\":2},\"customTheme\":{\"name\":\"ADHB_Template7912892714833142.json\",\"version\":\"5.37\",\"type\":1}},\"activeSectionIndex\":0,\"bookmarks\":[{\"displayName\":\"Access at WS Default\",\"name\":\"Bookmarke1521c8b1a3e86a09bd0\",\"explorationState\":{\"version\":\"1.3\",\"activeSection\":\"ReportSectionfea85ca6c9320102a928\",\"sections\":{\"ReportSectionfea85ca6c9320102a928\":{\"visualContainers\":{}}},\"objects\":{\"merge\":{\"outspacePane\":[{\"properties\":{\"expanded\":{\"expr\":{\"Literal\":{\"Value\":\"true\"}}}}}]}}},\"options\":{\"targetVisualNames\":[]}},{\"displayName\":\"Access at Dataset Default\",\"name\":\"Bookmarke4b98440490c6cbe8090\",\"explorationState\":{\"version\":\"1.3\",\"activeSection\":\"ReportSection5e2d1e8bc600e4111b3c\",\"sections\":{\"ReportSection5e2d1e8bc600e4111b3c\":{\"visualContainers\":{}}},\"objects\":{\"merge\":{\"outspacePane\":[{\"properties\":{\"expanded\":{\"expr\":{\"Literal\":{\"Value\":\"true\"}}}}}]}}},\"options\":{\"targetVisualNames\":[]}}],\"defaultDrillFilterOtherVisuals\":true,\"linguisticSchemaSyncVersion\":2,\"settings\":{\"useNewFilterPaneExperience\":true,\"allowChangeFilterTypes\":true,\"useStylableVisualContainerHeader\":true,\"exportDataMode\":1,\"useDefaultAggregateDisplayName\":true,\"pauseQueries\":false},\"objects\":{\"section\":[{\"properties\":{\"verticalAlignment\":{\"expr\":{\"Literal\":{\"Value\":\"'Top'\"}}}}}],\"outspacePane\":[{\"properties\":{\"expanded\":{\"expr\":{\"Literal\":{\"Value\":\"true\"}}}}}]}}",
  "layoutOptimization": 0,
  "resourcePackages": [
    {
      "resourcePackage": {
        "disabled": false,
        "items": [
          {
            "name": "ADHB_Template7912892714833142.json",
            "path": "ADHB_Template7912892714833142.json",
            "type": 100
          },
          {
            "name": "HNZ_logo_37709403266277759.JPG",
            "path": "HNZ_logo_37709403266277759.JPG",
            "type": 100
          },
          {
            "name": "HealthNZ_Template_-_teal_no_lo8954738567378084.jpg",
            "path": "HealthNZ_Template_-_teal_no_lo8954738567378084.jpg",
            "type": 100
          }
        ],
        "name": "RegisteredResources",
        "type": 1
      }
    },
    {
      "resourcePackage": {
        "disabled": false,
        "items": [
          {
            "name": "CY22SU09",
            "path": "BaseThemes/CY22SU09.json",
            "type": 202
          }
        ],
        "name": "SharedResources",
        "type": 2
      }
    }
  ],
  "sections": [
    {
      "config": "{\"objects\":{\"outspace\":[{\"properties\":{\"image\":{\"image\":{\"name\":{\"expr\":{\"Literal\":{\"Value\":\"''\"}}},\"url\":{\"expr\":{\"Literal\":{\"Value\":\"''\"}}}}}}}],\"background\":[{\"properties\":{\"image\":{\"image\":{\"name\":{\"expr\":{\"Literal\":{\"Value\":\"'HealthNZ Template - teal no logo.jpg'\"}}},\"url\":{\"expr\":{\"ResourcePackageItem\":{\"PackageName\":\"RegisteredResources\",\"PackageType\":1,\"ItemName\":\"HealthNZ_Template_-_teal_no_lo8954738567378084.jpg\"}}},\"scaling\":{\"expr\":{\"Literal\":{\"Value\":\"'Fit'\"}}}}},\"transparency\":{\"expr\":{\"Literal\":{\"Value\":\"0D\"}}}}}],\"outspacePane\":[{\"properties\":{\"width\":{\"expr\":{\"Literal\":{\"Value\":\"328L\"}}}}}]}}",
      "displayName": "Usage Metrics - DA Reports",
      "displayOption": 1,
      "filters": "[{\"name\":\"Filter0381173b1ab0ced77e90\",\"expression\":{\"Column\":{\"Expression\":{\"SourceRef\":{\"Entity\":\"Workspace Details\"}},\"Property\":\"WS_Type\"}},\"filter\":{\"Version\":2,\"From\":[{\"Name\":\"w\",\"Entity\":\"Workspace Details\",\"Type\":0}],\"Where\":[{\"Condition\":{\"In\":{\"Expressions\":[{\"Column\":{\"Expression\":{\"SourceRef\":{\"Source\":\"w\"}},\"Property\":\"WS_Type\"}}],\"Values\":[[{\"Literal\":{\"Value\":\"'Production'\"}}]]}}}]},\"type\":\"Categorical\",\"howCreated\":1,\"objects\":{}},{\"name\":\"Filter33e7983f90bb9b3dbbb1\",\"expression\":{\"Column\":{\"Expression\":{\"SourceRef\":{\"Entity\":\"BizADGrpMbr\"}},\"Property\":\"DATeamMbr\"}},\"filter\":{\"Version\":2,\"From\":[{\"Name\":\"b\",\"Entity\":\"BizADGrpMbr\",\"Type\":0}],\"Where\":[{\"Condition\":{\"In\":{\"Expressions\":[{\"Column\":{\"Expression\":{\"SourceRef\":{\"Source\":\"b\"}},\"Property\":\"DATeamMbr\"}}],\"Values\":[[{\"Literal\":{\"Value\":\"'N'\"}}]]}}}]},\"type\":\"Categorical\",\"howCreated\":1,\"objects\":{}},{\"name\":\"Filter65da5c1a710d119b0d2a\",\"expression\":{\"Column\":{\"Expression\":{\"SourceRef\":{\"Entity\":\"dim_PBI_reports (Active)\"}},\"Property\":\"dss_activeFlag\"}},\"filter\":{\"Version\":2,\"From\":[{\"Name\":\"d\",\"Entity\":\"dim_PBI_reports (Active)\",\"Type\":0}],\"Where\":[{\"Condition\":{\"In\":{\"Expressions\":[{\"Column\":{\"Expression\":{\"SourceRef\":{\"Source\":\"d\"}},\"Property\":\"dss_activeFlag\"}}],\"Values\":[[{\"Literal\":{\"Value\":\"'Y'\"}}]]}}}]},\"type\":\"Categorical\",\"howCreated\":1,\"objects\":{},\"displayName\":\"Report_activeFlag\"},{\"name\":\"Filter7de6a833c674cb93ab29\",\"expression\":{\"Column\":{\"Expression\":{\"SourceRef\":{\"Entity\":\"dim_PBI_activity\"}},\"Property\":\"activity\"}},\"filter\":{\"Version\":2,\"From\":[{\"Name\":\"d\",\"Entity\":\"dim_PBI_activity\",\"Type\":0}],\"Where\":[{\"Condition\":{\"In\":{\"Expressions\":[{\"Column\":{\"Expression\":{\"SourceRef\":{\"Source\":\"d\"}},\"Property\":\"activity\"}}],\"Values\":[[{\"Literal\":{\"Value\":\"'ViewDashboard'\"}}],[{\"Literal\":{\"Value\":\"'ViewDatamart'\"}}],[{\"Literal\":{\"Value\":\"'ViewReport'\"}}],[{\"Literal\":{\"Value\":\"'ViewUsageMetrics'\"}}]]}}}]},\"type\":\"Categorical\",\"howCreated\":1,\"objects\":{}}]",
      "height": 720.00,
      "name": "ReportSection",
      "visualContainers": [
        {
          "config": "{\"name\":\"03b792ed615d918e780d\",\"layouts\":[{\"id\":0,\"position\":{\"x\":843.6363636363636,\"y\":65.72390572390573,\"z\":4000,\"width\":130.37037037037038,\"height\":56.02693602693603}}],\"singleVisual\":{\"visualType\":\"card\",\"projections\":{\"Values\":[{\"queryRef\":\"#Measures.Total Reports\"}]},\"prototypeQuery\":{\"Version\":2,\"From\":[{\"Name\":\"#\",\"Entity\":\"#Measures\",\"Type\":0}],\"Select\":[{\"Measure\":{\"Expression\":{\"SourceRef\":{\"Source\":\"#\"}},\"Property\":\"Total Reports\"},\"Name\":\"#Measures.Total Reports\"}],\"OrderBy\":[{\"Direction\":2,\"Expression\":{\"Measure\":{\"Expression\":{\"SourceRef\":{\"Source\":\"#\"}},\"Property\":\"Total Reports\"}}}]},\"columnProperties\":{\"#Measures.Total Reports\":{\"displayName\":\"Active Reports\"}},\"drillFilterOtherVisuals\":true,\"hasDefaultSort\":true,\"objects\":{}}}",
          "filters": "[]",
          "height": 56.03,
          "width": 130.37,
          "x": 843.64,
          "y": 65.72,
          "z": 4000.00
        },
        {
          "config": "{\"name\":\"076ac5a915970d4b6815\",\"layouts\":[{\"id\":0,\"position\":{\"x\":14.908647990255787,\"y\":406.9183922046285,\"z\":2000,\"width\":634.9330085261876,\"height\":249.06211936662606}}],\"singleVisual\":{\"visualType\":\"tableEx\",\"projections\":{\"Values\":[{\"queryRef\":\"dim_PBI_reports.name\"},{\"queryRef\":\"#Measures.Total Activities\"},{\"queryRef\":\"#Measures.Total Users\"},{\"queryRef\":\"dim_PBI_activity.activity\"},{\"queryRef\":\"Workspace Details.name\"}]},\"prototypeQuery\":{\"Version\":2,\"From\":[{\"Name\":\"#\",\"Entity\":\"#Measures\",\"Type\":0},{\"Name\":\"d\",\"Entity\":\"dim_PBI_reports (Active)\",\"Type\":0},{\"Name\":\"d2\",\"Entity\":\"dim_PBI_activity\",\"Type\":0},{\"Name\":\"w\",\"Entity\":\"Workspace Details\",\"Type\":0}],\"Select\":[{\"Measure\":{\"Expression\":{\"SourceRef\":{\"Source\":\"#\"}},\"Property\":\"Total Activities\"},\"Name\":\"#Measures.Total Activities\"},{\"Measure\":{\"Expression\":{\"SourceRef\":{\"Source\":\"#\"}},\"Property\":\"Total Active Users\"},\"Name\":\"#Measures.Total Users\"},{\"Column\":{\"Expression\":{\"SourceRef\":{\"Source\":\"d\"}},\"Property\":\"name\"},\"Name\":\"dim_PBI_reports.name\"},{\"Column\":{\"Expression\":{\"SourceRef\":{\"Source\":\"d2\"}},\"Property\":\"activity\"},\"Name\":\"dim_PBI_activity.activity\"},{\"Column\":{\"Expression\":{\"SourceRef\":{\"Source\":\"w\"}},\"Property\":\"name\"},\"Name\":\"Workspace Details.name\"}],\"OrderBy\":[{\"Direction\":1,\"Expression\":{\"Column\":{\"Expression\":{\"SourceRef\":{\"Source\":\"w\"}},\"Property\":\"name\"}}}]},\"columnProperties\":{\"dim_PBI_reports.name\":{\"displayName\":\"Report Name\"},\"dim_PBI_activity.activity\":{\"displayName\":\"Activity Type\"},\"Workspace Details.name\":{\"displayName\":\"Workspace\"}},\"drillFilterOtherVisuals\":true,\"objects\":{\"values\":[{\"properties\":{\"urlIcon\":{\"expr\":{\"Literal\":{\"Value\":\"true\"}}}}}],\"columnFormatting\":[{\"properties\":{\"dataBars\":{\"positiveColor\":{\"solid\":{\"color\":{\"expr\":{\"Literal\":{\"Value\":\"'maxColor'\"}}}}},\"negativeColor\":{\"solid\":{\"color\":{\"expr\":{\"Literal\":{\"Value\":\"'minColor'\"}}}}},\"axisColor\":{\"solid\":{\"color\":{\"expr\":{\"Literal\":{\"Value\":\"'foreground'\"}}}}},\"reverseDirection\":{\"expr\":{\"Literal\":{\"Value\":\"false\"}}},\"hideText\":{\"expr\":{\"Literal\":{\"Value\":\"false\"}}}}},\"selector\":{\"metadata\":\"#Measures.Total Activities\"}},{\"properties\":{\"dataBars\":{\"positiveColor\":{\"solid\":{\"color\":{\"expr\":{\"Literal\":{\"Value\":\"'maxColor'\"}}}}},\"negativeColor\":{\"solid\":{\"color\":{\"expr\":{\"Literal\":{\"Value\":\"'minColor'\"}}}}},\"axisColor\":{\"solid\":{\"color\":{\"expr\":{\"Literal\":{\"Value\":\"'foreground'\"}}}}},\"reverseDirection\":{\"expr\":{\"Literal\":{\"Value\":\"false\"}}},\"hideText\":{\"expr\":{\"Literal\":{\"Value\":\"false\"}}}}},\"selector\":{\"metadata\":\"#Measures.Total Users\"}}]}}}",
          "filters": "[]",
          "height": 249.06,
          "width": 634.93,
          "x": 14.91,
          "y": 406.92,
          "z": 2000.00
        },
        {
          "config": "{\"name\":\"28cac0da0e7319334720\",\"layouts\":[{\"id\":0,\"position\":{\"x\":0,\"y\":655.9805115712546,\"z\":7000,\"width\":785.7734470158343,\"height\":56.126674786845314}}],\"singleVisual\":{\"visualType\":\"textbox\",\"drillFilterOtherVisuals\":true,\"objects\":{\"general\":[{\"properties\":{\"paragraphs\":[{\"textRuns\":[{\"value\":\"This report:\"}]},{\"textRuns\":[{\"value\":\" includes activities of non-Data and Analytics Team members only (based on AD group membership) - DATeamMber = N\"}],\"listType\":\"bullet\"},{\"textRuns\":[{\"value\":\"does not include reports that were deleted (ActiveFlag is not Blank), and those in self-service, DEV and ACC workspaces.\"}],\"listType\":\"bullet\"}]}}]},\"vcObjects\":{\"background\":[{\"properties\":{\"show\":{\"expr\":{\"Literal\":{\"Value\":\"false\"}}}}}]}}}",
          "filters": "[]",
          "height": 56.13,
          "width": 785.77,
          "x": 0.00,
          "y": 655.98,
          "z": 7000.00
        },
        {
          "config": "{\"name\":\"3b69ce1b1893939cace8\",\"layouts\":[{\"id\":0,\"position\":{\"x\":1005.8952496954934,\"y\":406.9183922046285,\"z\":10000,\"width\":256.07795371498173,\"height\":249.06211936662606}}],\"singleVisual\":{\"visualType\":\"tableEx\",\"projections\":{\"Values\":[{\"queryRef\":\"Workspace Details.name\"}]},\"prototypeQuery\":{\"Version\":2,\"From\":[{\"Name\":\"w\",\"Entity\":\"Workspace Details\",\"Type\":0}],\"Select\":[{\"Column\":{\"Expression\":{\"SourceRef\":{\"Source\":\"w\"}},\"Property\":\"name\"},\"Name\":\"Workspace Details.name\"}],\"OrderBy\":[{\"Direction\":2,\"Expression\":{\"Column\":{\"Expression\":{\"SourceRef\":{\"Source\":\"w\"}},\"Property\":\"name\"}}}]},\"columnProperties\":{\"Workspace Details.name\":{\"displayName\":\"Workspaces Included\"}},\"drillFilterOtherVisuals\":true}}",
          "filters": "[]",
          "height": 249.06,
          "width": 256.08,
          "x": 1005.90,
          "y": 406.92,
          "z": 10000.00
        },
        {
          "config": "{\"name\":\"4867f93c002a973a3dc8\",\"layouts\":[{\"id\":0,\"position\":{\"x\":14.006734006734007,\"y\":134.68013468013467,\"z\":1000,\"width\":634.6127946127946,\"height\":265.0505050505051}}],\"singleVisual\":{\"visualType\":\"lineChart\",\"projections\":{\"Y\":[{\"queryRef\":\"#Measures.Total Activities\"}],\"Category\":[{\"queryRef\":\"dim_date.MMMYYYY\",\"active\":true}],\"Series\":[{\"queryRef\":\"dim_PBI_reports (Active).name\"}]},\"prototypeQuery\":{\"Version\":2,\"From\":[{\"Name\":\"d\",\"Entity\":\"dim_date\",\"Type\":0},{\"Name\":\"d1\",\"Entity\":\"dim_PBI_reports (Active)\",\"Type\":0},{\"Name\":\"#\",\"Entity\":\"#Measures\",\"Type\":0}],\"Select\":[{\"Column\":{\"Expression\":{\"SourceRef\":{\"Source\":\"d\"}},\"Property\":\"MMMYYYY\"},\"Name\":\"dim_date.MMMYYYY\"},{\"Column\":{\"Expression\":{\"SourceRef\":{\"Source\":\"d1\"}},\"Property\":\"name\"},\"Name\":\"dim_PBI_reports (Active).name\"},{\"Measure\":{\"Expression\":{\"SourceRef\":{\"Source\":\"#\"}},\"Property\":\"Total Activities\"},\"Name\":\"#Measures.Total Activities\"}]},\"queryFieldParametersByRole\":{\"Y\":[{\"index\":0,\"length\":1,\"expr\":{\"Column\":{\"Expression\":{\"SourceRef\":{\"Entity\":\"Usage Measure Selection\"}},\"Property\":\"Usage Measure Selection\"}}}]},\"columnProperties\":{\"dim_PBI_reports.name\":{\"displayName\":\"Report Name\"},\"#Measures.Total Activities\":{\"displayName\":\"Total Activities\"}},\"drillFilterOtherVisuals\":true,\"objects\":{\"legend\":[{\"properties\":{\"show\":{\"expr\":{\"Literal\":{\"Value\":\"true\"}}}}}],\"valueAxis\":[{\"properties\":{\"show\":{\"expr\":{\"Literal\":{\"Value\":\"true\"}}},\"showAxisTitle\":{\"expr\":{\"Literal\":{\"Value\":\"false\"}}}}}],\"categoryAxis\":[{\"properties\":{\"showAxisTitle\":{\"expr\":{\"Literal\":{\"Value\":\"false\"}}}}}]},\"vcObjects\":{\"title\":[{\"properties\":{\"text\":{\"expr\":{\"Aggregation\":{\"Expression\":{\"Column\":{\"Expression\":{\"SourceRef\":{\"Entity\":\"Usage Measure Selection\"}},\"Property\":\"Usage Measure Selection\"}},\"Function\":3}}}}}]}}}",
          "filters": "[]",
          "height": 265.05,
          "width": 634.61,
          "x": 14.01,
          "y": 134.68,
          "z": 1000.00
        },
        {
          "config": "{\"name\":\"4bda6c9ea0c790075697\",\"layouts\":[{\"id\":0,\"position\":{\"x\":14.006734006734007,\"y\":65.72390572390573,\"z\":12000,\"width\":309.22558922558926,\"height\":61.41414141414142}}],\"singleVisual\":{\"visualType\":\"slicer\",\"projections\":{\"Values\":[{\"queryRef\":\"Usage Measure Selection 2.Usage Measure Selection\",\"active\":true}]},\"prototypeQuery\":{\"Version\":2,\"From\":[{\"Name\":\"u\",\"Entity\":\"Usage Measure Selection\",\"Type\":0}],\"Select\":[{\"Column\":{\"Expression\":{\"SourceRef\":{\"Source\":\"u\"}},\"Property\":\"Usage Measure Selection\"},\"Name\":\"Usage Measure Selection 2.Usage Measure Selection\"}]},\"drillFilterOtherVisuals\":true,\"objects\":{\"general\":[{\"properties\":{\"orientation\":{\"expr\":{\"Literal\":{\"Value\":\"1D\"}}},\"filter\":{\"filter\":{\"Version\":2,\"From\":[{\"Name\":\"u\",\"Entity\":\"Usage Measure Selection\",\"Type\":0}],\"Where\":[{\"Condition\":{\"In\":{\"Expressions\":[{\"Column\":{\"Expression\":{\"SourceRef\":{\"Source\":\"u\"}},\"Property\":\"Usage Measure Selection Fields\"}}],\"Values\":[[{\"Literal\":{\"Value\":\"'''#Measures''[Total Activities]'\"}}]]}}}]}}}}],\"selection\":[{\"properties\":{\"strictSingleSelect\":{\"expr\":{\"Literal\":{\"Value\":\"true\"}}}}}]},\"vcObjects\":{\"background\":[{\"properties\":{\"show\":{\"expr\":{\"Literal\":{\"Value\":\"false\"}}}}}],\"title\":[{\"properties\":{\"show\":{\"expr\":{\"Literal\":{\"Value\":\"true\"}}},\"text\":{\"expr\":{\"Literal\":{\"Value\":\"'Measure'\"}}}}}]},\"cachedFilterDisplayItems\":[{\"id\":{\"scopeId\":{\"Comparison\":{\"ComparisonKind\":0,\"Left\":{\"Column\":{\"Expression\":{\"SourceRef\":{\"Entity\":\"Usage Measure Selection\"}},\"Property\":\"Usage Measure Selection Fields\"}},\"Right\":{\"Literal\":{\"Value\":\"'''#Measures''[Total Activities]'\"}}}}},\"displayName\":\"Total Activities\"}]}}",
          "filters": "[]",
          "height": 61.41,
          "width": 309.23,
          "x": 14.01,
          "y": 65.72,
          "z": 12000.00
        },
        {
          "config": "{\"name\":\"598b2e449800b120075a\",\"layouts\":[{\"id\":0,\"position\":{\"x\":1081.3154689403168,\"y\":5.261875761266748,\"z\":9000,\"width\":181.5347137637028,\"height\":60.511571254567606}}],\"singleVisual\":{\"visualType\":\"textbox\",\"drillFilterOtherVisuals\":true,\"objects\":{\"general\":[{\"properties\":{\"paragraphs\":[{\"textRuns\":[{\"value\":\"As At:\"}]},{\"textRuns\":[{\"value\":\"\"}]},{\"textRuns\":[{\"value\":\"By Data and Analytics Team\"}]}]}}]},\"vcObjects\":{\"background\":[{\"properties\":{\"show\":{\"expr\":{\"Literal\":{\"Value\":\"false\"}}}}}]}}}",
          "filters": "[]",
          "height": 60.51,
          "width": 181.53,
          "x": 1081.32,
          "y": 5.26,
          "z": 9000.00
        },
        {
          "config": "{\"name\":\"5ddde6074c32eccbc5ea\",\"layouts\":[{\"id\":0,\"position\":{\"x\":153.47137637028015,\"y\":135.05481120584653,\"z\":16000,\"width\":18.416565164433617,\"height\":21.92448233861145}}],\"singleVisual\":{\"visualType\":\"actionButton\",\"drillFilterOtherVisuals\":true,\"objects\":{\"icon\":[{\"properties\":{\"shapeType\":{\"expr\":{\"Literal\":{\"Value\":\"'information'\"}}},\"lineWeight\":{\"expr\":{\"Literal\":{\"Value\":\"1L\"}}},\"lineColor\":{\"solid\":{\"color\":{\"expr\":{\"ThemeDataColor\":{\"ColorId\":3,\"Percent\":0}}}}}},\"selector\":{\"id\":\"default\"}}],\"shape\":[{\"properties\":{\"roundEdge\":{\"expr\":{\"Literal\":{\"Value\":\"0L\"}}}},\"selector\":{\"id\":\"default\"}}],\"text\":[{\"properties\":{\"show\":{\"expr\":{\"Literal\":{\"Value\":\"false\"}}}}},{\"properties\":{\"text\":{\"expr\":{\"Literal\":{\"Value\":\"''\"}}}},\"selector\":{\"id\":\"hover\"}}]},\"vcObjects\":{\"visualLink\":[{\"properties\":{\"show\":{\"expr\":{\"Literal\":{\"Value\":\"true\"}}},\"tooltip\":{\"expr\":{\"Literal\":{\"Value\":\"'Total for each report'\"}}}}}]}}}",
          "filters": "[]",
          "height": 21.92,
          "width": 18.42,
          "x": 153.47,
          "y": 135.05,
          "z": 16000.00
        },
        {
          "config": "{\"name\":\"77b43b9bb1a0d53a35bd\",\"layouts\":[{\"id\":0,\"position\":{\"x\":0,\"y\":0,\"z\":0,\"width\":153.67781155015197,\"height\":84.62006079027356}}],\"singleVisual\":{\"visualType\":\"image\",\"drillFilterOtherVisuals\":true,\"objects\":{\"general\":[{\"properties\":{\"imageUrl\":{\"expr\":{\"ResourcePackageItem\":{\"PackageName\":\"RegisteredResources\",\"PackageType\":1,\"ItemName\":\"HNZ_logo_37709403266277759.JPG\"}}}}}]}}}",
          "filters": "[]",
          "height": 84.62,
          "width": 153.68,
          "x": 0.00,
          "y": 0.00,
          "z": 0.00
        },
        {
          "config": "{\"name\":\"8bf24bece0caec86598b\",\"layouts\":[{\"id\":0,\"position\":{\"x\":656.857490864799,\"y\":406.9183922046285,\"z\":3000,\"width\":342.02192448233865,\"height\":249.06211936662606}}],\"singleVisual\":{\"visualType\":\"tableEx\",\"projections\":{\"Values\":[{\"queryRef\":\"Events.UserId\"},{\"queryRef\":\"#Measures.Total Activities\"},{\"queryRef\":\"#Measures.Total Reports\"}]},\"prototypeQuery\":{\"Version\":2,\"From\":[{\"Name\":\"e\",\"Entity\":\"Events\",\"Type\":0},{\"Name\":\"#\",\"Entity\":\"#Measures\",\"Type\":0}],\"Select\":[{\"Column\":{\"Expression\":{\"SourceRef\":{\"Source\":\"e\"}},\"Property\":\"UserId\"},\"Name\":\"Events.UserId\"},{\"Measure\":{\"Expression\":{\"SourceRef\":{\"Source\":\"#\"}},\"Property\":\"Total Activities\"},\"Name\":\"#Measures.Total Activities\"},{\"Measure\":{\"Expression\":{\"SourceRef\":{\"Source\":\"#\"}},\"Property\":\"Total Reports\"},\"Name\":\"#Measures.Total Reports\"}],\"OrderBy\":[{\"Direction\":2,\"Expression\":{\"Measure\":{\"Expression\":{\"SourceRef\":{\"Source\":\"#\"}},\"Property\":\"Total Activities\"}}}]},\"drillFilterOtherVisuals\":true,\"objects\":{\"columnFormatting\":[{\"properties\":{\"dataBars\":{\"positiveColor\":{\"solid\":{\"color\":{\"expr\":{\"Literal\":{\"Value\":\"'maxColor'\"}}}}},\"negativeColor\":{\"solid\":{\"color\":{\"expr\":{\"Literal\":{\"Value\":\"'minColor'\"}}}}},\"axisColor\":{\"solid\":{\"color\":{\"expr\":{\"Literal\":{\"Value\":\"'foreground'\"}}}}},\"reverseDirection\":{\"expr\":{\"Literal\":{\"Value\":\"false\"}}},\"hideText\":{\"expr\":{\"Literal\":{\"Value\":\"false\"}}}}},\"selector\":{\"metadata\":\"#Measures.Total Activities\"}},{\"properties\":{\"dataBars\":{\"positiveColor\":{\"solid\":{\"color\":{\"expr\":{\"Literal\":{\"Value\":\"'maxColor'\"}}}}},\"negativeColor\":{\"solid\":{\"color\":{\"expr\":{\"Literal\":{\"Value\":\"'minColor'\"}}}}},\"axisColor\":{\"solid\":{\"color\":{\"expr\":{\"Literal\":{\"Value\":\"'foreground'\"}}}}},\"reverseDirection\":{\"expr\":{\"Literal\":{\"Value\":\"false\"}}},\"hideText\":{\"expr\":{\"Literal\":{\"Value\":\"false\"}}}}},\"selector\":{\"metadata\":\"#Measures.Total Reports\"}}]}}}",
          "filters": "[]",
          "height": 249.06,
          "width": 342.02,
          "x": 656.86,
          "y": 406.92,
          "z": 3000.00
        },
        {
          "config": "{\"name\":\"913979a517e66d224008\",\"layouts\":[{\"id\":0,\"position\":{\"x\":1088.3313032886724,\"y\":2.630937880633374,\"z\":8000,\"width\":182.41169305724728,\"height\":31.571254567600487}}],\"singleVisual\":{\"visualType\":\"card\",\"projections\":{\"Values\":[{\"queryRef\":\"#Measures.Refresh Date\"}]},\"prototypeQuery\":{\"Version\":2,\"From\":[{\"Name\":\"#\",\"Entity\":\"#Measures\",\"Type\":0}],\"Select\":[{\"Measure\":{\"Expression\":{\"SourceRef\":{\"Source\":\"#\"}},\"Property\":\"Refresh Date\"},\"Name\":\"#Measures.Refresh Date\"}],\"OrderBy\":[{\"Direction\":1,\"Expression\":{\"Measure\":{\"Expression\":{\"SourceRef\":{\"Source\":\"#\"}},\"Property\":\"Refresh Date\"}}}]},\"drillFilterOtherVisuals\":true,\"hasDefaultSort\":true,\"objects\":{\"categoryLabels\":[{\"properties\":{\"show\":{\"expr\":{\"Literal\":{\"Value\":\"false\"}}}}}],\"labels\":[{\"properties\":{\"fontSize\":{\"expr\":{\"Literal\":{\"Value\":\"8D\"}}}}}]},\"vcObjects\":{\"background\":[{\"properties\":{\"show\":{\"expr\":{\"Literal\":{\"Value\":\"false\"}}}}}]}}}",
          "filters": "[]",
          "height": 31.57,
          "width": 182.41,
          "x": 1088.33,
          "y": 2.63,
          "z": 8000.00
        },
        {
          "config": "{\"name\":\"aad3bce696ec45e0e3d9\",\"layouts\":[{\"id\":0,\"position\":{\"x\":261.8181818181818,\"y\":18.31649831649832,\"z\":5000,\"width\":547.3400673400673,\"height\":47.40740740740741}}],\"singleVisual\":{\"visualType\":\"textbox\",\"drillFilterOtherVisuals\":true,\"objects\":{\"general\":[{\"properties\":{\"paragraphs\":[{\"textRuns\":[{\"value\":\"Report Usage Metrics - Production\",\"textStyle\":{\"fontWeight\":\"bold\",\"fontSize\":\"24pt\",\"color\":\"#15284c\"}}]}]}}]},\"vcObjects\":{\"background\":[{\"properties\":{\"show\":{\"expr\":{\"Literal\":{\"Value\":\"false\"}}}}}]}}}",
          "filters": "[]",
          "height": 47.41,
          "width": 547.34,
          "x": 261.82,
          "y": 18.32,
          "z": 5000.00
        },
        {
          "config": "{\"name\":\"c38ebd80b077e8e9b45b\",\"layouts\":[{\"id\":0,\"position\":{\"x\":700.3367003367003,\"y\":64.64646464646465,\"z\":6000,\"width\":131.44781144781146,\"height\":57.10437710437711}}],\"singleVisual\":{\"visualType\":\"card\",\"projections\":{\"Values\":[{\"queryRef\":\"Min(Workspace Details.name)\"}]},\"prototypeQuery\":{\"Version\":2,\"From\":[{\"Name\":\"w\",\"Entity\":\"Workspace Details\",\"Type\":0}],\"Select\":[{\"Aggregation\":{\"Expression\":{\"Column\":{\"Expression\":{\"SourceRef\":{\"Source\":\"w\"}},\"Property\":\"name\"}},\"Function\":2},\"Name\":\"Min(Workspace Details.name)\"}],\"OrderBy\":[{\"Direction\":2,\"Expression\":{\"Aggregation\":{\"Expression\":{\"Column\":{\"Expression\":{\"SourceRef\":{\"Source\":\"w\"}},\"Property\":\"name\"}},\"Function\":2}}}]},\"columnProperties\":{\"Min(Workspace Details.name)\":{\"displayName\":\"Active Workspaces\"}},\"drillFilterOtherVisuals\":true,\"hasDefaultSort\":true,\"objects\":{}}}",
          "filters": "[{\"name\":\"Filter9c4a4d97cc8b00b0e2ca\",\"expression\":{\"Column\":{\"Expression\":{\"SourceRef\":{\"Entity\":\"dim_PBI_workspaces\"}},\"Property\":\"dss_activeFlag\"}},\"filter\":{\"Version\":2,\"From\":[{\"Name\":\"d\",\"Entity\":\"dim_PBI_workspaces\",\"Type\":0}],\"Where\":[{\"Condition\":{\"In\":{\"Expressions\":[{\"Column\":{\"Expression\":{\"SourceRef\":{\"Source\":\"d\"}},\"Property\":\"dss_activeFlag\"}}],\"Values\":[[{\"Literal\":{\"Value\":\"'Y'\"}}]]}}}]},\"type\":\"Categorical\",\"howCreated\":1,\"objects\":{}}]",
          "height": 57.10,
          "width": 131.45,
          "x": 700.34,
          "y": 64.65,
          "z": 6000.00
        },
        {
          "config": "{\"name\":\"c9f5e74bd0aee8381dd6\",\"layouts\":[{\"id\":0,\"position\":{\"x\":985.8585858585859,\"y\":65.72390572390573,\"z\":11000,\"width\":276.9023569023569,\"height\":58.18181818181818}}],\"singleVisual\":{\"visualType\":\"slicer\",\"projections\":{\"Values\":[{\"queryRef\":\"dim_PBI_reports.name\",\"active\":true}]},\"prototypeQuery\":{\"Version\":2,\"From\":[{\"Name\":\"d\",\"Entity\":\"dim_PBI_reports (Active)\",\"Type\":0}],\"Select\":[{\"Column\":{\"Expression\":{\"SourceRef\":{\"Source\":\"d\"}},\"Property\":\"name\"},\"Name\":\"dim_PBI_reports.name\"}]},\"columnProperties\":{\"dim_PBI_reports.name\":{\"displayName\":\"Report Name\"}},\"drillFilterOtherVisuals\":true,\"objects\":{\"data\":[{\"properties\":{\"mode\":{\"expr\":{\"Literal\":{\"Value\":\"'Dropdown'\"}}}}}],\"general\":[{\"properties\":{\"selfFilterEnabled\":{\"expr\":{\"Literal\":{\"Value\":\"true\"}}},\"selfFilter\":{\"filter\":{\"Version\":2,\"From\":[{\"Name\":\"d\",\"Entity\":\"dim_PBI_reports (Active)\",\"Type\":0}],\"Where\":[{\"Condition\":{\"Contains\":{\"Left\":{\"Column\":{\"Expression\":{\"SourceRef\":{\"Source\":\"d\"}},\"Property\":\"name\"}},\"Right\":{\"Literal\":{\"Value\":\"'surgic'\"}}}},\"Annotations\":{\"PowerBI.MParameterBehavior\":1}}]}},\"filter\":{\"filter\":{\"Version\":2,\"From\":[{\"Name\":\"d\",\"Entity\":\"dim_PBI_reports (Active)\",\"Type\":0}],\"Where\":[{\"Condition\":{\"In\":{\"Expressions\":[{\"Column\":{\"Expression\":{\"SourceRef\":{\"Source\":\"d\"}},\"Property\":\"name\"}}],\"Values\":[[{\"Literal\":{\"Value\":\"'Surgical Waitlist'\"}}],[{\"Literal\":{\"Value\":\"'Surgical Waitlist - Data Exploration'\"}}]]}}}]}}}}]}}}",
          "filters": "[]",
          "height": 58.18,
          "width": 276.90,
          "x": 985.86,
          "y": 65.72,
          "z": 11000.00
        },
        {
          "config": "{\"name\":\"d76ef2e6ed1eea028a01\",\"layouts\":[{\"id\":0,\"position\":{\"x\":298.45117845117846,\"y\":64.64646464646465,\"z\":14000,\"width\":413.73737373737373,\"height\":62.49158249158249}}],\"singleVisual\":{\"visualType\":\"slicer\",\"projections\":{\"Values\":[{\"queryRef\":\"Category.Category\",\"active\":true}]},\"prototypeQuery\":{\"Version\":2,\"From\":[{\"Name\":\"c1\",\"Entity\":\"Category\",\"Type\":0}],\"Select\":[{\"Column\":{\"Expression\":{\"SourceRef\":{\"Source\":\"c1\"}},\"Property\":\"Category\"},\"Name\":\"Category.Category\"}]},\"drillFilterOtherVisuals\":true,\"objects\":{\"general\":[{\"properties\":{\"orientation\":{\"expr\":{\"Literal\":{\"Value\":\"1D\"}}},\"filter\":{\"filter\":{\"Version\":2,\"From\":[{\"Name\":\"c\",\"Entity\":\"Category\",\"Type\":0}],\"Where\":[{\"Condition\":{\"In\":{\"Expressions\":[{\"Column\":{\"Expression\":{\"SourceRef\":{\"Source\":\"c\"}},\"Property\":\"Category Fields\"}}],\"Values\":[[{\"Literal\":{\"Value\":\"'''Hour Buckets''[HourBucket]'\"}}]]}}}]}}}}],\"selection\":[{\"properties\":{\"strictSingleSelect\":{\"expr\":{\"Literal\":{\"Value\":\"true\"}}}}}],\"data\":[{\"properties\":{\"mode\":{\"expr\":{\"Literal\":{\"Value\":\"'Basic'\"}}}}}]},\"vcObjects\":{\"title\":[{\"properties\":{\"show\":{\"expr\":{\"Literal\":{\"Value\":\"true\"}}},\"text\":{\"expr\":{\"Literal\":{\"Value\":\"'Category'\"}}}}}],\"background\":[{\"properties\":{\"show\":{\"expr\":{\"Literal\":{\"Value\":\"false\"}}}}}]},\"cachedFilterDisplayItems\":[{\"id\":{\"scopeId\":{\"Comparison\":{\"ComparisonKind\":0,\"Left\":{\"Column\":{\"Expression\":{\"SourceRef\":{\"Entity\":\"Category\"}},\"Property\":\"Category Fields\"}},\"Right\":{\"Literal\":{\"Value\":\"'''Hour Buckets''[HourBucket]'\"}}}}},\"displayName\":\"Hour Bucket\"}]}}",
          "filters": "[]",
          "height": 62.49,
          "width": 413.74,
          "x": 298.45,
          "y": 64.65,
          "z": 14000.00
        },
        {
          "config": "{\"name\":\"d8d6a0e20ec76e5b1600\",\"layouts\":[{\"id\":0,\"position\":{\"x\":656.857490864799,\"y\":135.05481120584653,\"z\":13000,\"width\":605.115712545676,\"height\":264.8477466504263}}],\"singleVisual\":{\"visualType\":\"lineChart\",\"projections\":{\"Y\":[{\"queryRef\":\"#Measures.Total Activities\"}],\"Category\":[{\"queryRef\":\"Hour Buckets.HourBucket\",\"active\":true}]},\"prototypeQuery\":{\"Version\":2,\"From\":[{\"Name\":\"#\",\"Entity\":\"#Measures\",\"Type\":0},{\"Name\":\"h\",\"Entity\":\"Hour Buckets\",\"Type\":0}],\"Select\":[{\"Measure\":{\"Expression\":{\"SourceRef\":{\"Source\":\"#\"}},\"Property\":\"Total Activities\"},\"Name\":\"#Measures.Total Activities\"},{\"Column\":{\"Expression\":{\"SourceRef\":{\"Source\":\"h\"}},\"Property\":\"HourBucket\"},\"Name\":\"Hour Buckets.HourBucket\"}]},\"queryFieldParametersByRole\":{\"Y\":[{\"index\":0,\"length\":1,\"expr\":{\"Column\":{\"Expression\":{\"SourceRef\":{\"Entity\":\"Usage Measure Selection\"}},\"Property\":\"Usage Measure Selection\"}}}],\"Category\":[{\"index\":0,\"length\":1,\"expr\":{\"Column\":{\"Expression\":{\"SourceRef\":{\"Entity\":\"Category\"}},\"Property\":\"Category\"}}}]},\"columnProperties\":{\"#Measures.Total Activities\":{\"displayName\":\"Total Activities\"},\"Hour Buckets.HourBucket\":{\"displayName\":\"Hour Bucket\"}},\"drillFilterOtherVisuals\":true,\"objects\":{\"legend\":[{\"properties\":{\"show\":{\"expr\":{\"Literal\":{\"Value\":\"false\"}}}}}],\"valueAxis\":[{\"properties\":{\"show\":{\"expr\":{\"Literal\":{\"Value\":\"true\"}}},\"showAxisTitle\":{\"expr\":{\"Literal\":{\"Value\":\"false\"}}}}}],\"categoryAxis\":[{\"properties\":{\"showAxisTitle\":{\"expr\":{\"Literal\":{\"Value\":\"false\"}}}}}]},\"vcObjects\":{\"title\":[{\"properties\":{\"text\":{\"expr\":{\"Aggregation\":{\"Expression\":{\"Column\":{\"Expression\":{\"SourceRef\":{\"Entity\":\"Usage Measure Selection\"}},\"Property\":\"Usage Measure Selection\"}},\"Function\":3}}}}}]}}}",
          "filters": "[]",
          "height": 264.85,
          "width": 605.12,
          "x": 656.86,
          "y": 135.05,
          "z": 13000.00
        },
        {
          "config": "{\"name\":\"dd3b1a33c7e3ce63ec6c\",\"layouts\":[{\"id\":0,\"position\":{\"x\":801.5590742996346,\"y\":135.05481120584653,\"z\":15000,\"width\":18.416565164433617,\"height\":21.92448233861145}}],\"singleVisual\":{\"visualType\":\"actionButton\",\"drillFilterOtherVisuals\":true,\"objects\":{\"icon\":[{\"properties\":{\"shapeType\":{\"expr\":{\"Literal\":{\"Value\":\"'information'\"}}},\"lineWeight\":{\"expr\":{\"Literal\":{\"Value\":\"1L\"}}},\"lineColor\":{\"solid\":{\"color\":{\"expr\":{\"ThemeDataColor\":{\"ColorId\":3,\"Percent\":0}}}}}},\"selector\":{\"id\":\"default\"}}],\"shape\":[{\"properties\":{\"roundEdge\":{\"expr\":{\"Literal\":{\"Value\":\"0L\"}}}},\"selector\":{\"id\":\"default\"}}],\"text\":[{\"properties\":{\"show\":{\"expr\":{\"Literal\":{\"Value\":\"false\"}}}}},{\"properties\":{\"text\":{\"expr\":{\"Literal\":{\"Value\":\"''\"}}}},\"selector\":{\"id\":\"hover\"}}]},\"vcObjects\":{\"visualLink\":[{\"properties\":{\"show\":{\"expr\":{\"Literal\":{\"Value\":\"true\"}}},\"tooltip\":{\"expr\":{\"Literal\":{\"Value\":\"'Aggregated measure for all reports unless selected'\"}}}}}]}}}",
          "filters": "[]",
          "height": 21.92,
          "width": 18.42,
          "x": 801.56,
          "y": 135.05,
          "z": 15000.00
        }
      ],
      "width": 1280.00
    }
  ],
  "theme": "ADHB_Template7912892714833142.json"
}