{
  "config": "{\"version\":\"5.37\",\"themeCollection\":{\"baseTheme\":{\"name\":\"CY21SU04\",\"version\":\"5.20\",\"type\":2},\"customTheme\":{\"name\":\"ADHB_Template39759223763621065.json\",\"version\":\"5.28\",\"type\":1}},\"activeSectionIndex\":0,\"defaultDrillFilterOtherVisuals\":true,\"slowDataSourceSettings\":{\"isCrossHighlightingDisabled\":false,\"isSlicerSelectionsButtonEnabled\":false,\"isFilterSelectionsButtonEnabled\":false,\"isFieldWellButtonEnabled\":false,\"isApplyAllButtonEnabled\":false},\"linguisticSchemaSyncVersion\":2,\"settings\":{\"useStylableVisualContainerHeader\":true,\"exportDataMode\":2,\"allowChangeFilterTypes\":true},\"objects\":{\"section\":[{\"properties\":{\"verticalAlignment\":{\"expr\":{\"Literal\":{\"Value\":\"'Top'\"}}}}}],\"outspacePane\":[{\"properties\":{\"expanded\":{\"expr\":{\"Literal\":{\"Value\":\"false\"}}}}}]}}",
  "filters": "[]",
  "layoutOptimization": 0,
  "resourcePackages": [
    {
      "resourcePackage": {
        "disabled": false,
        "items": [
          {
            "name": "CY21SU04",
            "path": "BaseThemes/CY21SU04.json",
            "type": 202
          }
        ],
        "name": "SharedResources",
        "type": 2
      }
    },
    {
      "resourcePackage": {
        "items": [
          {
            "name": "ADHB_Template39759223763621065.json",
            "path": "ADHB_Template39759223763621065.json",
            "type": 100
          },
          {
            "name": "background_26331271816547921.PNG",
            "path": "background_26331271816547921.PNG",
            "type": 100
          },
          {
            "name": "background_26937478479120665.PNG",
            "path": "background_26937478479120665.PNG",
            "type": 100
          }
        ],
        "name": "RegisteredResources",
        "type": 1
      }
    }
  ],
  "sections": [
    {
      "config": "{\"visibility\":1}",
      "displayName": "Note to Developer",
      "displayOption": 1,
      "filters": "[]",
      "height": 720.00,
      "name": "ReportSection45bb0e07b68810a99013",
      "ordinal": 2,
      "visualContainers": [
        {
          "config": "{\"name\":\"74edea818e7902a69004\",\"layouts\":[{\"id\":0,\"position\":{\"x\":24.797047970479706,\"y\":37.19557195571956,\"z\":1000,\"width\":708.4870848708487,\"height\":646.4944649446495}}],\"singleVisual\":{\"visualType\":\"textbox\",\"drillFilterOtherVisuals\":true,\"objects\":{\"general\":[{\"properties\":{\"paragraphs\":[{\"textRuns\":[{\"value\":\"Note to Developer:\",\"textStyle\":{\"fontWeight\":\"bold\",\"textDecoration\":\"underline\"}}]},{\"textRuns\":[{\"value\":\"\"}]},{\"textRuns\":[{\"value\":\"Keep artifacts organised in folders in the query panel.  All dataset measures should be in \"},{\"value\":\"#Dataset Measures\",\"textStyle\":{\"fontWeight\":\"bold\"}},{\"value\":\" for easier tracking and enhancement.  Remove Eclair STI and Geolocations, these are just sample data for this template.  \"}]},{\"textRuns\":[{\"value\":\"\"}]},{\"textRuns\":[{\"value\":\"Always use \"},{\"value\":\"Rangestart \",\"textStyle\":{\"fontWeight\":\"bold\"}},{\"value\":\"and \"},{\"value\":\"RangeEnd parameters \",\"textStyle\":{\"fontWeight\":\"bold\"}},{\"value\":\"to limit data/pbix file size and to enable incremental refresh once needed.\"}]},{\"textRuns\":[{\"value\":\"\"}]},{\"textRuns\":[{\"value\":\"Refresh Date\",\"textStyle\":{\"fontWeight\":\"bold\"}},{\"value\":\" was added in the Date table.  A better option for Refresh Date is the data warehouse update date of the fact table used in the report.  Use the DW update date if it is included in the business view or table that was used as report source.\"}]},{\"textRuns\":[{\"value\":\"\"}]},{\"textRuns\":[{\"value\":\"Background templates\",\"textStyle\":{\"fontWeight\":\"bold\"}},{\"value\":\" are available in PowerPoint.  See the instructions on how to use it in the ppt document.\"}]},{\"textRuns\":[{\"value\":\"\"}]},{\"textRuns\":[{\"value\":\"Always update \"},{\"value\":\"Release Notes\",\"textStyle\":{\"fontWeight\":\"bold\"}},{\"value\":\" for change control and logging.\"}]},{\"textRuns\":[{\"value\":\"\"}]},{\"textRuns\":[{\"value\":\"Best Practices in Designing Power BI reports:\",\"textStyle\":{\"fontWeight\":\"bold\"}}]},{\"textRuns\":[{\"value\":\"https://www.youtube.com/watch?v=-tdkUYrzrio\",\"textStyle\":{\"fontSize\":\"13.3333px\"}}]}]}}]}}}",
          "filters": "[]",
          "height": 646.49,
          "width": 708.49,
          "x": 24.80,
          "y": 37.20,
          "z": 1000.00
        }
      ],
      "width": 1280.00
    },
    {
      "config": "{\"objects\":{\"background\":[{\"properties\":{\"image\":{\"image\":{\"name\":{\"expr\":{\"Literal\":{\"Value\":\"'background 2.PNG'\"}}},\"url\":{\"expr\":{\"ResourcePackageItem\":{\"PackageName\":\"RegisteredResources\",\"PackageType\":1,\"ItemName\":\"background_26937478479120665.PNG\"}}},\"scaling\":{\"expr\":{\"Literal\":{\"Value\":\"'Normal'\"}}}}},\"transparency\":{\"expr\":{\"Literal\":{\"Value\":\"0D\"}}}}}]}}",
      "displayName": "Dataset Information",
      "displayOption": 1,
      "filters": "[]",
      "height": 720.00,
      "name": "ReportSectionad00b50410b96364e1a5",
      "visualContainers": [
        {
          "config": "{\"name\":\"03e9dffebe5768820008\",\"layouts\":[{\"id\":0,\"position\":{\"x\":9.670329670329672,\"y\":0,\"z\":0,\"width\":622.4175824175825,\"height\":81.75824175824177}}],\"singleVisual\":{\"visualType\":\"textbox\",\"drillFilterOtherVisuals\":true,\"objects\":{\"general\":[{\"properties\":{\"paragraphs\":[{\"textRuns\":[{\"value\":\"Dataset Information\",\"textStyle\":{\"fontWeight\":\"bold\",\"fontSize\":\"20pt\",\"textDecoration\":\"underline\",\"color\":\"#ffffff\"}}]},{\"textRuns\":[{\"value\":\"\"}]}]}}]},\"vcObjects\":{\"background\":[{\"properties\":{\"show\":{\"expr\":{\"Literal\":{\"Value\":\"false\"}}}}}]}}}",
          "filters": "[]",
          "height": 81.76,
          "width": 622.42,
          "x": 9.67,
          "y": 0.00,
          "z": 0.00
        },
        {
          "config": "{\"name\":\"95440f248a0436029d5b\",\"layouts\":[{\"id\":0,\"position\":{\"x\":9.646772228989038,\"y\":64.01948842874543,\"z\":1000,\"width\":956.7844092570037,\"height\":539.3422655298417}}],\"singleVisual\":{\"visualType\":\"textbox\",\"drillFilterOtherVisuals\":true,\"objects\":{\"general\":[{\"properties\":{\"paragraphs\":[{\"textRuns\":[{\"value\":\"Description:  This report details the usage and efficiency of the Accelerated Care Unit, its main purpose being to act as a central area for patients who present acutely with suspicion of COVID-19. \"}]},{\"textRuns\":[{\"value\":\"\"}]},{\"textRuns\":[{\"value\":\"Owner:  Aimee Murray\"}]},{\"textRuns\":[{\"value\":\"\"}]},{\"textRuns\":[{\"value\":\"Definition of Measures and KPIs:\"}]},{\"textRuns\":[{\"value\":\"\"}]},{\"textRuns\":[{\"value\":\"Definition of Terms/Acronyms:\"}]},{\"textRuns\":[{\"value\":\"ACU - Accelerated Care Unit\"}]},{\"textRuns\":[{\"value\":\"CDU - Clinical Decision Unit\"}]},{\"textRuns\":[{\"value\":\"LOS - Length Of Stay\"}]}]}}]}}}",
          "filters": "[]",
          "height": 539.34,
          "width": 956.78,
          "x": 9.65,
          "y": 64.02,
          "z": 1000.00
        },
        {
          "config": "{\"name\":\"d9955fd87c1a37d194c0\",\"layouts\":[{\"id\":0,\"position\":{\"x\":0,\"y\":684.9208282582217,\"z\":2000,\"width\":1090.0852618757613,\"height\":35.07917174177832}}],\"singleVisual\":{\"visualType\":\"textbox\",\"drillFilterOtherVisuals\":true,\"objects\":{\"general\":[{\"properties\":{\"paragraphs\":[{\"textRuns\":[{\"value\":\"Confidential: This dataset may contain National Health Information (NHI).  The user is responsible for taking measures to protect sensitive data and personal information.  This document is for ADHB internal use only.\",\"textStyle\":{\"fontSize\":\"8pt\"}}]}]}}]},\"vcObjects\":{\"background\":[{\"properties\":{\"show\":{\"expr\":{\"Literal\":{\"Value\":\"false\"}}}}}]}}}",
          "filters": "[]",
          "height": 35.08,
          "width": 1090.09,
          "x": 0.00,
          "y": 684.92,
          "z": 2000.00
        }
      ],
      "width": 1280.00
    },
    {
      "config": "{\"objects\":{\"background\":[{\"properties\":{\"image\":{\"image\":{\"name\":{\"expr\":{\"Literal\":{\"Value\":\"'background 2.PNG'\"}}},\"url\":{\"expr\":{\"ResourcePackageItem\":{\"PackageName\":\"RegisteredResources\",\"PackageType\":1,\"ItemName\":\"background_26331271816547921.PNG\"}}},\"scaling\":{\"expr\":{\"Literal\":{\"Value\":\"'Fit'\"}}}}},\"transparency\":{\"expr\":{\"Literal\":{\"Value\":\"0D\"}}}}}]},\"visibility\":1}",
      "displayName": "Release Notes",
      "displayOption": 1,
      "filters": "[]",
      "height": 720.00,
      "name": "ReportSectionec28c105ba6812083209",
      "ordinal": 1,
      "visualContainers": [
        {
          "config": "{\"name\":\"03e9dffebe5768820008\",\"layouts\":[{\"id\":0,\"position\":{\"x\":9.646772228989038,\"y\":78.92813641900122,\"z\":0,\"width\":1158.489646772229,\"height\":641.0718635809989}}],\"singleVisual\":{\"visualType\":\"textbox\",\"drillFilterOtherVisuals\":true,\"objects\":{\"general\":[{\"properties\":{\"paragraphs\":[{\"textRuns\":[{\"value\":\"Date                                                      Description of Enhancement                                                                                        Author\",\"textStyle\":{\"textDecoration\":\"underline\"}}]},{\"textRuns\":[{\"value\":\"25 Jan 2022                                           Initial Dataset (ADDP-635)                                                                                          Janesa Ramirez\"}]},{\"textRuns\":[{\"value\":\"\"}]}]}}]}}}",
          "filters": "[]",
          "height": 641.07,
          "width": 1158.49,
          "x": 9.65,
          "y": 78.93,
          "z": 0.00
        }
      ],
      "width": 1280.00
    }
  ],
  "theme": "ADHB_Template39759223763621065.json"
}