{
  "config": "{\"version\":\"5.37\",\"themeCollection\":{\"baseTheme\":{\"name\":\"CY21SU07\",\"version\":\"5.26\",\"type\":2}},\"activeSectionIndex\":0,\"defaultDrillFilterOtherVisuals\":true,\"slowDataSourceSettings\":{\"isCrossHighlightingDisabled\":false,\"isSlicerSelectionsButtonEnabled\":false,\"isFilterSelectionsButtonEnabled\":false,\"isFieldWellButtonEnabled\":false,\"isApplyAllButtonEnabled\":false},\"linguisticSchemaSyncVersion\":2,\"settings\":{\"useStylableVisualContainerHeader\":true,\"exportDataMode\":2,\"allowChangeFilterTypes\":true},\"objects\":{\"section\":[{\"properties\":{\"verticalAlignment\":{\"expr\":{\"Literal\":{\"Value\":\"'Top'\"}}}}}],\"outspacePane\":[{\"properties\":{\"expanded\":{\"expr\":{\"Literal\":{\"Value\":\"false\"}}}}}]}}",
  "layoutOptimization": 0,
  "resourcePackages": [
    {
      "resourcePackage": {
        "disabled": false,
        "items": [
          {
            "name": "CY21SU07",
            "path": "BaseThemes/CY21SU07.json",
            "type": 202
          }
        ],
        "name": "SharedResources",
        "type": 2
      }
    },
    {
      "resourcePackage": {
        "items": [
          {
            "name": "ADHB_LOGO_100px3261300161496299.jpg",
            "path": "ADHB_LOGO_100px3261300161496299.jpg",
            "type": 100
          },
          {
            "name": "background_210068686444170294.PNG",
            "path": "background_210068686444170294.PNG",
            "type": 100
          }
        ],
        "name": "RegisteredResources",
        "type": 1
      }
    }
  ],
  "sections": [
    {
      "config": "{\"objects\":{\"background\":[{\"properties\":{\"image\":{\"image\":{\"name\":{\"expr\":{\"Literal\":{\"Value\":\"'background 2.PNG'\"}}},\"url\":{\"expr\":{\"ResourcePackageItem\":{\"PackageName\":\"RegisteredResources\",\"PackageType\":1,\"ItemName\":\"background_210068686444170294.PNG\"}}},\"scaling\":{\"expr\":{\"Literal\":{\"Value\":\"'Fit'\"}}}}},\"transparency\":{\"expr\":{\"Literal\":{\"Value\":\"0D\"}}}}}]},\"visibility\":1}",
      "displayName": "Release Notes",
      "displayOption": 1,
      "filters": "[]",
      "height": 720.00,
      "name": "ReportSection20596740d9e99cdfd78c",
      "ordinal": 1,
      "visualContainers": [
        {
          "config": "{\"name\":\"badb157b258c19c566a9\",\"layouts\":[{\"id\":0,\"position\":{\"x\":9.646772228989038,\"y\":78.92813641900113,\"z\":0,\"width\":1158.489646772229,\"height\":641.0718635809989}}],\"singleVisual\":{\"visualType\":\"textbox\",\"drillFilterOtherVisuals\":true,\"objects\":{\"general\":[{\"properties\":{\"paragraphs\":[{\"textRuns\":[{\"value\":\"Date                                                      Description of Enhancement                                                                                        Author\",\"textStyle\":{\"textDecoration\":\"underline\"}}]},{\"textRuns\":[{\"value\":\"16 Jun 2022                                         Added new category (Acute Respiratory), Organised measures, added \"}]},{\"textRuns\":[{\"value\":\"                                                            2 new tiles                                                                                                                     Hernan Molina\"}]},{\"textRuns\":[{\"value\":\"\"}]}]}}]}}}",
          "filters": "[]",
          "height": 641.07,
          "width": 1158.49,
          "x": 9.65,
          "y": 78.93,
          "z": 0.00
        }
      ],
      "width": 1280.00
    },
    {
      "config": "{}",
      "displayName": "Starship HITH",
      "displayOption": 1,
      "filters": "[]",
      "height": 720.00,
      "name": "ReportSection7ac7960732cdb33bbe4c",
      "visualContainers": [
        {
          "config": "{\"name\":\"06d3bafaaee65928c368\",\"layouts\":[{\"id\":0,\"position\":{\"height\":127,\"width\":183,\"x\":0,\"y\":0,\"z\":3000,\"tabOrder\":1000}}],\"singleVisual\":{\"visualType\":\"basicShape\",\"drillFilterOtherVisuals\":true,\"objects\":{\"general\":[{\"properties\":{\"shapeType\":{\"expr\":{\"Literal\":{\"Value\":\"'rectangle'\"}}}}}],\"fill\":[{\"properties\":{\"show\":{\"expr\":{\"Literal\":{\"Value\":\"true\"}}},\"fillColor\":{\"solid\":{\"color\":{\"expr\":{\"Literal\":{\"Value\":\"'#f36f63'\"}}}}}}}],\"line\":[{\"properties\":{\"weight\":{\"expr\":{\"Literal\":{\"Value\":\"0D\"}}},\"lineColor\":{\"solid\":{\"color\":{\"expr\":{\"ThemeDataColor\":{\"ColorId\":1,\"Percent\":0}}}}}}}]}},\"parentGroupName\":\"f13e2bc1034912717aa9\"}",
          "filters": "[]",
          "height": 127.00,
          "width": 183.00,
          "x": 0.00,
          "y": 0.00,
          "z": 3000.00
        },
        {
          "config": "{\"name\":\"146d3e05f0ff8b4f22bd\",\"layouts\":[{\"id\":0,\"position\":{\"height\":116.19462599854758,\"width\":163.60203340595498,\"x\":9.295570079883806,\"y\":5.5773420479302835,\"z\":6000,\"tabOrder\":0}}],\"singleVisual\":{\"visualType\":\"card\",\"projections\":{\"Values\":[{\"queryRef\":\"Starship_Measures.Confirmed COVID HITH CASES\"}]},\"prototypeQuery\":{\"Version\":2,\"From\":[{\"Name\":\"s\",\"Entity\":\"Starship_Measures\",\"Type\":0}],\"Select\":[{\"Measure\":{\"Expression\":{\"SourceRef\":{\"Source\":\"s\"}},\"Property\":\"Confirmed COVID HITH CASES\"},\"Name\":\"Starship_Measures.Confirmed COVID HITH CASES\"}],\"OrderBy\":[{\"Direction\":2,\"Expression\":{\"Measure\":{\"Expression\":{\"SourceRef\":{\"Source\":\"s\"}},\"Property\":\"Confirmed COVID HITH CASES\"}}}]},\"drillFilterOtherVisuals\":true,\"hasDefaultSort\":true,\"objects\":{\"labels\":[{\"properties\":{\"fontSize\":{\"expr\":{\"Literal\":{\"Value\":\"'40'\"}}},\"fontFamily\":{\"expr\":{\"Literal\":{\"Value\":\"'''Segoe UI'', wf_segoe-ui_normal, helvetica, arial, sans-serif'\"}}},\"color\":{\"solid\":{\"color\":{\"expr\":{\"ThemeDataColor\":{\"ColorId\":0,\"Percent\":0}}}}}}}],\"categoryLabels\":[{\"properties\":{\"show\":{\"expr\":{\"Literal\":{\"Value\":\"false\"}}}}}]},\"vcObjects\":{\"title\":[{\"properties\":{\"show\":{\"expr\":{\"Literal\":{\"Value\":\"true\"}}},\"text\":{\"expr\":{\"Literal\":{\"Value\":\"'Confirmed COVID HITH CASES'\"}}},\"alignment\":{\"expr\":{\"Literal\":{\"Value\":\"'center'\"}}},\"fontColor\":{\"solid\":{\"color\":{\"expr\":{\"ThemeDataColor\":{\"ColorId\":0,\"Percent\":0}}}}}}}],\"background\":[{\"properties\":{\"color\":{\"solid\":{\"color\":{\"expr\":{\"Literal\":{\"Value\":\"'#f36f63'\"}}}}}}}],\"visualTooltip\":[{\"properties\":{\"show\":{\"expr\":{\"Literal\":{\"Value\":\"true\"}}},\"section\":{\"expr\":{\"Literal\":{\"Value\":\"'ReportSection1ec579ce801dca195684'\"}}}}}]}},\"parentGroupName\":\"f13e2bc1034912717aa9\"}",
          "filters": "[]",
          "height": 116.19,
          "width": 163.60,
          "x": 9.30,
          "y": 5.58,
          "z": 6000.00
        },
        {
          "config": "{\"name\":\"1fb0eb3917953ad64798\",\"layouts\":[{\"id\":0,\"position\":{\"x\":1202.3719676549865,\"y\":0,\"z\":8000,\"width\":71.59029649595686,\"height\":56.064690026954175,\"tabOrder\":6000}}],\"singleVisual\":{\"visualType\":\"image\",\"drillFilterOtherVisuals\":true,\"objects\":{\"general\":[{\"properties\":{\"imageUrl\":{\"expr\":{\"ResourcePackageItem\":{\"PackageName\":\"RegisteredResources\",\"PackageType\":1,\"ItemName\":\"ADHB_LOGO_100px3261300161496299.jpg\"}}}}}]}}}",
          "filters": "[]",
          "height": 56.06,
          "width": 71.59,
          "x": 1202.37,
          "y": 0.00,
          "z": 8000.00
        },
        {
          "config": "{\"name\":\"27ded635e092151088ff\",\"layouts\":[{\"id\":0,\"position\":{\"x\":182.1931735657226,\"y\":9.295570079883806,\"z\":2000,\"width\":790.1234567901236,\"height\":54.84386347131446,\"tabOrder\":0}}],\"singleVisual\":{\"visualType\":\"textbox\",\"drillFilterOtherVisuals\":true,\"objects\":{\"general\":[{\"properties\":{\"paragraphs\":[{\"textRuns\":[{\"value\":\"Starship COVID Hospital in the Home / Acute Respiratory Status\",\"textStyle\":{\"fontSize\":\"20pt\",\"color\":\"#000000\"}}],\"horizontalTextAlignment\":\"center\"}]}}]}}}",
          "filters": "[]",
          "height": 54.84,
          "width": 790.12,
          "x": 182.19,
          "y": 9.30,
          "z": 2000.00
        },
        {
          "config": "{\"name\":\"28eec34413c906c54d81\",\"layouts\":[{\"id\":0,\"position\":{\"x\":14.486335975568679,\"y\":40.354793074798465,\"z\":17001,\"width\":919.8823344486111,\"height\":31.04214851907574,\"tabOrder\":14001}}],\"singleVisual\":{\"visualType\":\"textbox\",\"drillFilterOtherVisuals\":true,\"objects\":{\"general\":[{\"properties\":{\"paragraphs\":[{\"textRuns\":[{\"value\":\"This report has been decommissioned.  It will be deleted at the end of Oct 2023.  If you have any questions, please send an email to AskHIT.\",\"textStyle\":{\"fontWeight\":\"bold\",\"color\":\"#d64550\"}}]}]}}]}}}",
          "filters": "[]",
          "height": 31.04,
          "width": 919.88,
          "x": 14.49,
          "y": 40.35,
          "z": 17001.00
        },
        {
          "config": "{\"name\":\"32c651593cfa8eab04e6\",\"layouts\":[{\"id\":0,\"position\":{\"x\":938.8525780682644,\"y\":89.23747276688454,\"z\":12000,\"width\":328.13362381989833,\"height\":42.75962236746551,\"tabOrder\":10000}}],\"singleVisual\":{\"visualType\":\"textbox\",\"drillFilterOtherVisuals\":true,\"objects\":{\"general\":[{\"properties\":{\"paragraphs\":[{\"textRuns\":[{\"value\":\"Starship COVID HITH Occupancy\",\"textStyle\":{\"fontSize\":\"16pt\"}}],\"horizontalTextAlignment\":\"center\"}]}}]},\"vcObjects\":{\"background\":[{\"properties\":{\"transparency\":{\"expr\":{\"Literal\":{\"Value\":\"100D\"}}}}}]}}}",
          "filters": "[]",
          "height": 42.76,
          "width": 328.13,
          "x": 938.85,
          "y": 89.24,
          "z": 12000.00
        },
        {
          "config": "{\"name\":\"3b885e298cfbfae43ec3\",\"layouts\":[{\"id\":0,\"position\":{\"height\":126.66130329847144,\"width\":183.29847144006436,\"x\":0,\"y\":0,\"z\":3000,\"tabOrder\":1000}}],\"singleVisual\":{\"visualType\":\"basicShape\",\"drillFilterOtherVisuals\":true,\"objects\":{\"general\":[{\"properties\":{\"shapeType\":{\"expr\":{\"Literal\":{\"Value\":\"'rectangle'\"}}}}}],\"fill\":[{\"properties\":{\"show\":{\"expr\":{\"Literal\":{\"Value\":\"true\"}}},\"fillColor\":{\"solid\":{\"color\":{\"expr\":{\"ThemeDataColor\":{\"ColorId\":2,\"Percent\":0.6}}}}}}}],\"line\":[{\"properties\":{\"weight\":{\"expr\":{\"Literal\":{\"Value\":\"0D\"}}},\"lineColor\":{\"solid\":{\"color\":{\"expr\":{\"ThemeDataColor\":{\"ColorId\":1,\"Percent\":0}}}}}}}]}},\"parentGroupName\":\"832e9408199ac67257fe\"}",
          "filters": "[]",
          "height": 126.66,
          "width": 183.30,
          "x": 0.00,
          "y": 0.00,
          "z": 3000.00
        },
        {
          "config": "{\"name\":\"4b0f8dbc5bcdcf39eba5\",\"layouts\":[{\"id\":0,\"position\":{\"x\":930.486564996369,\"y\":344.8656499636892,\"z\":0,\"width\":343.9360929557008,\"height\":372.75236020334063,\"tabOrder\":13000}}],\"singleVisual\":{\"visualType\":\"basicShape\",\"drillFilterOtherVisuals\":true,\"objects\":{\"general\":[{\"properties\":{\"shapeType\":{\"expr\":{\"Literal\":{\"Value\":\"'rectangle'\"}}}}}],\"fill\":[{\"properties\":{\"show\":{\"expr\":{\"Literal\":{\"Value\":\"true\"}}},\"fillColor\":{\"solid\":{\"color\":{\"expr\":{\"Literal\":{\"Value\":\"'#B9E5F3'\"}}}}},\"transparency\":{\"expr\":{\"Literal\":{\"Value\":\"40D\"}}}}}],\"line\":[{\"properties\":{\"weight\":{\"expr\":{\"Literal\":{\"Value\":\"0D\"}}},\"lineColor\":{\"solid\":{\"color\":{\"expr\":{\"ThemeDataColor\":{\"ColorId\":1,\"Percent\":0}}}}}}}]}}}",
          "filters": "[]",
          "height": 372.75,
          "width": 343.94,
          "x": 930.49,
          "y": 344.87,
          "z": 0.00
        },
        {
          "config": "{\"name\":\"810b20aea29172ac2f5a\",\"layouts\":[{\"id\":0,\"position\":{\"x\":938.8525780682644,\"y\":359.7385620915033,\"z\":11000,\"width\":328.13362381989833,\"height\":339.28830791575893,\"tabOrder\":9000}}],\"singleVisual\":{\"visualType\":\"columnChart\",\"projections\":{\"Category\":[{\"queryRef\":\"Starship HITH.EthnicityDesc\",\"active\":true}],\"Y\":[{\"queryRef\":\"Starship_Measures.Total Cases\"}]},\"prototypeQuery\":{\"Version\":2,\"From\":[{\"Name\":\"h\",\"Entity\":\"Starship HITH\",\"Type\":0},{\"Name\":\"s\",\"Entity\":\"Starship_Measures\",\"Type\":0}],\"Select\":[{\"Measure\":{\"Expression\":{\"SourceRef\":{\"Source\":\"s\"}},\"Property\":\"Total Cases\"},\"Name\":\"Starship_Measures.Total Cases\"},{\"Column\":{\"Expression\":{\"SourceRef\":{\"Source\":\"h\"}},\"Property\":\"EthnicityDesc\"},\"Name\":\"Starship HITH.EthnicityDesc\"}],\"OrderBy\":[{\"Direction\":2,\"Expression\":{\"Measure\":{\"Expression\":{\"SourceRef\":{\"Source\":\"s\"}},\"Property\":\"Total Cases\"}}}]},\"columnProperties\":{\"Starship HITH.EthnicityDesc\":{\"displayName\":\"Ethnicity\"}},\"drillFilterOtherVisuals\":true,\"hasDefaultSort\":true,\"objects\":{\"legend\":[{\"properties\":{\"show\":{\"expr\":{\"Literal\":{\"Value\":\"true\"}}},\"showTitle\":{\"expr\":{\"Literal\":{\"Value\":\"false\"}}}}}],\"categoryAxis\":[{\"properties\":{\"labelColor\":{\"solid\":{\"color\":{\"expr\":{\"ThemeDataColor\":{\"ColorId\":1,\"Percent\":0}}}}},\"showAxisTitle\":{\"expr\":{\"Literal\":{\"Value\":\"false\"}}},\"fontSize\":{\"expr\":{\"Literal\":{\"Value\":\"8D\"}}}}}],\"valueAxis\":[{\"properties\":{\"showAxisTitle\":{\"expr\":{\"Literal\":{\"Value\":\"false\"}}},\"show\":{\"expr\":{\"Literal\":{\"Value\":\"false\"}}}}}],\"labels\":[{\"properties\":{\"show\":{\"expr\":{\"Literal\":{\"Value\":\"true\"}}}}}]},\"vcObjects\":{\"title\":[{\"properties\":{\"text\":{\"expr\":{\"Literal\":{\"Value\":\"'Cases by Ethnicity'\"}}},\"alignment\":{\"expr\":{\"Literal\":{\"Value\":\"'center'\"}}}}}],\"background\":[{\"properties\":{\"show\":{\"expr\":{\"Literal\":{\"Value\":\"false\"}}}}}]}}}",
          "filters": "[]",
          "height": 339.29,
          "width": 328.13,
          "x": 938.85,
          "y": 359.74,
          "z": 11000.00
        },
        {
          "config": "{\"name\":\"813fa20bad1540818f46\",\"layouts\":[{\"id\":0,\"position\":{\"x\":749.2229484386348,\"y\":144.081336238199,\"z\":10000,\"width\":169.17937545388529,\"height\":61.35076252723312,\"tabOrder\":8000}}],\"singleVisual\":{\"visualType\":\"slicer\",\"projections\":{\"Values\":[{\"queryRef\":\"Starship HITH.EthnicityDesc\",\"active\":true}]},\"prototypeQuery\":{\"Version\":2,\"From\":[{\"Name\":\"h\",\"Entity\":\"Starship HITH\",\"Type\":0}],\"Select\":[{\"Column\":{\"Expression\":{\"SourceRef\":{\"Source\":\"h\"}},\"Property\":\"EthnicityDesc\"},\"Name\":\"Starship HITH.EthnicityDesc\"}]},\"columnProperties\":{\"ADHB_IMT_new.Report Status\":{\"displayName\":\"Status\"},\"Starship HITH.EthnicityDesc\":{\"displayName\":\"Ethnicity\"}},\"drillFilterOtherVisuals\":true,\"objects\":{\"general\":[{\"properties\":{}}],\"data\":[{\"properties\":{\"mode\":{\"expr\":{\"Literal\":{\"Value\":\"'Dropdown'\"}}},\"isInvertedSelectionMode\":{\"expr\":{\"Literal\":{\"Value\":\"true\"}}}}}],\"selection\":[{\"properties\":{\"singleSelect\":{\"expr\":{\"Literal\":{\"Value\":\"false\"}}},\"selectAllCheckboxEnabled\":{\"expr\":{\"Literal\":{\"Value\":\"true\"}}}}}],\"items\":[{\"properties\":{\"fontColor\":{\"solid\":{\"color\":{\"expr\":{\"ThemeDataColor\":{\"ColorId\":1,\"Percent\":0}}}}},\"background\":{\"solid\":{\"color\":{\"expr\":{\"ThemeDataColor\":{\"ColorId\":0,\"Percent\":0}}}}}}}]},\"vcObjects\":{\"border\":[{\"properties\":{\"show\":{\"expr\":{\"Literal\":{\"Value\":\"false\"}}}}}],\"background\":[{\"properties\":{\"show\":{\"expr\":{\"Literal\":{\"Value\":\"true\"}}},\"color\":{\"solid\":{\"color\":{\"expr\":{\"Literal\":{\"Value\":\"'#d5eff8'\"}}}}}}}]}}}",
          "filters": "[]",
          "height": 61.35,
          "width": 169.18,
          "x": 749.22,
          "y": 144.08,
          "z": 10000.00
        },
        {
          "config": "{\"name\":\"832e9408199ac67257fe\",\"layouts\":[{\"id\":0,\"position\":{\"x\":558.724979469342,\"y\":79.94190268700073,\"z\":17000,\"width\":183.29847144006436,\"height\":126.66130329847144,\"tabOrder\":17000}}],\"singleVisualGroup\":{\"displayName\":\"Group 3\",\"groupMode\":0,\"objects\":{\"background\":[{\"properties\":{\"show\":{\"expr\":{\"Literal\":{\"Value\":\"true\"}}}}}]}}}",
          "height": 126.66,
          "width": 183.30,
          "x": 558.72,
          "y": 79.94,
          "z": 17000.00
        },
        {
          "config": "{\"name\":\"8723b1e9253cf50629f7\",\"layouts\":[{\"id\":0,\"position\":{\"height\":126.66130329847144,\"width\":183.29847144006436,\"x\":0,\"y\":0,\"z\":3000,\"tabOrder\":1000}}],\"singleVisual\":{\"visualType\":\"basicShape\",\"drillFilterOtherVisuals\":true,\"objects\":{\"general\":[{\"properties\":{\"shapeType\":{\"expr\":{\"Literal\":{\"Value\":\"'rectangle'\"}}}}}],\"fill\":[{\"properties\":{\"show\":{\"expr\":{\"Literal\":{\"Value\":\"true\"}}},\"fillColor\":{\"solid\":{\"color\":{\"expr\":{\"ThemeDataColor\":{\"ColorId\":8,\"Percent\":0.4}}}}}}}],\"line\":[{\"properties\":{\"weight\":{\"expr\":{\"Literal\":{\"Value\":\"0D\"}}},\"lineColor\":{\"solid\":{\"color\":{\"expr\":{\"ThemeDataColor\":{\"ColorId\":1,\"Percent\":0}}}}}}}]}},\"parentGroupName\":\"8cbdd5052cdeee790944\"}",
          "filters": "[]",
          "height": 126.66,
          "width": 183.30,
          "x": 0.00,
          "y": 0.00,
          "z": 3000.00
        },
        {
          "config": "{\"name\":\"8cbdd5052cdeee790944\",\"layouts\":[{\"id\":0,\"position\":{\"x\":376.5409854492648,\"y\":79.94190268700073,\"z\":16000,\"width\":183.29847144006436,\"height\":126.66130329847144,\"tabOrder\":16000}}],\"singleVisualGroup\":{\"displayName\":\"Group 3\",\"groupMode\":0,\"objects\":{\"background\":[{\"properties\":{\"show\":{\"expr\":{\"Literal\":{\"Value\":\"true\"}}}}}]}}}",
          "height": 126.66,
          "width": 183.30,
          "x": 376.54,
          "y": 79.94,
          "z": 16000.00
        },
        {
          "config": "{\"name\":\"92f73fa4fab45b6a61b3\",\"layouts\":[{\"id\":0,\"position\":{\"x\":22.914572864321606,\"y\":207.43718592964822,\"z\":5000,\"width\":920.2010050251256,\"height\":494.4723618090452,\"tabOrder\":2000}}],\"singleVisual\":{\"visualType\":\"tableEx\",\"projections\":{\"Values\":[{\"queryRef\":\"Starship HITH.PRPL_CODE\"},{\"queryRef\":\"Starship HITH.PRPL_DESCRIPTION\"},{\"queryRef\":\"HITH_2.NHI\"},{\"queryRef\":\"Starship HITH.EthnicityDesc\"},{\"queryRef\":\"Sum(HITH_2.Age)\"},{\"queryRef\":\"Starship HITH.GenderDesc\"},{\"queryRef\":\"Starship HITH.PPU_2\"},{\"queryRef\":\"HITH_2.Covid_Status\"},{\"queryRef\":\"Sum(HITH_2.Enrollment_Days)\"}]},\"prototypeQuery\":{\"Version\":2,\"From\":[{\"Name\":\"h\",\"Entity\":\"Starship HITH\",\"Type\":0}],\"Select\":[{\"Column\":{\"Expression\":{\"SourceRef\":{\"Source\":\"h\"}},\"Property\":\"NHI\"},\"Name\":\"HITH_2.NHI\"},{\"Aggregation\":{\"Expression\":{\"Column\":{\"Expression\":{\"SourceRef\":{\"Source\":\"h\"}},\"Property\":\"Age\"}},\"Function\":0},\"Name\":\"Sum(HITH_2.Age)\"},{\"Column\":{\"Expression\":{\"SourceRef\":{\"Source\":\"h\"}},\"Property\":\"Covid_Status\"},\"Name\":\"HITH_2.Covid_Status\"},{\"Column\":{\"Expression\":{\"SourceRef\":{\"Source\":\"h\"}},\"Property\":\"Enrollment_Days\"},\"Name\":\"Sum(HITH_2.Enrollment_Days)\"},{\"Column\":{\"Expression\":{\"SourceRef\":{\"Source\":\"h\"}},\"Property\":\"PRPL_CODE\"},\"Name\":\"Starship HITH.PRPL_CODE\"},{\"Column\":{\"Expression\":{\"SourceRef\":{\"Source\":\"h\"}},\"Property\":\"EthnicityDesc\"},\"Name\":\"Starship HITH.EthnicityDesc\"},{\"Column\":{\"Expression\":{\"SourceRef\":{\"Source\":\"h\"}},\"Property\":\"GenderDesc\"},\"Name\":\"Starship HITH.GenderDesc\"},{\"Column\":{\"Expression\":{\"SourceRef\":{\"Source\":\"h\"}},\"Property\":\"PPU_2\"},\"Name\":\"Starship HITH.PPU_2\"},{\"Column\":{\"Expression\":{\"SourceRef\":{\"Source\":\"h\"}},\"Property\":\"PRPL_DESCRIPTION\"},\"Name\":\"Starship HITH.PRPL_DESCRIPTION\"}],\"OrderBy\":[{\"Direction\":2,\"Expression\":{\"Column\":{\"Expression\":{\"SourceRef\":{\"Source\":\"h\"}},\"Property\":\"PRPL_CODE\"}}}]},\"columnProperties\":{\"Sum(ADHB_IMT_new.COVID Risk Conditional Format)\":{\"displayName\":\"Risk\"},\"ADHB_IMT_new.Age Flag\":{\"displayName\":\"Age\"},\"ADHB_IMT_new.Room desc\":{\"displayName\":\"Room\"},\"ADHB_IMT_new.LOS Hours/Days\":{\"displayName\":\"LOS\"},\"ADHB_IMT_new.Report Status\":{\"displayName\":\"Status\"},\"ADHB_IMT_new.CurrentCBU\":{\"displayName\":\"CBU\"},\"Sum(ADHB_IMT_new.NumberofDoses)\":{\"displayName\":\"Vacc Doses\"},\"HITH_2.Covid_Status\":{\"displayName\":\"Covid Status\"},\"Sum(HITH_2.Enrollment_Days)\":{\"displayName\":\"No. Enrollment_Days\"},\"Starship HITH.PRPL_CODE\":{\"displayName\":\"PLAN CODE\"},\"Starship HITH.EthnicityDesc\":{\"displayName\":\"Ethnicity\"},\"Starship HITH.GenderDesc\":{\"displayName\":\"Gender\"},\"Starship HITH.PPU_2\":{\"displayName\":\"PPU_Name\"},\"Starship HITH.PRPL_DESCRIPTION\":{\"displayName\":\"Care Plan\"}},\"drillFilterOtherVisuals\":true,\"objects\":{\"grid\":[{\"properties\":{\"imageHeight\":{\"expr\":{\"Literal\":{\"Value\":\"42D\"}}},\"gridHorizontal\":{\"expr\":{\"Literal\":{\"Value\":\"false\"}}},\"rowPadding\":{\"expr\":{\"Literal\":{\"Value\":\"3D\"}}},\"outlineColor\":{\"solid\":{\"color\":{\"expr\":{\"ThemeDataColor\":{\"ColorId\":0,\"Percent\":-0.5}}}}}}}],\"values\":[{\"properties\":{\"backColorSecondary\":{\"solid\":{\"color\":{\"expr\":{\"ThemeDataColor\":{\"ColorId\":0,\"Percent\":-0.1}}}}}}},{\"properties\":{},\"selector\":{\"data\":[{\"dataViewWildcard\":{\"matchingOption\":1}}],\"metadata\":\"Sum(ADHB_IMT_new.NumberofDoses)\"}},{\"properties\":{\"backColor\":{\"solid\":{\"color\":{\"expr\":{\"Aggregation\":{\"Expression\":{\"Column\":{\"Expression\":{\"SourceRef\":{\"Entity\":\"Starship HITH\"}},\"Property\":\"Status_CF\"}},\"Function\":3}}}}}},\"selector\":{\"data\":[{\"dataViewWildcard\":{\"matchingOption\":1}}],\"metadata\":\"HITH_2.Covid_Status\"}}],\"columnHeaders\":[{\"properties\":{\"alignment\":{\"expr\":{\"Literal\":{\"Value\":\"'Center'\"}}},\"backColor\":{\"solid\":{\"color\":{\"expr\":{\"ThemeDataColor\":{\"ColorId\":0,\"Percent\":-0.5}}}}},\"fontColor\":{\"solid\":{\"color\":{\"expr\":{\"ThemeDataColor\":{\"ColorId\":0,\"Percent\":0}}}}},\"fontSize\":{\"expr\":{\"Literal\":{\"Value\":\"8D\"}}}}}],\"total\":[{\"properties\":{\"totals\":{\"expr\":{\"Literal\":{\"Value\":\"false\"}}}}}],\"columnFormatting\":[{\"properties\":{\"alignment\":{\"expr\":{\"Literal\":{\"Value\":\"'Center'\"}}}},\"selector\":{\"metadata\":\"Sum(ADHB_IMT_new.NumberofDoses)\"}},{\"properties\":{\"styleHeader\":{\"expr\":{\"Literal\":{\"Value\":\"true\"}}},\"styleTotal\":{\"expr\":{\"Literal\":{\"Value\":\"true\"}}},\"alignment\":{\"expr\":{\"Literal\":{\"Value\":\"'Center'\"}}}},\"selector\":{\"metadata\":\"Sum(HITH_2.Enrollment_Days)\"}},{\"properties\":{\"styleHeader\":{\"expr\":{\"Literal\":{\"Value\":\"true\"}}},\"styleTotal\":{\"expr\":{\"Literal\":{\"Value\":\"true\"}}},\"alignment\":{\"expr\":{\"Literal\":{\"Value\":\"'Center'\"}}}},\"selector\":{\"metadata\":\"Sum(HITH_2.Age)\"}},{\"properties\":{\"styleHeader\":{\"expr\":{\"Literal\":{\"Value\":\"true\"}}},\"styleTotal\":{\"expr\":{\"Literal\":{\"Value\":\"true\"}}},\"alignment\":{\"expr\":{\"Literal\":{\"Value\":\"'Center'\"}}}},\"selector\":{\"metadata\":\"HITH_2.Covid_Status\"}},{\"properties\":{\"styleHeader\":{\"expr\":{\"Literal\":{\"Value\":\"true\"}}},\"styleTotal\":{\"expr\":{\"Literal\":{\"Value\":\"true\"}}},\"alignment\":{\"expr\":{\"Literal\":{\"Value\":\"'Center'\"}}}},\"selector\":{\"metadata\":\"Starship HITH.GenderDesc\"}}],\"columnWidth\":[{\"properties\":{\"value\":{\"expr\":{\"Literal\":{\"Value\":\"71.37484097155455D\"}}}},\"selector\":{\"metadata\":\"Sum(ADHB_IMT_new.NumberofDoses)\"}},{\"properties\":{\"value\":{\"expr\":{\"Literal\":{\"Value\":\"126.57734852850955D\"}}}},\"selector\":{\"metadata\":\"HITH_2.Covid_Status\"}},{\"properties\":{\"value\":{\"expr\":{\"Literal\":{\"Value\":\"71.64779044042463D\"}}}},\"selector\":{\"metadata\":\"HITH_2.NHI\"}},{\"properties\":{\"value\":{\"expr\":{\"Literal\":{\"Value\":\"36.50690661659447D\"}}}},\"selector\":{\"metadata\":\"Sum(HITH_2.Age)\"}}]},\"vcObjects\":{\"stylePreset\":[{\"properties\":{\"name\":{\"expr\":{\"Literal\":{\"Value\":\"'Minimal'\"}}}}}],\"visualTooltip\":[{\"properties\":{\"show\":{\"expr\":{\"Literal\":{\"Value\":\"false\"}}},\"section\":{\"expr\":{\"Literal\":{\"Value\":\"'ReportSection0d1173f4131d98e202d3'\"}}}}}],\"background\":[{\"properties\":{\"show\":{\"expr\":{\"Literal\":{\"Value\":\"false\"}}}}}]}}}",
          "filters": "[]",
          "height": 494.47,
          "width": 920.20,
          "x": 22.91,
          "y": 207.44,
          "z": 5000.00
        },
        {
          "config": "{\"name\":\"a8397da2c9e5996eab0d\",\"layouts\":[{\"id\":0,\"position\":{\"x\":9.64824120603015,\"y\":7.236180904522612,\"z\":14000,\"width\":157.9899497487437,\"height\":48.24120603015075,\"tabOrder\":12000}}],\"singleVisual\":{\"visualType\":\"card\",\"projections\":{\"Values\":[{\"queryRef\":\"Min(Dim_Date.Refresh Date)\"}]},\"prototypeQuery\":{\"Version\":2,\"From\":[{\"Name\":\"d\",\"Entity\":\"Dim_Date\",\"Type\":0}],\"Select\":[{\"Aggregation\":{\"Expression\":{\"Column\":{\"Expression\":{\"SourceRef\":{\"Source\":\"d\"}},\"Property\":\"Refresh Date\"}},\"Function\":3},\"Name\":\"Min(Dim_Date.Refresh Date)\"}],\"OrderBy\":[{\"Direction\":1,\"Expression\":{\"Aggregation\":{\"Expression\":{\"Column\":{\"Expression\":{\"SourceRef\":{\"Source\":\"d\"}},\"Property\":\"Refresh Date\"}},\"Function\":3}}}]},\"drillFilterOtherVisuals\":true,\"hasDefaultSort\":true,\"objects\":{\"labels\":[{\"properties\":{\"fontSize\":{\"expr\":{\"Literal\":{\"Value\":\"10D\"}}}}}],\"categoryLabels\":[{\"properties\":{\"show\":{\"expr\":{\"Literal\":{\"Value\":\"false\"}}}}}]},\"vcObjects\":{\"title\":[{\"properties\":{\"show\":{\"expr\":{\"Literal\":{\"Value\":\"true\"}}},\"text\":{\"expr\":{\"Literal\":{\"Value\":\"'As at:'\"}}},\"fontSize\":{\"expr\":{\"Literal\":{\"Value\":\"8D\"}}}}}]}}}",
          "filters": "[]",
          "height": 48.24,
          "width": 157.99,
          "x": 9.65,
          "y": 7.24,
          "z": 14000.00
        },
        {
          "config": "{\"name\":\"b6cf04edaab31d35dfbf\",\"layouts\":[{\"id\":0,\"position\":{\"x\":991.8373275236021,\"y\":146.87000726216414,\"z\":15000,\"width\":224.9527959331881,\"height\":112.47639796659405,\"tabOrder\":14000}}],\"singleVisual\":{\"visualType\":\"card\",\"projections\":{\"Values\":[{\"queryRef\":\"Starship_Measures.Total Cases HITH\"}]},\"prototypeQuery\":{\"Version\":2,\"From\":[{\"Name\":\"s\",\"Entity\":\"Starship_Measures\",\"Type\":0}],\"Select\":[{\"Measure\":{\"Expression\":{\"SourceRef\":{\"Source\":\"s\"}},\"Property\":\"Total Cases HITH\"},\"Name\":\"Starship_Measures.Total Cases HITH\"}],\"OrderBy\":[{\"Direction\":2,\"Expression\":{\"Measure\":{\"Expression\":{\"SourceRef\":{\"Source\":\"s\"}},\"Property\":\"Total Cases HITH\"}}}]},\"drillFilterOtherVisuals\":true,\"hasDefaultSort\":true,\"objects\":{\"categoryLabels\":[{\"properties\":{\"show\":{\"expr\":{\"Literal\":{\"Value\":\"false\"}}}}}],\"labels\":[{\"properties\":{\"color\":{\"solid\":{\"color\":{\"expr\":{\"Literal\":{\"Value\":\"'#37D754'\"}}}}},\"fontSize\":{\"expr\":{\"Literal\":{\"Value\":\"47D\"}}}}}]},\"vcObjects\":{\"background\":[{\"properties\":{\"show\":{\"expr\":{\"Literal\":{\"Value\":\"false\"}}}}}]}}}",
          "filters": "[]",
          "height": 112.48,
          "width": 224.95,
          "x": 991.84,
          "y": 146.87,
          "z": 15000.00
        },
        {
          "config": "{\"name\":\"c2eb522b97e14ce56123\",\"layouts\":[{\"id\":0,\"position\":{\"x\":14.872915596930971,\"y\":79.94190268700073,\"z\":4000,\"width\":183.12273057371098,\"height\":127.34931009440814,\"tabOrder\":1000}}],\"singleVisual\":{\"visualType\":\"basicShape\",\"drillFilterOtherVisuals\":true,\"objects\":{\"general\":[{\"properties\":{\"shapeType\":{\"expr\":{\"Literal\":{\"Value\":\"'rectangle'\"}}}}}],\"fill\":[{\"properties\":{\"show\":{\"expr\":{\"Literal\":{\"Value\":\"true\"}}},\"fillColor\":{\"solid\":{\"color\":{\"expr\":{\"ThemeDataColor\":{\"ColorId\":0,\"Percent\":-0.3}}}}}}}],\"line\":[{\"properties\":{\"weight\":{\"expr\":{\"Literal\":{\"Value\":\"0D\"}}},\"lineColor\":{\"solid\":{\"color\":{\"expr\":{\"ThemeDataColor\":{\"ColorId\":1,\"Percent\":0}}}}}}}]}}}",
          "filters": "[]",
          "height": 127.35,
          "width": 183.12,
          "x": 14.87,
          "y": 79.94,
          "z": 4000.00
        },
        {
          "config": "{\"name\":\"c316a23e34602979f014\",\"layouts\":[{\"id\":0,\"position\":{\"height\":116.19462599854758,\"width\":165.46114742193174,\"x\":9.295570079883806,\"y\":5.5773420479302835,\"z\":6000,\"tabOrder\":0}}],\"singleVisual\":{\"visualType\":\"card\",\"projections\":{\"Values\":[{\"queryRef\":\"Starship_Measures.Non-COVID Respiratory Cases\"}]},\"prototypeQuery\":{\"Version\":2,\"From\":[{\"Name\":\"s\",\"Entity\":\"Starship_Measures\",\"Type\":0}],\"Select\":[{\"Measure\":{\"Expression\":{\"SourceRef\":{\"Source\":\"s\"}},\"Property\":\"Non-COVID Respiratory Cases\"},\"Name\":\"Starship_Measures.Non-COVID Respiratory Cases\"}],\"OrderBy\":[{\"Direction\":2,\"Expression\":{\"Measure\":{\"Expression\":{\"SourceRef\":{\"Source\":\"s\"}},\"Property\":\"Non-COVID Respiratory Cases\"}}}]},\"drillFilterOtherVisuals\":true,\"hasDefaultSort\":true,\"objects\":{\"labels\":[{\"properties\":{\"fontSize\":{\"expr\":{\"Literal\":{\"Value\":\"'40'\"}}},\"fontFamily\":{\"expr\":{\"Literal\":{\"Value\":\"'''Segoe UI'', wf_segoe-ui_normal, helvetica, arial, sans-serif'\"}}},\"color\":{\"solid\":{\"color\":{\"expr\":{\"ThemeDataColor\":{\"ColorId\":0,\"Percent\":0}}}}}}}],\"categoryLabels\":[{\"properties\":{\"show\":{\"expr\":{\"Literal\":{\"Value\":\"false\"}}}}}]},\"vcObjects\":{\"title\":[{\"properties\":{\"show\":{\"expr\":{\"Literal\":{\"Value\":\"true\"}}},\"text\":{\"expr\":{\"Literal\":{\"Value\":\"'Non-COVID Respiratory Cases'\"}}},\"alignment\":{\"expr\":{\"Literal\":{\"Value\":\"'center'\"}}},\"fontColor\":{\"solid\":{\"color\":{\"expr\":{\"ThemeDataColor\":{\"ColorId\":0,\"Percent\":0}}}}},\"background\":{\"solid\":{\"color\":{\"expr\":{\"ThemeDataColor\":{\"ColorId\":8,\"Percent\":0.4}}}}}}}],\"background\":[{\"properties\":{\"color\":{\"solid\":{\"color\":{\"expr\":{\"ThemeDataColor\":{\"ColorId\":8,\"Percent\":0.4}}}}}}}],\"visualTooltip\":[{\"properties\":{\"show\":{\"expr\":{\"Literal\":{\"Value\":\"true\"}}},\"section\":{\"expr\":{\"Literal\":{\"Value\":\"'ReportSection1ec579ce801dca195684'\"}}}}}]}},\"parentGroupName\":\"8cbdd5052cdeee790944\"}",
          "filters": "[]",
          "height": 116.19,
          "width": 165.46,
          "x": 9.30,
          "y": 5.58,
          "z": 6000.00
        },
        {
          "config": "{\"name\":\"c55e55fad9131d7edf5a\",\"layouts\":[{\"id\":0,\"position\":{\"x\":0,\"y\":64.13943355119827,\"z\":1000,\"width\":938.8525780682644,\"height\":655.3376906318083,\"tabOrder\":3000}}],\"singleVisual\":{\"visualType\":\"basicShape\",\"drillFilterOtherVisuals\":true,\"objects\":{\"general\":[{\"properties\":{\"shapeType\":{\"expr\":{\"Literal\":{\"Value\":\"'rectangle'\"}}}}}],\"fill\":[{\"properties\":{\"show\":{\"expr\":{\"Literal\":{\"Value\":\"true\"}}},\"fillColor\":{\"solid\":{\"color\":{\"expr\":{\"Literal\":{\"Value\":\"'#B9E5F3'\"}}}}},\"transparency\":{\"expr\":{\"Literal\":{\"Value\":\"40D\"}}}}}],\"line\":[{\"properties\":{\"weight\":{\"expr\":{\"Literal\":{\"Value\":\"0D\"}}},\"lineColor\":{\"solid\":{\"color\":{\"expr\":{\"ThemeDataColor\":{\"ColorId\":1,\"Percent\":0}}}}}}}]}}}",
          "filters": "[]",
          "height": 655.34,
          "width": 938.85,
          "x": 0.00,
          "y": 64.14,
          "z": 1000.00
        },
        {
          "config": "{\"name\":\"d4471c546522e450933d\",\"layouts\":[{\"id\":0,\"position\":{\"x\":930.486564996369,\"y\":67.85766158315178,\"z\":6000,\"width\":343.00653594771245,\"height\":274.2193173565723,\"tabOrder\":4000}}],\"singleVisual\":{\"visualType\":\"basicShape\",\"drillFilterOtherVisuals\":true,\"objects\":{\"general\":[{\"properties\":{\"shapeType\":{\"expr\":{\"Literal\":{\"Value\":\"'rectangle'\"}}}}}],\"fill\":[{\"properties\":{\"show\":{\"expr\":{\"Literal\":{\"Value\":\"true\"}}},\"fillColor\":{\"solid\":{\"color\":{\"expr\":{\"Literal\":{\"Value\":\"'#B9E5F3'\"}}}}},\"transparency\":{\"expr\":{\"Literal\":{\"Value\":\"40D\"}}}}}],\"line\":[{\"properties\":{\"weight\":{\"expr\":{\"Literal\":{\"Value\":\"0D\"}}},\"lineColor\":{\"solid\":{\"color\":{\"expr\":{\"ThemeDataColor\":{\"ColorId\":1,\"Percent\":0}}}}}}}]}}}",
          "filters": "[]",
          "height": 274.22,
          "width": 343.01,
          "x": 930.49,
          "y": 67.86,
          "z": 6000.00
        },
        {
          "config": "{\"name\":\"d4f646f7e081b56a5485\",\"layouts\":[{\"id\":0,\"position\":{\"x\":8.366013071895425,\"y\":5.5773420479302835,\"z\":6000,\"width\":165.46114742193174,\"height\":116.19462599854758,\"tabOrder\":0}}],\"singleVisual\":{\"visualType\":\"card\",\"projections\":{\"Values\":[{\"queryRef\":\"Starship_Measures.Total Cases\"}]},\"prototypeQuery\":{\"Version\":2,\"From\":[{\"Name\":\"s\",\"Entity\":\"Starship_Measures\",\"Type\":0}],\"Select\":[{\"Measure\":{\"Expression\":{\"SourceRef\":{\"Source\":\"s\"}},\"Property\":\"Total Cases\"},\"Name\":\"Starship_Measures.Total Cases\"}],\"OrderBy\":[{\"Direction\":2,\"Expression\":{\"Measure\":{\"Expression\":{\"SourceRef\":{\"Source\":\"s\"}},\"Property\":\"Total Cases\"}}}]},\"drillFilterOtherVisuals\":true,\"hasDefaultSort\":true,\"objects\":{\"labels\":[{\"properties\":{\"fontSize\":{\"expr\":{\"Literal\":{\"Value\":\"'40'\"}}},\"fontFamily\":{\"expr\":{\"Literal\":{\"Value\":\"'''Segoe UI'', wf_segoe-ui_normal, helvetica, arial, sans-serif'\"}}},\"color\":{\"solid\":{\"color\":{\"expr\":{\"ThemeDataColor\":{\"ColorId\":0,\"Percent\":0}}}}}}}],\"categoryLabels\":[{\"properties\":{\"show\":{\"expr\":{\"Literal\":{\"Value\":\"false\"}}}}}]},\"vcObjects\":{\"title\":[{\"properties\":{\"show\":{\"expr\":{\"Literal\":{\"Value\":\"true\"}}},\"text\":{\"expr\":{\"Literal\":{\"Value\":\"'Total Acute Respiratory Cases'\"}}},\"alignment\":{\"expr\":{\"Literal\":{\"Value\":\"'center'\"}}},\"fontColor\":{\"solid\":{\"color\":{\"expr\":{\"ThemeDataColor\":{\"ColorId\":0,\"Percent\":0}}}}},\"background\":{\"solid\":{\"color\":{\"expr\":{\"ThemeDataColor\":{\"ColorId\":2,\"Percent\":0.6}}}}}}}],\"background\":[{\"properties\":{\"color\":{\"solid\":{\"color\":{\"expr\":{\"ThemeDataColor\":{\"ColorId\":2,\"Percent\":0.6}}}}}}}],\"visualTooltip\":[{\"properties\":{\"show\":{\"expr\":{\"Literal\":{\"Value\":\"true\"}}},\"section\":{\"expr\":{\"Literal\":{\"Value\":\"'ReportSection1ec579ce801dca195684'\"}}}}}]}},\"parentGroupName\":\"832e9408199ac67257fe\"}",
          "filters": "[]",
          "height": 116.19,
          "width": 165.46,
          "x": 8.37,
          "y": 5.58,
          "z": 6000.00
        },
        {
          "config": "{\"name\":\"e11afce80a42db23a6a2\",\"layouts\":[{\"id\":0,\"position\":{\"x\":23.238925199709517,\"y\":85.51924473493102,\"z\":13000,\"width\":166.39070442992013,\"height\":114.33551198257082,\"tabOrder\":11000}}],\"singleVisual\":{\"visualType\":\"card\",\"projections\":{\"Values\":[{\"queryRef\":\"Starship_Measures.Not Confirmed COVID HITH CASES\"}]},\"prototypeQuery\":{\"Version\":2,\"From\":[{\"Name\":\"s\",\"Entity\":\"Starship_Measures\",\"Type\":0}],\"Select\":[{\"Measure\":{\"Expression\":{\"SourceRef\":{\"Source\":\"s\"}},\"Property\":\"Not Confirmed COVID HITH CASES\"},\"Name\":\"Starship_Measures.Not Confirmed COVID HITH CASES\"}],\"OrderBy\":[{\"Direction\":2,\"Expression\":{\"Measure\":{\"Expression\":{\"SourceRef\":{\"Source\":\"s\"}},\"Property\":\"Not Confirmed COVID HITH CASES\"}}}]},\"drillFilterOtherVisuals\":true,\"filterSortOrder\":3,\"hasDefaultSort\":true,\"objects\":{\"labels\":[{\"properties\":{\"fontSize\":{\"expr\":{\"Literal\":{\"Value\":\"'40'\"}}},\"fontFamily\":{\"expr\":{\"Literal\":{\"Value\":\"'''Segoe UI'', wf_segoe-ui_normal, helvetica, arial, sans-serif'\"}}},\"color\":{\"solid\":{\"color\":{\"expr\":{\"ThemeDataColor\":{\"ColorId\":0,\"Percent\":0}}}}}}}],\"categoryLabels\":[{\"properties\":{\"show\":{\"expr\":{\"Literal\":{\"Value\":\"false\"}}}}}]},\"vcObjects\":{\"title\":[{\"properties\":{\"show\":{\"expr\":{\"Literal\":{\"Value\":\"true\"}}},\"text\":{\"expr\":{\"Literal\":{\"Value\":\"'Not Confirmed COVID HITH CASES'\"}}},\"alignment\":{\"expr\":{\"Literal\":{\"Value\":\"'center'\"}}},\"fontColor\":{\"solid\":{\"color\":{\"expr\":{\"ThemeDataColor\":{\"ColorId\":0,\"Percent\":0}}}}}}}],\"background\":[{\"properties\":{\"color\":{\"solid\":{\"color\":{\"expr\":{\"ThemeDataColor\":{\"ColorId\":0,\"Percent\":-0.3}}}}}}}],\"visualTooltip\":[{\"properties\":{\"show\":{\"expr\":{\"Literal\":{\"Value\":\"true\"}}},\"section\":{\"expr\":{\"Literal\":{\"Value\":\"'ReportSection91ee30d0a703a5286124'\"}}}}}]}}}",
          "filters": "[{\"name\":\"Filter50c9de720271e042f584\",\"expression\":{\"Measure\":{\"Expression\":{\"SourceRef\":{\"Entity\":\"HITH_Union\"}},\"Property\":\"ADHB 'Not a Case' Cases\"}},\"type\":\"Advanced\",\"howCreated\":1,\"isHiddenInViewMode\":false,\"ordinal\":0}]",
          "height": 114.34,
          "width": 166.39,
          "x": 23.24,
          "y": 85.52,
          "z": 13000.00
        },
        {
          "config": "{\"name\":\"e3e930b4d90ae201d586\",\"layouts\":[{\"id\":0,\"position\":{\"x\":749.2229484386348,\"y\":80.87145969498911,\"z\":9000,\"width\":169.17937545388529,\"height\":63.20987654320988,\"tabOrder\":7000}}],\"singleVisual\":{\"visualType\":\"slicer\",\"projections\":{\"Values\":[{\"queryRef\":\"HITH_2.NHI\",\"active\":true}]},\"prototypeQuery\":{\"Version\":2,\"From\":[{\"Name\":\"h\",\"Entity\":\"Starship HITH\",\"Type\":0}],\"Select\":[{\"Column\":{\"Expression\":{\"SourceRef\":{\"Source\":\"h\"}},\"Property\":\"NHI\"},\"Name\":\"HITH_2.NHI\"}]},\"columnProperties\":{\"ADHB_IMT_new.Report Status\":{\"displayName\":\"Status\"}},\"drillFilterOtherVisuals\":true,\"objects\":{\"general\":[{\"properties\":{\"selfFilterEnabled\":{\"expr\":{\"Literal\":{\"Value\":\"true\"}}}}}],\"data\":[{\"properties\":{\"mode\":{\"expr\":{\"Literal\":{\"Value\":\"'Dropdown'\"}}},\"isInvertedSelectionMode\":{\"expr\":{\"Literal\":{\"Value\":\"true\"}}}}}],\"selection\":[{\"properties\":{\"singleSelect\":{\"expr\":{\"Literal\":{\"Value\":\"false\"}}},\"selectAllCheckboxEnabled\":{\"expr\":{\"Literal\":{\"Value\":\"true\"}}}}}],\"items\":[{\"properties\":{\"fontColor\":{\"solid\":{\"color\":{\"expr\":{\"ThemeDataColor\":{\"ColorId\":1,\"Percent\":0}}}}},\"background\":{\"solid\":{\"color\":{\"expr\":{\"ThemeDataColor\":{\"ColorId\":0,\"Percent\":0}}}}}}}]},\"vcObjects\":{\"border\":[{\"properties\":{\"show\":{\"expr\":{\"Literal\":{\"Value\":\"false\"}}}}}],\"background\":[{\"properties\":{\"show\":{\"expr\":{\"Literal\":{\"Value\":\"true\"}}},\"color\":{\"solid\":{\"color\":{\"expr\":{\"Literal\":{\"Value\":\"'#d5eff8'\"}}}}}}}]}}}",
          "filters": "[]",
          "height": 63.21,
          "width": 169.18,
          "x": 749.22,
          "y": 80.87,
          "z": 9000.00
        },
        {
          "config": "{\"name\":\"f1206b098279dc67e88b\",\"layouts\":[{\"id\":0,\"position\":{\"x\":991.8373275236021,\"y\":31.60493827160494,\"z\":7000,\"width\":211.0094408133624,\"height\":32.53449527959332,\"tabOrder\":5000}}],\"singleVisual\":{\"visualType\":\"textbox\",\"drillFilterOtherVisuals\":true,\"objects\":{\"general\":[{\"properties\":{\"paragraphs\":[{\"textRuns\":[{\"value\":\"Developed by Data & Analytics, HIT\",\"textStyle\":{\"fontSize\":\"9pt\",\"color\":\"#0050a0\"}}]}]}}]},\"vcObjects\":{\"background\":[{\"properties\":{\"show\":{\"expr\":{\"Literal\":{\"Value\":\"false\"}}}}}],\"visualHeader\":[{\"properties\":{\"show\":{\"expr\":{\"Literal\":{\"Value\":\"false\"}}}}}]}}}",
          "filters": "[]",
          "height": 32.53,
          "width": 211.01,
          "x": 991.84,
          "y": 31.60,
          "z": 7000.00
        },
        {
          "config": "{\"name\":\"f13e2bc1034912717aa9\",\"layouts\":[{\"id\":0,\"position\":{\"x\":196.07531448634052,\"y\":79.9419026870009,\"z\":3000,\"width\":183,\"height\":127,\"tabOrder\":15000}}],\"singleVisualGroup\":{\"displayName\":\"Group 3\",\"groupMode\":0}}",
          "height": 127.00,
          "width": 183.00,
          "x": 196.08,
          "y": 79.94,
          "z": 3000.00
        }
      ],
      "width": 1280.00
    }
  ]
}